year,district_id,district_name,neighbourhood_id,neighbourhood_name,census_section,unit_cadastral_value,income_per_capita,total_dwellings,small_dwellings,pct_small_dwellings,affordability_ratio,affordability_category
2018,1,Ciutat Vella,1,el Raval,1,974.3,13823.0,819,435,53.11,0.0705,Critical
2018,1,Ciutat Vella,1,el Raval,2,902.2,10919.0,700,356,50.86,0.0826,Critical
2018,1,Ciutat Vella,1,el Raval,3,846.3,11244.0,1331,842,63.26,0.0753,Critical
2018,1,Ciutat Vella,1,el Raval,4,873.2,14434.0,1461,750,51.33,0.0605,Critical
2018,1,Ciutat Vella,1,el Raval,5,888.9,11592.0,1244,463,37.22,0.0767,Critical
2018,1,Ciutat Vella,1,el Raval,6,781.3,13895.0,909,394,43.34,0.0562,Critical
2018,1,Ciutat Vella,1,el Raval,7,828.2,12456.0,887,421,47.46,0.0665,Critical
2018,1,Ciutat Vella,1,el Raval,8,805.8,9713.0,1258,951,75.6,0.083,Critical
2018,1,Ciutat Vella,1,el Raval,9,830.3,11922.0,1015,611,60.2,0.0696,Critical
2018,1,Ciutat Vella,1,el Raval,10,765.2,10565.0,965,747,77.41,0.0724,Critical
2018,1,Ciutat Vella,1,el Raval,11,842.4,10353.0,1545,1178,76.25,0.0814,Critical
2018,1,Ciutat Vella,1,el Raval,12,902.5,12881.0,1060,710,66.98,0.0701,Critical
2018,1,Ciutat Vella,1,el Raval,13,916.3,13797.0,621,241,38.81,0.0664,Critical
2018,1,Ciutat Vella,1,el Raval,14,850.5,12349.0,817,474,58.02,0.0689,Critical
2018,1,Ciutat Vella,1,el Raval,15,867.6,12385.0,1090,671,61.56,0.0701,Critical
2018,1,Ciutat Vella,1,el Raval,16,860.5,12105.0,1048,683,65.17,0.0711,Critical
2018,1,Ciutat Vella,1,el Raval,17,803.8,11824.0,1186,840,70.83,0.068,Critical
2018,1,Ciutat Vella,1,el Raval,18,912.4,12363.0,685,309,45.11,0.0738,Critical
2018,1,Ciutat Vella,1,el Raval,19,944.1,12033.0,1577,899,57.01,0.0785,Critical
2018,1,Ciutat Vella,1,el Raval,20,934.0,18655.0,1325,364,27.47,0.0501,Critical
2018,1,Ciutat Vella,1,el Raval,21,1192.0,18502.0,1569,613,39.07,0.0644,Critical
2018,1,Ciutat Vella,2,el Gòtic,22,1542.9,22565.0,883,193,21.86,0.0684,Critical
2018,1,Ciutat Vella,2,el Gòtic,23,1229.5,18206.0,1560,553,35.45,0.0675,Critical
2018,1,Ciutat Vella,2,el Gòtic,25,1043.4,17964.0,1096,379,34.58,0.0581,Critical
2018,1,Ciutat Vella,2,el Gòtic,26,924.1,17588.0,1072,411,38.34,0.0525,Critical
2018,1,Ciutat Vella,2,el Gòtic,27,931.6,15630.0,1032,325,31.49,0.0596,Critical
2018,1,Ciutat Vella,2,el Gòtic,28,1130.0,16220.0,1322,505,38.2,0.0697,Critical
2018,1,Ciutat Vella,2,el Gòtic,29,896.6,14475.0,889,307,34.53,0.0619,Critical
2018,1,Ciutat Vella,2,el Gòtic,30,940.0,13746.0,1362,364,26.73,0.0684,Critical
2018,1,Ciutat Vella,2,el Gòtic,31,930.8,16152.0,1116,404,36.2,0.0576,Critical
2018,1,Ciutat Vella,3,la Barceloneta,32,1222.3,17612.0,1237,962,77.77,0.0694,Critical
2018,1,Ciutat Vella,3,la Barceloneta,33,1229.4,14224.0,707,586,82.89,0.0864,Critical
2018,1,Ciutat Vella,3,la Barceloneta,34,1195.7,15433.0,695,638,91.8,0.0775,Critical
2018,1,Ciutat Vella,3,la Barceloneta,35,1180.6,15160.0,770,708,91.95,0.0779,Critical
2018,1,Ciutat Vella,3,la Barceloneta,36,1366.3,15971.0,788,519,65.86,0.0855,Critical
2018,1,Ciutat Vella,3,la Barceloneta,37,1159.9,15742.0,672,381,56.7,0.0737,Critical
2018,1,Ciutat Vella,3,la Barceloneta,38,1171.4,15057.0,928,858,92.46,0.0778,Critical
2018,1,Ciutat Vella,3,la Barceloneta,39,1182.5,16697.0,783,454,57.98,0.0708,Critical
2018,1,Ciutat Vella,3,la Barceloneta,40,1275.2,17448.0,702,578,82.34,0.0731,Critical
2018,1,Ciutat Vella,3,la Barceloneta,41,1187.1,14711.0,1021,934,91.48,0.0807,Critical
2018,1,Ciutat Vella,3,la Barceloneta,42,1266.8,16550.0,857,427,49.82,0.0765,Critical
2018,1,Ciutat Vella,4,"Sant Pere, Santa Caterina i la Ribera",43,1206.7,22890.0,1153,349,30.27,0.0527,Critical
2018,1,Ciutat Vella,4,"Sant Pere, Santa Caterina i la Ribera",44,1111.2,21255.0,950,311,32.74,0.0523,Critical
2018,1,Ciutat Vella,4,"Sant Pere, Santa Caterina i la Ribera",45,1016.6,17201.0,1485,747,50.3,0.0591,Critical
2018,1,Ciutat Vella,4,"Sant Pere, Santa Caterina i la Ribera",46,1083.8,18899.0,1242,580,46.7,0.0573,Critical
2018,1,Ciutat Vella,4,"Sant Pere, Santa Caterina i la Ribera",47,965.9,14990.0,1253,737,58.82,0.0644,Critical
2018,1,Ciutat Vella,4,"Sant Pere, Santa Caterina i la Ribera",48,945.4,13325.0,1348,766,56.82,0.0709,Critical
2018,1,Ciutat Vella,4,"Sant Pere, Santa Caterina i la Ribera",49,1040.2,16845.0,765,226,29.54,0.0618,Critical
2018,1,Ciutat Vella,4,"Sant Pere, Santa Caterina i la Ribera",50,937.5,16540.0,922,483,52.39,0.0567,Critical
2018,1,Ciutat Vella,4,"Sant Pere, Santa Caterina i la Ribera",51,912.8,13718.0,1114,715,64.18,0.0665,Critical
2018,1,Ciutat Vella,4,"Sant Pere, Santa Caterina i la Ribera",52,1068.6,24205.0,1330,292,21.95,0.0441,Pressured
2018,1,Ciutat Vella,4,"Sant Pere, Santa Caterina i la Ribera",53,974.4,15856.0,1333,802,60.17,0.0615,Critical
2018,1,Ciutat Vella,4,"Sant Pere, Santa Caterina i la Ribera",54,1036.3,16889.0,860,534,62.09,0.0614,Critical
2018,1,Ciutat Vella,4,"Sant Pere, Santa Caterina i la Ribera",55,1070.7,19320.0,684,176,25.73,0.0554,Critical
2018,2,Eixample,5,el Fort Pienc,1,1113.7,21700.0,595,186,31.26,0.0513,Critical
2018,2,Eixample,5,el Fort Pienc,2,1110.0,21731.0,895,220,24.58,0.0511,Critical
2018,2,Eixample,5,el Fort Pienc,3,1082.3,23893.0,536,147,27.43,0.0453,Pressured
2018,2,Eixample,5,el Fort Pienc,4,1037.7,18304.0,621,36,5.8,0.0567,Critical
2018,2,Eixample,5,el Fort Pienc,5,1086.8,23931.0,1001,61,6.09,0.0454,Pressured
2018,2,Eixample,5,el Fort Pienc,6,1189.8,23630.0,829,64,7.72,0.0504,Critical
2018,2,Eixample,5,el Fort Pienc,7,1186.8,26857.0,612,136,22.22,0.0442,Pressured
2018,2,Eixample,5,el Fort Pienc,8,1085.3,23212.0,846,48,5.67,0.0468,Pressured
2018,2,Eixample,5,el Fort Pienc,9,1085.1,22745.0,792,191,24.12,0.0477,Critical
2018,2,Eixample,5,el Fort Pienc,10,1000.1,21331.0,543,31,5.71,0.0469,Pressured
2018,2,Eixample,5,el Fort Pienc,11,1080.8,24566.0,553,100,18.08,0.044,Pressured
2018,2,Eixample,5,el Fort Pienc,12,1045.6,18534.0,679,91,13.4,0.0564,Critical
2018,2,Eixample,5,el Fort Pienc,13,955.7,19920.0,598,259,43.31,0.048,Critical
2018,2,Eixample,5,el Fort Pienc,14,974.1,18526.0,689,103,14.95,0.0526,Critical
2018,2,Eixample,5,el Fort Pienc,15,987.7,18857.0,759,197,25.96,0.0524,Critical
2018,2,Eixample,5,el Fort Pienc,16,1053.6,25312.0,940,212,22.55,0.0416,Moderate
2018,2,Eixample,5,el Fort Pienc,17,1150.4,24008.0,933,100,10.72,0.0479,Critical
2018,2,Eixample,5,el Fort Pienc,18,1151.7,25015.0,940,129,13.72,0.046,Pressured
2018,2,Eixample,5,el Fort Pienc,19,1091.2,22153.0,949,99,10.43,0.0493,Critical
2018,2,Eixample,5,el Fort Pienc,20,1040.5,19886.0,825,409,49.58,0.0523,Critical
2018,2,Eixample,6,la Sagrada Família,21,956.4,21253.0,812,270,33.25,0.045,Pressured
2018,2,Eixample,6,la Sagrada Família,22,981.9,21921.0,629,124,19.71,0.0448,Pressured
2018,2,Eixample,6,la Sagrada Família,23,1027.0,22719.0,537,169,31.47,0.0452,Pressured
2018,2,Eixample,6,la Sagrada Família,24,961.4,19623.0,609,138,22.66,0.049,Critical
2018,2,Eixample,6,la Sagrada Família,25,1031.9,19304.0,668,243,36.38,0.0535,Critical
2018,2,Eixample,6,la Sagrada Família,26,1040.1,21915.0,1060,281,26.51,0.0475,Critical
2018,2,Eixample,6,la Sagrada Família,27,1027.5,22436.0,994,110,11.07,0.0458,Pressured
2018,2,Eixample,6,la Sagrada Família,28,1017.9,24053.0,1112,408,36.69,0.0423,Moderate
2018,2,Eixample,6,la Sagrada Família,29,1017.4,21043.0,608,91,14.97,0.0483,Critical
2018,2,Eixample,6,la Sagrada Família,30,994.0,17197.0,629,92,14.63,0.0578,Critical
2018,2,Eixample,6,la Sagrada Família,31,1069.1,24982.0,508,70,13.78,0.0428,Moderate
2018,2,Eixample,6,la Sagrada Família,32,923.8,21400.0,541,132,24.4,0.0432,Moderate
2018,2,Eixample,6,la Sagrada Família,33,1025.6,22438.0,638,255,39.97,0.0457,Pressured
2018,2,Eixample,6,la Sagrada Família,34,1014.8,19082.0,651,258,39.63,0.0532,Critical
2018,2,Eixample,6,la Sagrada Família,35,1028.6,22253.0,694,92,13.26,0.0462,Pressured
2018,2,Eixample,6,la Sagrada Família,36,1023.6,24482.0,589,149,25.3,0.0418,Moderate
2018,2,Eixample,6,la Sagrada Família,37,1060.0,25253.0,579,121,20.9,0.042,Moderate
2018,2,Eixample,6,la Sagrada Família,38,1072.1,24265.0,784,253,32.27,0.0442,Pressured
2018,2,Eixample,6,la Sagrada Família,39,1035.8,21592.0,922,225,24.4,0.048,Critical
2018,2,Eixample,6,la Sagrada Família,40,1017.4,19817.0,839,401,47.79,0.0513,Critical
2018,2,Eixample,6,la Sagrada Família,41,1045.3,21741.0,831,251,30.2,0.0481,Critical
2018,2,Eixample,6,la Sagrada Família,42,1048.8,25715.0,786,58,7.38,0.0408,Moderate
2018,2,Eixample,6,la Sagrada Família,43,1108.0,23637.0,687,105,15.28,0.0469,Pressured
2018,2,Eixample,6,la Sagrada Família,44,1041.2,19565.0,582,140,24.05,0.0532,Critical
2018,2,Eixample,6,la Sagrada Família,45,1061.7,22734.0,574,188,32.75,0.0467,Pressured
2018,2,Eixample,6,la Sagrada Família,46,979.5,20106.0,1023,122,11.93,0.0487,Critical
2018,2,Eixample,6,la Sagrada Família,47,1069.3,21211.0,895,186,20.78,0.0504,Critical
2018,2,Eixample,6,la Sagrada Família,48,1060.7,21187.0,602,119,19.77,0.0501,Critical
2018,2,Eixample,6,la Sagrada Família,49,1089.5,19983.0,1096,474,43.25,0.0545,Critical
2018,2,Eixample,6,la Sagrada Família,50,1011.0,21494.0,924,347,37.55,0.047,Pressured
2018,2,Eixample,6,la Sagrada Família,51,903.6,20767.0,1041,248,23.82,0.0435,Pressured
2018,2,Eixample,6,la Sagrada Família,52,1153.0,22232.0,1024,297,29.0,0.0519,Critical
2018,2,Eixample,6,la Sagrada Família,53,1142.8,23877.0,1076,306,28.44,0.0479,Critical
2018,2,Eixample,6,la Sagrada Família,54,1121.5,23604.0,965,196,20.31,0.0475,Critical
2018,2,Eixample,7,la Dreta de l'Eixample,55,1154.0,23625.0,1018,177,17.39,0.0488,Critical
2018,2,Eixample,7,la Dreta de l'Eixample,56,1187.3,24333.0,733,139,18.96,0.0488,Critical
2018,2,Eixample,7,la Dreta de l'Eixample,57,1242.1,30251.0,602,44,7.31,0.0411,Moderate
2018,2,Eixample,7,la Dreta de l'Eixample,58,1230.1,27291.0,761,67,8.8,0.0451,Pressured
2018,2,Eixample,7,la Dreta de l'Eixample,59,1233.7,27992.0,770,59,7.66,0.0441,Pressured
2018,2,Eixample,7,la Dreta de l'Eixample,60,1167.4,23892.0,915,113,12.35,0.0489,Critical
2018,2,Eixample,7,la Dreta de l'Eixample,61,1214.8,23682.0,722,222,30.75,0.0513,Critical
2018,2,Eixample,7,la Dreta de l'Eixample,62,1254.8,28561.0,831,76,9.15,0.0439,Pressured
2018,2,Eixample,7,la Dreta de l'Eixample,63,1324.2,34169.0,656,49,7.47,0.0388,Affordable
2018,2,Eixample,7,la Dreta de l'Eixample,64,1294.7,30114.0,665,42,6.32,0.043,Moderate
2018,2,Eixample,7,la Dreta de l'Eixample,65,1252.8,27159.0,959,139,14.49,0.0461,Pressured
2018,2,Eixample,7,la Dreta de l'Eixample,66,1153.6,24991.0,908,158,17.4,0.0462,Pressured
2018,2,Eixample,7,la Dreta de l'Eixample,67,1131.2,22549.0,1036,307,29.63,0.0502,Critical
2018,2,Eixample,7,la Dreta de l'Eixample,68,1172.7,23557.0,881,174,19.75,0.0498,Critical
2018,2,Eixample,7,la Dreta de l'Eixample,69,1273.9,24283.0,717,85,11.85,0.0525,Critical
2018,2,Eixample,7,la Dreta de l'Eixample,70,1234.1,26401.0,750,127,16.93,0.0467,Pressured
2018,2,Eixample,7,la Dreta de l'Eixample,71,1265.5,30248.0,878,64,7.29,0.0418,Moderate
2018,2,Eixample,7,la Dreta de l'Eixample,72,1302.4,33171.0,601,45,7.49,0.0393,Affordable
2018,2,Eixample,7,la Dreta de l'Eixample,73,1239.3,29641.0,887,118,13.3,0.0418,Moderate
2018,2,Eixample,7,la Dreta de l'Eixample,74,1170.9,30447.0,670,55,8.21,0.0385,Affordable
2018,2,Eixample,7,la Dreta de l'Eixample,75,1211.0,26381.0,727,98,13.48,0.0459,Pressured
2018,2,Eixample,7,la Dreta de l'Eixample,76,1258.0,30501.0,874,90,10.3,0.0412,Moderate
2018,2,Eixample,7,la Dreta de l'Eixample,77,1819.7,29219.0,1138,164,14.41,0.0623,Critical
2018,2,Eixample,7,la Dreta de l'Eixample,78,2079.2,31565.0,930,159,17.1,0.0659,Critical
2018,2,Eixample,7,la Dreta de l'Eixample,79,1795.3,33157.0,993,113,11.38,0.0541,Critical
2018,2,Eixample,7,la Dreta de l'Eixample,80,1799.2,34490.0,980,119,12.14,0.0522,Critical
2018,2,Eixample,7,la Dreta de l'Eixample,81,1819.4,33111.0,1497,149,9.95,0.0549,Critical
2018,2,Eixample,7,la Dreta de l'Eixample,82,1816.2,30313.0,694,59,8.5,0.0599,Critical
2018,2,Eixample,7,la Dreta de l'Eixample,83,1779.1,41197.0,1421,206,14.5,0.0432,Moderate
2018,2,Eixample,8,l'Antiga Esquerra de l'Eixample,84,1268.5,28502.0,1183,180,15.22,0.0445,Pressured
2018,2,Eixample,8,l'Antiga Esquerra de l'Eixample,85,1286.3,27916.0,1007,112,11.12,0.0461,Pressured
2018,2,Eixample,8,l'Antiga Esquerra de l'Eixample,86,1254.6,30253.0,848,72,8.49,0.0415,Moderate
2018,2,Eixample,8,l'Antiga Esquerra de l'Eixample,87,1252.9,27222.0,844,132,15.64,0.046,Pressured
2018,2,Eixample,8,l'Antiga Esquerra de l'Eixample,88,1297.5,28134.0,969,158,16.31,0.0461,Pressured
2018,2,Eixample,8,l'Antiga Esquerra de l'Eixample,89,1274.7,27173.0,1087,164,15.09,0.0469,Pressured
2018,2,Eixample,8,l'Antiga Esquerra de l'Eixample,90,1241.5,23989.0,952,173,18.17,0.0518,Critical
2018,2,Eixample,8,l'Antiga Esquerra de l'Eixample,91,1258.8,26959.0,1087,157,14.44,0.0467,Pressured
2018,2,Eixample,8,l'Antiga Esquerra de l'Eixample,92,1223.6,24816.0,958,169,17.64,0.0493,Critical
2018,2,Eixample,8,l'Antiga Esquerra de l'Eixample,93,1273.4,26288.0,853,131,15.36,0.0484,Critical
2018,2,Eixample,8,l'Antiga Esquerra de l'Eixample,94,1301.0,25983.0,755,99,13.11,0.0501,Critical
2018,2,Eixample,8,l'Antiga Esquerra de l'Eixample,95,1217.9,25590.0,782,145,18.54,0.0476,Critical
2018,2,Eixample,8,l'Antiga Esquerra de l'Eixample,96,1253.8,23713.0,735,152,20.68,0.0529,Critical
2018,2,Eixample,8,l'Antiga Esquerra de l'Eixample,97,1247.7,23164.0,656,181,27.59,0.0539,Critical
2018,2,Eixample,8,l'Antiga Esquerra de l'Eixample,98,1236.1,24206.0,832,82,9.86,0.0511,Critical
2018,2,Eixample,8,l'Antiga Esquerra de l'Eixample,99,1244.7,26544.0,763,122,15.99,0.0469,Pressured
2018,2,Eixample,8,l'Antiga Esquerra de l'Eixample,100,1344.4,25894.0,732,138,18.85,0.0519,Critical
2018,2,Eixample,8,l'Antiga Esquerra de l'Eixample,101,1279.8,24787.0,1119,164,14.66,0.0516,Critical
2018,2,Eixample,8,l'Antiga Esquerra de l'Eixample,102,1274.3,29614.0,736,76,10.33,0.043,Moderate
2018,2,Eixample,8,l'Antiga Esquerra de l'Eixample,103,1280.0,21799.0,957,291,30.41,0.0587,Critical
2018,2,Eixample,8,l'Antiga Esquerra de l'Eixample,104,1343.4,27682.0,590,9,1.53,0.0485,Critical
2018,2,Eixample,8,l'Antiga Esquerra de l'Eixample,105,1254.3,22405.0,1165,99,8.5,0.056,Critical
2018,2,Eixample,8,l'Antiga Esquerra de l'Eixample,106,1286.8,28090.0,822,216,26.28,0.0458,Pressured
2018,2,Eixample,8,l'Antiga Esquerra de l'Eixample,107,1329.9,29752.0,966,81,8.39,0.0447,Pressured
2018,2,Eixample,8,l'Antiga Esquerra de l'Eixample,108,1367.0,32828.0,881,122,13.85,0.0416,Moderate
2018,2,Eixample,8,l'Antiga Esquerra de l'Eixample,109,1398.5,32485.0,1162,68,5.85,0.0431,Moderate
2018,2,Eixample,9,la Nova Esquerra de l'Eixample,110,1243.6,24427.0,1109,295,26.6,0.0509,Critical
2018,2,Eixample,9,la Nova Esquerra de l'Eixample,111,1216.4,25247.0,999,251,25.13,0.0482,Critical
2018,2,Eixample,9,la Nova Esquerra de l'Eixample,112,1395.2,29311.0,652,17,2.61,0.0476,Critical
2018,2,Eixample,9,la Nova Esquerra de l'Eixample,113,1244.6,29533.0,1123,48,4.27,0.0421,Moderate
2018,2,Eixample,9,la Nova Esquerra de l'Eixample,114,1161.2,24446.0,882,80,9.07,0.0475,Critical
2018,2,Eixample,9,la Nova Esquerra de l'Eixample,115,1107.4,22365.0,753,166,22.05,0.0495,Critical
2018,2,Eixample,9,la Nova Esquerra de l'Eixample,116,1212.3,29050.0,497,28,5.63,0.0417,Moderate
2018,2,Eixample,9,la Nova Esquerra de l'Eixample,117,1223.3,25612.0,612,44,7.19,0.0478,Critical
2018,2,Eixample,9,la Nova Esquerra de l'Eixample,118,1281.8,27924.0,696,69,9.91,0.0459,Pressured
2018,2,Eixample,9,la Nova Esquerra de l'Eixample,119,1143.0,25383.0,636,44,6.92,0.045,Pressured
2018,2,Eixample,9,la Nova Esquerra de l'Eixample,120,1142.8,23879.0,628,156,24.84,0.0479,Critical
2018,2,Eixample,9,la Nova Esquerra de l'Eixample,121,1171.3,26141.0,641,163,25.43,0.0448,Pressured
2018,2,Eixample,9,la Nova Esquerra de l'Eixample,122,1189.9,28554.0,537,120,22.35,0.0417,Moderate
2018,2,Eixample,9,la Nova Esquerra de l'Eixample,123,1140.6,26614.0,640,199,31.09,0.0429,Moderate
2018,2,Eixample,9,la Nova Esquerra de l'Eixample,124,1141.4,26216.0,569,70,12.3,0.0435,Pressured
2018,2,Eixample,9,la Nova Esquerra de l'Eixample,125,1259.0,24388.0,822,57,6.93,0.0516,Critical
2018,2,Eixample,9,la Nova Esquerra de l'Eixample,126,1212.5,26187.0,736,53,7.2,0.0463,Pressured
2018,2,Eixample,9,la Nova Esquerra de l'Eixample,127,1127.5,23562.0,730,273,37.4,0.0479,Critical
2018,2,Eixample,9,la Nova Esquerra de l'Eixample,128,1163.2,22505.0,694,267,38.47,0.0517,Critical
2018,2,Eixample,9,la Nova Esquerra de l'Eixample,129,1196.4,24039.0,778,208,26.74,0.0498,Critical
2018,2,Eixample,9,la Nova Esquerra de l'Eixample,130,1383.8,33911.0,495,2,0.4,0.0408,Moderate
2018,2,Eixample,9,la Nova Esquerra de l'Eixample,131,1139.3,23050.0,609,66,10.84,0.0494,Critical
2018,2,Eixample,9,la Nova Esquerra de l'Eixample,132,1158.4,22831.0,537,149,27.75,0.0507,Critical
2018,2,Eixample,9,la Nova Esquerra de l'Eixample,133,1204.3,24012.0,442,15,3.39,0.0502,Critical
2018,2,Eixample,9,la Nova Esquerra de l'Eixample,134,1190.7,22979.0,756,223,29.5,0.0518,Critical
2018,2,Eixample,9,la Nova Esquerra de l'Eixample,135,1116.7,20415.0,1128,385,34.13,0.0547,Critical
2018,2,Eixample,9,la Nova Esquerra de l'Eixample,136,1142.5,25053.0,431,92,21.35,0.0456,Pressured
2018,2,Eixample,9,la Nova Esquerra de l'Eixample,137,1150.9,20910.0,711,175,24.61,0.055,Critical
2018,2,Eixample,9,la Nova Esquerra de l'Eixample,138,1161.6,24566.0,960,115,11.98,0.0473,Pressured
2018,2,Eixample,9,la Nova Esquerra de l'Eixample,139,1147.9,21690.0,964,341,35.37,0.0529,Critical
2018,2,Eixample,9,la Nova Esquerra de l'Eixample,140,1088.8,23607.0,971,115,11.84,0.0461,Pressured
2018,2,Eixample,9,la Nova Esquerra de l'Eixample,141,1069.8,21909.0,582,93,15.98,0.0488,Critical
2018,2,Eixample,9,la Nova Esquerra de l'Eixample,142,1113.9,20464.0,1073,259,24.14,0.0544,Critical
2018,2,Eixample,9,la Nova Esquerra de l'Eixample,143,1082.7,23784.0,728,141,19.37,0.0455,Pressured
2018,2,Eixample,9,la Nova Esquerra de l'Eixample,144,1105.8,24121.0,742,27,3.64,0.0458,Pressured
2018,2,Eixample,9,la Nova Esquerra de l'Eixample,145,1111.9,23172.0,585,55,9.4,0.048,Critical
2018,2,Eixample,9,la Nova Esquerra de l'Eixample,146,1144.2,23480.0,532,43,8.08,0.0487,Critical
2018,2,Eixample,9,la Nova Esquerra de l'Eixample,147,1128.1,21635.0,1031,251,24.35,0.0521,Critical
2018,2,Eixample,9,la Nova Esquerra de l'Eixample,148,1135.5,24257.0,850,140,16.47,0.0468,Pressured
2018,2,Eixample,9,la Nova Esquerra de l'Eixample,149,1105.1,23893.0,860,125,14.53,0.0463,Pressured
2018,2,Eixample,10,Sant Antoni,150,1066.1,20900.0,715,169,23.64,0.051,Critical
2018,2,Eixample,10,Sant Antoni,151,1066.7,21890.0,758,155,20.45,0.0487,Critical
2018,2,Eixample,10,Sant Antoni,152,1080.2,24872.0,631,106,16.8,0.0434,Moderate
2018,2,Eixample,10,Sant Antoni,153,1087.4,23608.0,656,96,14.63,0.0461,Pressured
2018,2,Eixample,10,Sant Antoni,154,1048.9,18884.0,526,146,27.76,0.0555,Critical
2018,2,Eixample,10,Sant Antoni,155,1052.8,20589.0,847,134,15.82,0.0511,Critical
2018,2,Eixample,10,Sant Antoni,156,1114.6,21960.0,603,32,5.31,0.0508,Critical
2018,2,Eixample,10,Sant Antoni,157,1051.3,19563.0,593,157,26.48,0.0537,Critical
2018,2,Eixample,10,Sant Antoni,158,1054.5,22247.0,784,113,14.41,0.0474,Pressured
2018,2,Eixample,10,Sant Antoni,159,1023.1,22661.0,866,80,9.24,0.0451,Pressured
2018,2,Eixample,10,Sant Antoni,160,1054.0,24426.0,1063,211,19.85,0.0432,Moderate
2018,2,Eixample,10,Sant Antoni,161,1032.3,22202.0,615,99,16.1,0.0465,Pressured
2018,2,Eixample,10,Sant Antoni,162,1045.1,20077.0,712,217,30.48,0.0521,Critical
2018,2,Eixample,10,Sant Antoni,163,1121.8,23246.0,949,88,9.27,0.0483,Critical
2018,2,Eixample,10,Sant Antoni,164,1003.1,23440.0,971,191,19.67,0.0428,Moderate
2018,2,Eixample,10,Sant Antoni,165,1021.7,22559.0,940,221,23.51,0.0453,Pressured
2018,2,Eixample,10,Sant Antoni,166,1023.7,21040.0,1119,281,25.11,0.0487,Critical
2018,2,Eixample,10,Sant Antoni,167,1032.9,22141.0,1016,181,17.81,0.0467,Pressured
2018,2,Eixample,10,Sant Antoni,168,1039.9,22407.0,1188,350,29.46,0.0464,Pressured
2018,2,Eixample,10,Sant Antoni,169,996.4,21036.0,790,187,23.67,0.0474,Pressured
2018,2,Eixample,10,Sant Antoni,170,1023.8,20739.0,761,89,11.7,0.0494,Critical
2018,2,Eixample,10,Sant Antoni,171,1070.6,19228.0,809,251,31.03,0.0557,Critical
2018,2,Eixample,10,Sant Antoni,172,1015.9,19644.0,795,280,35.22,0.0517,Critical
2018,2,Eixample,10,Sant Antoni,173,1056.5,21039.0,777,306,39.38,0.0502,Critical
2018,3,Sants-Montjuïc,11,el Poble Sec,1,961.6,18023.0,798,183,22.93,0.0534,Critical
2018,3,Sants-Montjuïc,11,el Poble Sec,2,856.0,16455.0,982,603,61.41,0.052,Critical
2018,3,Sants-Montjuïc,11,el Poble Sec,3,913.8,14849.0,749,452,60.35,0.0615,Critical
2018,3,Sants-Montjuïc,11,el Poble Sec,4,922.7,18349.0,779,358,45.96,0.0503,Critical
2018,3,Sants-Montjuïc,11,el Poble Sec,5,878.7,16499.0,667,280,41.98,0.0533,Critical
2018,3,Sants-Montjuïc,11,el Poble Sec,6,868.4,16390.0,656,303,46.19,0.053,Critical
2018,3,Sants-Montjuïc,11,el Poble Sec,7,883.8,16107.0,774,413,53.36,0.0549,Critical
2018,3,Sants-Montjuïc,11,el Poble Sec,8,847.9,16763.0,602,369,61.3,0.0506,Critical
2018,3,Sants-Montjuïc,11,el Poble Sec,9,948.2,17320.0,546,222,40.66,0.0547,Critical
2018,3,Sants-Montjuïc,11,el Poble Sec,10,842.6,15950.0,691,225,32.56,0.0528,Critical
2018,3,Sants-Montjuïc,11,el Poble Sec,11,819.7,13166.0,826,610,73.85,0.0623,Critical
2018,3,Sants-Montjuïc,11,el Poble Sec,12,846.2,15258.0,986,463,46.96,0.0555,Critical
2018,3,Sants-Montjuïc,11,el Poble Sec,13,787.1,15453.0,889,550,61.87,0.0509,Critical
2018,3,Sants-Montjuïc,11,el Poble Sec,14,830.4,14681.0,823,475,57.72,0.0566,Critical
2018,3,Sants-Montjuïc,11,el Poble Sec,15,857.4,15453.0,1398,597,42.7,0.0555,Critical
2018,3,Sants-Montjuïc,11,el Poble Sec,16,860.2,14246.0,517,157,30.37,0.0604,Critical
2018,3,Sants-Montjuïc,11,el Poble Sec,17,832.7,14318.0,769,488,63.46,0.0582,Critical
2018,3,Sants-Montjuïc,11,el Poble Sec,18,892.3,15420.0,710,211,29.72,0.0579,Critical
2018,3,Sants-Montjuïc,11,el Poble Sec,19,837.4,15517.0,675,273,40.44,0.054,Critical
2018,3,Sants-Montjuïc,11,el Poble Sec,20,927.8,18920.0,549,25,4.55,0.049,Critical
2018,3,Sants-Montjuïc,11,el Poble Sec,21,925.5,18753.0,481,110,22.87,0.0494,Critical
2018,3,Sants-Montjuïc,11,el Poble Sec,22,910.7,17573.0,690,279,40.43,0.0518,Critical
2018,3,Sants-Montjuïc,11,el Poble Sec,23,873.6,15444.0,833,489,58.7,0.0566,Critical
2018,3,Sants-Montjuïc,11,el Poble Sec,24,840.4,16181.0,1130,672,59.47,0.0519,Critical
2018,3,Sants-Montjuïc,12,la Marina del Prat Vermell,25,617.5,13298.0,776,243,31.31,0.0464,Pressured
2018,3,Sants-Montjuïc,13,la Marina de Port,26,677.7,17785.0,463,8,1.73,0.0381,Affordable
2018,3,Sants-Montjuïc,13,la Marina de Port,27,844.1,18039.0,778,279,35.86,0.0468,Pressured
2018,3,Sants-Montjuïc,13,la Marina de Port,28,956.5,20443.0,1138,275,24.17,0.0468,Pressured
2018,3,Sants-Montjuïc,13,la Marina de Port,29,771.3,15832.0,531,1,0.19,0.0487,Critical
2018,3,Sants-Montjuïc,13,la Marina de Port,30,706.3,17316.0,704,52,7.39,0.0408,Moderate
2018,3,Sants-Montjuïc,13,la Marina de Port,31,703.8,16008.0,1017,109,10.72,0.044,Pressured
2018,3,Sants-Montjuïc,13,la Marina de Port,32,774.5,14932.0,773,272,35.19,0.0519,Critical
2018,3,Sants-Montjuïc,13,la Marina de Port,33,669.6,12806.0,645,277,42.95,0.0523,Critical
2018,3,Sants-Montjuïc,13,la Marina de Port,34,752.9,16687.0,619,94,15.19,0.0451,Pressured
2018,3,Sants-Montjuïc,13,la Marina de Port,35,719.3,17270.0,933,12,1.29,0.0417,Moderate
2018,3,Sants-Montjuïc,13,la Marina de Port,36,855.1,19630.0,1285,616,47.94,0.0436,Pressured
2018,3,Sants-Montjuïc,13,la Marina de Port,37,806.3,17860.0,484,145,29.96,0.0451,Pressured
2018,3,Sants-Montjuïc,13,la Marina de Port,38,529.9,12655.0,389,6,1.54,0.0419,Moderate
2018,3,Sants-Montjuïc,13,la Marina de Port,39,594.0,12828.0,1039,290,27.91,0.0463,Pressured
2018,3,Sants-Montjuïc,13,la Marina de Port,211,790.6,18067.0,557,34,6.1,0.0438,Pressured
2018,3,Sants-Montjuïc,13,la Marina de Port,212,726.7,16127.0,1029,67,6.51,0.0451,Pressured
2018,3,Sants-Montjuïc,13,la Marina de Port,213,671.9,13484.0,931,177,19.01,0.0498,Critical
2018,3,Sants-Montjuïc,14,la Font de la Guatlla,40,878.2,22203.0,751,56,7.46,0.0396,Moderate
2018,3,Sants-Montjuïc,14,la Font de la Guatlla,41,840.2,18488.0,631,117,18.54,0.0454,Pressured
2018,3,Sants-Montjuïc,14,la Font de la Guatlla,42,904.7,18128.0,733,383,52.25,0.0499,Critical
2018,3,Sants-Montjuïc,14,la Font de la Guatlla,43,858.3,19692.0,666,118,17.72,0.0436,Pressured
2018,3,Sants-Montjuïc,14,la Font de la Guatlla,44,842.7,17440.0,900,199,22.11,0.0483,Critical
2018,3,Sants-Montjuïc,14,la Font de la Guatlla,45,858.6,19536.0,557,213,38.24,0.0439,Pressured
2018,3,Sants-Montjuïc,14,la Font de la Guatlla,46,920.1,24439.0,671,76,11.33,0.0376,Affordable
2018,3,Sants-Montjuïc,15,Hostafrancs,47,897.2,18696.0,891,310,34.79,0.048,Critical
2018,3,Sants-Montjuïc,15,Hostafrancs,48,921.7,22367.0,750,241,32.13,0.0412,Moderate
2018,3,Sants-Montjuïc,15,Hostafrancs,49,896.8,19825.0,866,329,37.99,0.0452,Pressured
2018,3,Sants-Montjuïc,15,Hostafrancs,50,881.3,20602.0,863,356,41.25,0.0428,Moderate
2018,3,Sants-Montjuïc,15,Hostafrancs,51,825.5,16465.0,890,388,43.6,0.0501,Critical
2018,3,Sants-Montjuïc,15,Hostafrancs,52,822.2,17414.0,671,290,43.22,0.0472,Pressured
2018,3,Sants-Montjuïc,15,Hostafrancs,53,848.8,17617.0,1065,391,36.71,0.0482,Critical
2018,3,Sants-Montjuïc,15,Hostafrancs,54,884.3,19773.0,790,169,21.39,0.0447,Pressured
2018,3,Sants-Montjuïc,15,Hostafrancs,55,886.8,19164.0,788,249,31.6,0.0463,Pressured
2018,3,Sants-Montjuïc,15,Hostafrancs,56,841.2,19849.0,431,191,44.32,0.0424,Moderate
2018,3,Sants-Montjuïc,16,la Bordeta,57,821.6,18194.0,724,141,19.48,0.0452,Pressured
2018,3,Sants-Montjuïc,16,la Bordeta,58,922.7,24006.0,745,117,15.7,0.0384,Affordable
2018,3,Sants-Montjuïc,16,la Bordeta,59,827.8,17417.0,547,143,26.14,0.0475,Critical
2018,3,Sants-Montjuïc,16,la Bordeta,60,865.3,20753.0,616,158,25.65,0.0417,Moderate
2018,3,Sants-Montjuïc,16,la Bordeta,61,816.2,17500.0,606,165,27.23,0.0466,Pressured
2018,3,Sants-Montjuïc,16,la Bordeta,62,766.5,19277.0,814,362,44.47,0.0398,Moderate
2018,3,Sants-Montjuïc,16,la Bordeta,63,827.2,17938.0,820,245,29.88,0.0461,Pressured
2018,3,Sants-Montjuïc,16,la Bordeta,64,890.9,19597.0,523,43,8.22,0.0455,Pressured
2018,3,Sants-Montjuïc,16,la Bordeta,65,866.1,20034.0,595,88,14.79,0.0432,Moderate
2018,3,Sants-Montjuïc,16,la Bordeta,66,809.9,18386.0,1019,118,11.58,0.044,Pressured
2018,3,Sants-Montjuïc,16,la Bordeta,67,844.5,19138.0,735,74,10.07,0.0441,Pressured
2018,3,Sants-Montjuïc,16,la Bordeta,68,824.7,17478.0,563,141,25.04,0.0472,Pressured
2018,3,Sants-Montjuïc,16,la Bordeta,69,864.3,20200.0,531,113,21.28,0.0428,Moderate
2018,3,Sants-Montjuïc,17,Sants - Badal,70,767.6,16781.0,582,183,31.44,0.0457,Pressured
2018,3,Sants-Montjuïc,17,Sants - Badal,71,768.6,16116.0,665,357,53.68,0.0477,Critical
2018,3,Sants-Montjuïc,17,Sants - Badal,72,758.7,17627.0,668,300,44.91,0.043,Moderate
2018,3,Sants-Montjuïc,17,Sants - Badal,73,818.2,19957.0,807,289,35.81,0.041,Moderate
2018,3,Sants-Montjuïc,17,Sants - Badal,74,813.1,18657.0,835,260,31.14,0.0436,Pressured
2018,3,Sants-Montjuïc,17,Sants - Badal,75,784.9,17996.0,739,258,34.91,0.0436,Pressured
2018,3,Sants-Montjuïc,17,Sants - Badal,76,769.8,16745.0,485,118,24.33,0.046,Pressured
2018,3,Sants-Montjuïc,17,Sants - Badal,77,766.6,18722.0,646,229,35.45,0.0409,Moderate
2018,3,Sants-Montjuïc,17,Sants - Badal,78,780.4,18977.0,778,263,33.8,0.0411,Moderate
2018,3,Sants-Montjuïc,17,Sants - Badal,79,781.3,16843.0,842,408,48.46,0.0464,Pressured
2018,3,Sants-Montjuïc,17,Sants - Badal,80,829.6,19078.0,742,227,30.59,0.0435,Pressured
2018,3,Sants-Montjuïc,17,Sants - Badal,81,940.8,19869.0,917,174,18.97,0.0474,Pressured
2018,3,Sants-Montjuïc,17,Sants - Badal,82,951.7,21940.0,937,270,28.82,0.0434,Moderate
2018,3,Sants-Montjuïc,17,Sants - Badal,83,887.6,21031.0,678,206,30.38,0.0422,Moderate
2018,3,Sants-Montjuïc,17,Sants - Badal,84,939.1,20562.0,674,95,14.09,0.0457,Pressured
2018,3,Sants-Montjuïc,17,Sants - Badal,85,937.3,20986.0,723,295,40.8,0.0447,Pressured
2018,3,Sants-Montjuïc,18,Sants,86,1031.3,25751.0,603,39,6.47,0.04,Moderate
2018,3,Sants-Montjuïc,18,Sants,87,909.0,23954.0,714,112,15.69,0.0379,Affordable
2018,3,Sants-Montjuïc,18,Sants,88,906.3,20353.0,718,167,23.26,0.0445,Pressured
2018,3,Sants-Montjuïc,18,Sants,89,911.9,22362.0,639,164,25.67,0.0408,Moderate
2018,3,Sants-Montjuïc,18,Sants,90,890.9,24240.0,498,82,16.47,0.0368,Affordable
2018,3,Sants-Montjuïc,18,Sants,91,807.7,21634.0,715,243,33.99,0.0373,Affordable
2018,3,Sants-Montjuïc,18,Sants,92,823.1,21521.0,652,329,50.46,0.0382,Affordable
2018,3,Sants-Montjuïc,18,Sants,93,909.3,21765.0,750,342,45.6,0.0418,Moderate
2018,3,Sants-Montjuïc,18,Sants,94,896.6,22682.0,684,265,38.74,0.0395,Moderate
2018,3,Sants-Montjuïc,18,Sants,95,852.1,20439.0,827,399,48.25,0.0417,Moderate
2018,3,Sants-Montjuïc,18,Sants,96,822.7,18814.0,794,373,46.98,0.0437,Pressured
2018,3,Sants-Montjuïc,18,Sants,97,794.2,15047.0,830,519,62.53,0.0528,Critical
2018,3,Sants-Montjuïc,18,Sants,98,797.4,18148.0,703,321,45.66,0.0439,Pressured
2018,3,Sants-Montjuïc,18,Sants,99,698.4,19609.0,597,295,49.41,0.0356,Affordable
2018,3,Sants-Montjuïc,18,Sants,100,774.0,19139.0,705,236,33.48,0.0404,Moderate
2018,3,Sants-Montjuïc,18,Sants,101,800.1,20304.0,695,288,41.44,0.0394,Affordable
2018,3,Sants-Montjuïc,18,Sants,102,817.7,19785.0,679,320,47.13,0.0413,Moderate
2018,3,Sants-Montjuïc,18,Sants,103,875.4,19498.0,573,120,20.94,0.0449,Pressured
2018,3,Sants-Montjuïc,18,Sants,104,806.6,19002.0,737,233,31.61,0.0424,Moderate
2018,3,Sants-Montjuïc,18,Sants,105,840.3,18301.0,671,233,34.72,0.0459,Pressured
2018,3,Sants-Montjuïc,18,Sants,106,786.8,19660.0,711,289,40.65,0.04,Moderate
2018,3,Sants-Montjuïc,18,Sants,107,900.0,21739.0,800,261,32.62,0.0414,Moderate
2018,3,Sants-Montjuïc,18,Sants,108,842.8,19940.0,859,261,30.38,0.0423,Moderate
2018,3,Sants-Montjuïc,18,Sants,109,863.7,20649.0,846,338,39.95,0.0418,Moderate
2018,3,Sants-Montjuïc,18,Sants,110,884.9,20983.0,863,390,45.19,0.0422,Moderate
2018,3,Sants-Montjuïc,18,Sants,111,952.9,21018.0,695,236,33.96,0.0453,Pressured
2018,3,Sants-Montjuïc,18,Sants,112,1043.4,25002.0,935,165,17.65,0.0417,Moderate
2018,3,Sants-Montjuïc,18,Sants,113,920.3,27622.0,778,46,5.91,0.0333,Affordable
2018,3,Sants-Montjuïc,18,Sants,114,1207.3,25214.0,716,56,7.82,0.0479,Critical
2018,4,Les Corts,19,les Corts,1,1157.9,23569.0,603,156,25.87,0.0491,Critical
2018,4,Les Corts,19,les Corts,2,1226.9,27340.0,913,101,11.06,0.0449,Pressured
2018,4,Les Corts,19,les Corts,3,1095.2,25195.0,526,94,17.87,0.0435,Pressured
2018,4,Les Corts,19,les Corts,4,1091.5,24624.0,543,145,26.7,0.0443,Pressured
2018,4,Les Corts,19,les Corts,5,1085.9,22903.0,599,95,15.86,0.0474,Pressured
2018,4,Les Corts,19,les Corts,6,1074.8,24333.0,630,190,30.16,0.0442,Pressured
2018,4,Les Corts,19,les Corts,7,1091.5,20783.0,525,238,45.33,0.0525,Critical
2018,4,Les Corts,19,les Corts,8,1083.7,21122.0,577,254,44.02,0.0513,Critical
2018,4,Les Corts,19,les Corts,9,1079.8,24713.0,765,349,45.62,0.0437,Pressured
2018,4,Les Corts,19,les Corts,10,1258.2,26973.0,413,69,16.71,0.0466,Pressured
2018,4,Les Corts,19,les Corts,11,1288.1,28340.0,839,26,3.1,0.0455,Pressured
2018,4,Les Corts,19,les Corts,12,1206.9,25778.0,664,27,4.07,0.0468,Pressured
2018,4,Les Corts,19,les Corts,13,1227.3,29723.0,598,82,13.71,0.0413,Moderate
2018,4,Les Corts,19,les Corts,14,1294.0,27040.0,434,158,36.41,0.0479,Critical
2018,4,Les Corts,19,les Corts,15,1244.8,27635.0,919,216,23.5,0.045,Pressured
2018,4,Les Corts,19,les Corts,16,1214.6,26452.0,531,84,15.82,0.0459,Pressured
2018,4,Les Corts,19,les Corts,17,1261.8,27031.0,651,136,20.89,0.0467,Pressured
2018,4,Les Corts,19,les Corts,18,1302.2,29006.0,764,69,9.03,0.0449,Pressured
2018,4,Les Corts,19,les Corts,19,1434.8,35266.0,677,33,4.87,0.0407,Moderate
2018,4,Les Corts,19,les Corts,20,1303.0,28426.0,670,18,2.69,0.0458,Pressured
2018,4,Les Corts,19,les Corts,21,1421.6,31897.0,799,187,23.4,0.0446,Pressured
2018,4,Les Corts,19,les Corts,22,1254.8,28424.0,932,344,36.91,0.0441,Pressured
2018,4,Les Corts,19,les Corts,23,1902.3,42635.0,455,10,2.2,0.0446,Pressured
2018,4,Les Corts,19,les Corts,24,1879.1,41926.0,421,33,7.84,0.0448,Pressured
2018,4,Les Corts,19,les Corts,25,1194.0,26532.0,660,215,32.58,0.045,Pressured
2018,4,Les Corts,19,les Corts,26,1202.4,27536.0,635,148,23.31,0.0437,Pressured
2018,4,Les Corts,19,les Corts,27,1234.5,28621.0,803,210,26.15,0.0431,Moderate
2018,4,Les Corts,19,les Corts,28,1186.4,25406.0,693,114,16.45,0.0467,Pressured
2018,4,Les Corts,19,les Corts,29,1302.1,32497.0,565,41,7.26,0.0401,Moderate
2018,4,Les Corts,19,les Corts,30,1275.7,29233.0,824,66,8.01,0.0436,Pressured
2018,4,Les Corts,19,les Corts,31,1127.5,24671.0,763,299,39.19,0.0457,Pressured
2018,4,Les Corts,19,les Corts,32,1104.5,24063.0,764,146,19.11,0.0459,Pressured
2018,4,Les Corts,19,les Corts,33,1097.7,23969.0,614,152,24.76,0.0458,Pressured
2018,4,Les Corts,19,les Corts,34,1281.1,29905.0,620,25,4.03,0.0428,Moderate
2018,4,Les Corts,19,les Corts,35,1122.5,28369.0,673,2,0.3,0.0396,Moderate
2018,4,Les Corts,20,la Maternitat i Sant Ramon,36,957.7,21289.0,859,46,5.36,0.045,Pressured
2018,4,Les Corts,20,la Maternitat i Sant Ramon,37,1002.8,24408.0,995,45,4.52,0.0411,Moderate
2018,4,Les Corts,20,la Maternitat i Sant Ramon,38,979.2,24585.0,589,81,13.75,0.0398,Moderate
2018,4,Les Corts,20,la Maternitat i Sant Ramon,39,986.6,23667.0,618,266,43.04,0.0417,Moderate
2018,4,Les Corts,20,la Maternitat i Sant Ramon,40,920.8,18886.0,848,363,42.81,0.0488,Critical
2018,4,Les Corts,20,la Maternitat i Sant Ramon,41,920.5,20121.0,686,278,40.52,0.0457,Pressured
2018,4,Les Corts,20,la Maternitat i Sant Ramon,42,965.2,20119.0,908,180,19.82,0.048,Critical
2018,4,Les Corts,20,la Maternitat i Sant Ramon,43,1172.1,26639.0,784,28,3.57,0.044,Pressured
2018,4,Les Corts,20,la Maternitat i Sant Ramon,44,1024.8,22201.0,878,305,34.74,0.0462,Pressured
2018,4,Les Corts,20,la Maternitat i Sant Ramon,45,1103.3,21741.0,655,79,12.06,0.0507,Critical
2018,4,Les Corts,20,la Maternitat i Sant Ramon,46,1168.6,31480.0,1082,11,1.02,0.0371,Affordable
2018,4,Les Corts,20,la Maternitat i Sant Ramon,47,1122.1,26081.0,850,87,10.24,0.043,Moderate
2018,4,Les Corts,20,la Maternitat i Sant Ramon,48,1196.5,28666.0,717,63,8.79,0.0417,Moderate
2018,4,Les Corts,20,la Maternitat i Sant Ramon,49,1430.1,35908.0,533,27,5.07,0.0398,Moderate
2018,4,Les Corts,20,la Maternitat i Sant Ramon,84,1251.9,30069.0,650,26,4.0,0.0416,Moderate
2018,4,Les Corts,21,Pedralbes,50,1687.5,42846.0,852,38,4.46,0.0394,Affordable
2018,4,Les Corts,21,Pedralbes,51,1658.3,29006.0,842,57,6.77,0.0572,Critical
2018,4,Les Corts,21,Pedralbes,52,1695.2,42829.0,1012,70,6.92,0.0396,Moderate
2018,4,Les Corts,21,Pedralbes,53,1648.4,29961.0,743,94,12.65,0.055,Critical
2018,4,Les Corts,21,Pedralbes,54,1661.9,39151.0,506,42,8.3,0.0424,Moderate
2018,4,Les Corts,21,Pedralbes,55,1378.0,42921.0,770,58,7.53,0.0321,Affordable
2018,4,Les Corts,21,Pedralbes,56,1855.9,42948.0,1377,445,32.32,0.0432,Moderate
2018,5,Sarrià-Sant Gervasi,22,"Vallvidrera, el Tibidabo i les Planes",1,852.9,18726.0,1247,720,57.74,0.0455,Pressured
2018,5,Sarrià-Sant Gervasi,22,"Vallvidrera, el Tibidabo i les Planes",2,1025.8,30336.0,988,214,21.66,0.0338,Affordable
2018,5,Sarrià-Sant Gervasi,22,"Vallvidrera, el Tibidabo i les Planes",3,922.2,31282.0,799,199,24.91,0.0295,Affordable
2018,5,Sarrià-Sant Gervasi,23,Sarrià,4,1469.2,43766.0,648,128,19.75,0.0336,Affordable
2018,5,Sarrià-Sant Gervasi,23,Sarrià,5,1413.9,37784.0,773,330,42.69,0.0374,Affordable
2018,5,Sarrià-Sant Gervasi,23,Sarrià,6,1670.3,43262.0,822,82,9.98,0.0386,Affordable
2018,5,Sarrià-Sant Gervasi,23,Sarrià,7,1390.0,38251.0,773,245,31.69,0.0363,Affordable
2018,5,Sarrià-Sant Gervasi,23,Sarrià,8,1594.5,42519.0,916,257,28.06,0.0375,Affordable
2018,5,Sarrià-Sant Gervasi,23,Sarrià,9,1470.6,32231.0,878,284,32.35,0.0456,Pressured
2018,5,Sarrià-Sant Gervasi,23,Sarrià,10,1398.4,28674.0,800,256,32.0,0.0488,Critical
2018,5,Sarrià-Sant Gervasi,23,Sarrià,11,1350.6,27064.0,788,226,28.68,0.0499,Critical
2018,5,Sarrià-Sant Gervasi,23,Sarrià,12,1395.1,29771.0,816,252,30.88,0.0469,Pressured
2018,5,Sarrià-Sant Gervasi,23,Sarrià,13,1446.2,30580.0,893,294,32.92,0.0473,Pressured
2018,5,Sarrià-Sant Gervasi,23,Sarrià,14,1580.2,34538.0,918,285,31.05,0.0458,Pressured
2018,5,Sarrià-Sant Gervasi,23,Sarrià,15,1539.7,34192.0,764,91,11.91,0.045,Pressured
2018,5,Sarrià-Sant Gervasi,23,Sarrià,16,1523.3,25387.0,909,25,2.75,0.06,Critical
2018,5,Sarrià-Sant Gervasi,23,Sarrià,17,1516.8,43306.0,690,30,4.35,0.035,Affordable
2018,5,Sarrià-Sant Gervasi,23,Sarrià,18,1685.9,29183.0,552,21,3.8,0.0578,Critical
2018,5,Sarrià-Sant Gervasi,23,Sarrià,19,1614.6,39729.0,669,20,2.99,0.0406,Moderate
2018,5,Sarrià-Sant Gervasi,24,les Tres Torres,20,1586.5,36934.0,592,242,40.88,0.043,Moderate
2018,5,Sarrià-Sant Gervasi,24,les Tres Torres,21,1939.9,43210.0,659,40,6.07,0.0449,Pressured
2018,5,Sarrià-Sant Gervasi,24,les Tres Torres,22,1637.8,43201.0,762,116,15.22,0.0379,Affordable
2018,5,Sarrià-Sant Gervasi,24,les Tres Torres,23,1549.6,26045.0,768,120,15.62,0.0595,Critical
2018,5,Sarrià-Sant Gervasi,24,les Tres Torres,24,1562.0,43263.0,838,91,10.86,0.0361,Affordable
2018,5,Sarrià-Sant Gervasi,24,les Tres Torres,25,1500.9,43214.0,505,29,5.74,0.0347,Affordable
2018,5,Sarrià-Sant Gervasi,24,les Tres Torres,26,1528.2,43062.0,586,39,6.66,0.0355,Affordable
2018,5,Sarrià-Sant Gervasi,24,les Tres Torres,27,1530.1,43340.0,578,27,4.67,0.0353,Affordable
2018,5,Sarrià-Sant Gervasi,24,les Tres Torres,28,1546.3,38852.0,558,24,4.3,0.0398,Moderate
2018,5,Sarrià-Sant Gervasi,24,les Tres Torres,29,1557.3,43439.0,645,29,4.5,0.0359,Affordable
2018,5,Sarrià-Sant Gervasi,24,les Tres Torres,30,1549.7,43116.0,533,23,4.32,0.0359,Affordable
2018,5,Sarrià-Sant Gervasi,25,Sant Gervasi - la Bonanova,31,1655.0,42782.0,760,107,14.08,0.0387,Affordable
2018,5,Sarrià-Sant Gervasi,25,Sant Gervasi - la Bonanova,32,2010.8,43368.0,1070,168,15.7,0.0464,Pressured
2018,5,Sarrià-Sant Gervasi,25,Sant Gervasi - la Bonanova,33,1677.3,39658.0,797,110,13.8,0.0423,Moderate
2018,5,Sarrià-Sant Gervasi,25,Sant Gervasi - la Bonanova,34,1420.7,32618.0,619,70,11.31,0.0436,Pressured
2018,5,Sarrià-Sant Gervasi,25,Sant Gervasi - la Bonanova,35,1299.6,42419.0,493,24,4.87,0.0306,Affordable
2018,5,Sarrià-Sant Gervasi,25,Sant Gervasi - la Bonanova,36,1299.3,43123.0,714,20,2.8,0.0301,Affordable
2018,5,Sarrià-Sant Gervasi,25,Sant Gervasi - la Bonanova,37,1276.9,29396.0,696,109,15.66,0.0434,Moderate
2018,5,Sarrià-Sant Gervasi,25,Sant Gervasi - la Bonanova,38,1321.1,28309.0,759,277,36.5,0.0467,Pressured
2018,5,Sarrià-Sant Gervasi,25,Sant Gervasi - la Bonanova,39,1311.4,37418.0,621,19,3.06,0.035,Affordable
2018,5,Sarrià-Sant Gervasi,25,Sant Gervasi - la Bonanova,40,1298.6,28027.0,830,269,32.41,0.0463,Pressured
2018,5,Sarrià-Sant Gervasi,25,Sant Gervasi - la Bonanova,41,1314.3,32207.0,837,253,30.23,0.0408,Moderate
2018,5,Sarrià-Sant Gervasi,25,Sant Gervasi - la Bonanova,42,1331.1,27674.0,692,177,25.58,0.0481,Critical
2018,5,Sarrià-Sant Gervasi,25,Sant Gervasi - la Bonanova,43,1315.8,29903.0,829,194,23.4,0.044,Pressured
2018,5,Sarrià-Sant Gervasi,25,Sant Gervasi - la Bonanova,44,1240.4,28926.0,669,111,16.59,0.0429,Moderate
2018,5,Sarrià-Sant Gervasi,25,Sant Gervasi - la Bonanova,45,1347.2,32326.0,681,66,9.69,0.0417,Moderate
2018,5,Sarrià-Sant Gervasi,25,Sant Gervasi - la Bonanova,46,1609.1,42075.0,436,16,3.67,0.0382,Affordable
2018,5,Sarrià-Sant Gervasi,25,Sant Gervasi - la Bonanova,47,1377.9,37472.0,517,32,6.19,0.0368,Affordable
2018,5,Sarrià-Sant Gervasi,25,Sant Gervasi - la Bonanova,48,1364.5,35288.0,598,109,18.23,0.0387,Affordable
2018,5,Sarrià-Sant Gervasi,26,Sant Gervasi - Galvany,49,1382.4,42537.0,741,79,10.66,0.0325,Affordable
2018,5,Sarrià-Sant Gervasi,26,Sant Gervasi - Galvany,50,1291.8,32052.0,860,125,14.53,0.0403,Moderate
2018,5,Sarrià-Sant Gervasi,26,Sant Gervasi - Galvany,51,1302.1,37602.0,719,34,4.73,0.0346,Affordable
2018,5,Sarrià-Sant Gervasi,26,Sant Gervasi - Galvany,52,1367.0,43180.0,612,35,5.72,0.0317,Affordable
2018,5,Sarrià-Sant Gervasi,26,Sant Gervasi - Galvany,53,1652.9,43201.0,596,10,1.68,0.0383,Affordable
2018,5,Sarrià-Sant Gervasi,26,Sant Gervasi - Galvany,54,1614.7,43195.0,429,8,1.86,0.0374,Affordable
2018,5,Sarrià-Sant Gervasi,26,Sant Gervasi - Galvany,55,1690.4,43091.0,563,9,1.6,0.0392,Affordable
2018,5,Sarrià-Sant Gervasi,26,Sant Gervasi - Galvany,56,1694.9,41411.0,643,24,3.73,0.0409,Moderate
2018,5,Sarrià-Sant Gervasi,26,Sant Gervasi - Galvany,57,1715.8,42532.0,924,28,3.03,0.0403,Moderate
2018,5,Sarrià-Sant Gervasi,26,Sant Gervasi - Galvany,58,1752.8,43292.0,754,11,1.46,0.0405,Moderate
2018,5,Sarrià-Sant Gervasi,26,Sant Gervasi - Galvany,59,1711.6,42491.0,992,127,12.8,0.0403,Moderate
2018,5,Sarrià-Sant Gervasi,26,Sant Gervasi - Galvany,60,1564.8,43261.0,524,12,2.29,0.0362,Affordable
2018,5,Sarrià-Sant Gervasi,26,Sant Gervasi - Galvany,61,1382.8,31425.0,987,392,39.72,0.044,Pressured
2018,5,Sarrià-Sant Gervasi,26,Sant Gervasi - Galvany,62,1305.3,39533.0,880,216,24.55,0.033,Affordable
2018,5,Sarrià-Sant Gervasi,26,Sant Gervasi - Galvany,63,1298.1,37336.0,843,102,12.1,0.0348,Affordable
2018,5,Sarrià-Sant Gervasi,26,Sant Gervasi - Galvany,64,1302.8,32682.0,948,261,27.53,0.0399,Moderate
2018,5,Sarrià-Sant Gervasi,26,Sant Gervasi - Galvany,65,1340.0,30695.0,920,105,11.41,0.0437,Pressured
2018,5,Sarrià-Sant Gervasi,26,Sant Gervasi - Galvany,66,1350.6,43331.0,774,68,8.79,0.0312,Affordable
2018,5,Sarrià-Sant Gervasi,26,Sant Gervasi - Galvany,67,1378.3,35114.0,785,54,6.88,0.0393,Affordable
2018,5,Sarrià-Sant Gervasi,26,Sant Gervasi - Galvany,68,1348.2,35119.0,1014,216,21.3,0.0384,Affordable
2018,5,Sarrià-Sant Gervasi,26,Sant Gervasi - Galvany,69,1267.6,31976.0,964,147,15.25,0.0396,Moderate
2018,5,Sarrià-Sant Gervasi,26,Sant Gervasi - Galvany,70,1297.2,30689.0,786,135,17.18,0.0423,Moderate
2018,5,Sarrià-Sant Gervasi,26,Sant Gervasi - Galvany,71,1273.2,28581.0,919,164,17.85,0.0445,Pressured
2018,5,Sarrià-Sant Gervasi,26,Sant Gervasi - Galvany,72,1266.9,31904.0,943,149,15.8,0.0397,Moderate
2018,5,Sarrià-Sant Gervasi,26,Sant Gervasi - Galvany,73,1215.6,29768.0,938,184,19.62,0.0408,Moderate
2018,5,Sarrià-Sant Gervasi,26,Sant Gervasi - Galvany,74,1299.1,33330.0,933,184,19.72,0.039,Affordable
2018,5,Sarrià-Sant Gervasi,26,Sant Gervasi - Galvany,75,1272.0,33267.0,1000,207,20.7,0.0382,Affordable
2018,5,Sarrià-Sant Gervasi,26,Sant Gervasi - Galvany,76,1306.6,32561.0,788,125,15.86,0.0401,Moderate
2018,5,Sarrià-Sant Gervasi,26,Sant Gervasi - Galvany,77,1349.0,31221.0,665,44,6.62,0.0432,Moderate
2018,5,Sarrià-Sant Gervasi,26,Sant Gervasi - Galvany,78,1331.1,31838.0,959,66,6.88,0.0418,Moderate
2018,5,Sarrià-Sant Gervasi,26,Sant Gervasi - Galvany,79,1294.4,29301.0,581,77,13.25,0.0442,Pressured
2018,5,Sarrià-Sant Gervasi,27,el Putget i Farró,80,1151.8,27522.0,824,300,36.41,0.0419,Moderate
2018,5,Sarrià-Sant Gervasi,27,el Putget i Farró,81,1205.4,27485.0,892,208,23.32,0.0439,Pressured
2018,5,Sarrià-Sant Gervasi,27,el Putget i Farró,82,1139.0,24244.0,910,199,21.87,0.047,Pressured
2018,5,Sarrià-Sant Gervasi,27,el Putget i Farró,83,1162.2,29598.0,680,146,21.47,0.0393,Affordable
2018,5,Sarrià-Sant Gervasi,27,el Putget i Farró,84,1145.6,26364.0,746,212,28.42,0.0435,Pressured
2018,5,Sarrià-Sant Gervasi,27,el Putget i Farró,85,1139.0,24088.0,715,210,29.37,0.0473,Pressured
2018,5,Sarrià-Sant Gervasi,27,el Putget i Farró,86,1137.3,26841.0,783,258,32.95,0.0424,Moderate
2018,5,Sarrià-Sant Gervasi,27,el Putget i Farró,87,1233.8,27858.0,919,304,33.08,0.0443,Pressured
2018,5,Sarrià-Sant Gervasi,27,el Putget i Farró,88,1121.8,27972.0,880,246,27.95,0.0401,Moderate
2018,5,Sarrià-Sant Gervasi,27,el Putget i Farró,89,1096.8,31198.0,935,208,22.25,0.0352,Affordable
2018,5,Sarrià-Sant Gervasi,27,el Putget i Farró,90,1067.2,26557.0,1228,463,37.7,0.0402,Moderate
2018,5,Sarrià-Sant Gervasi,27,el Putget i Farró,91,1052.5,26984.0,830,174,20.96,0.039,Affordable
2018,5,Sarrià-Sant Gervasi,27,el Putget i Farró,92,1181.9,43445.0,804,126,15.67,0.0272,Affordable
2018,5,Sarrià-Sant Gervasi,27,el Putget i Farró,93,1193.9,30601.0,664,196,29.52,0.039,Affordable
2018,5,Sarrià-Sant Gervasi,27,el Putget i Farró,94,1227.7,35715.0,1295,122,9.42,0.0344,Affordable
2018,5,Sarrià-Sant Gervasi,27,el Putget i Farró,95,1155.0,25300.0,862,189,21.93,0.0457,Pressured
2018,5,Sarrià-Sant Gervasi,27,el Putget i Farró,96,1090.1,25190.0,629,116,18.44,0.0433,Moderate
2018,5,Sarrià-Sant Gervasi,27,el Putget i Farró,97,1097.4,29342.0,838,140,16.71,0.0374,Affordable
2018,5,Sarrià-Sant Gervasi,27,el Putget i Farró,98,1131.8,25649.0,847,282,33.29,0.0441,Pressured
2018,6,Gràcia,28,Vallcarca i els Penitents,1,991.7,22351.0,641,166,25.9,0.0444,Pressured
2018,6,Gràcia,28,Vallcarca i els Penitents,2,977.1,21892.0,837,297,35.48,0.0446,Pressured
2018,6,Gràcia,28,Vallcarca i els Penitents,3,907.0,21423.0,1219,496,40.69,0.0423,Moderate
2018,6,Gràcia,28,Vallcarca i els Penitents,4,851.2,23569.0,865,357,41.27,0.0361,Affordable
2018,6,Gràcia,28,Vallcarca i els Penitents,6,1021.9,28353.0,533,119,22.33,0.036,Affordable
2018,6,Gràcia,28,Vallcarca i els Penitents,7,1116.6,24988.0,973,194,19.94,0.0447,Pressured
2018,6,Gràcia,28,Vallcarca i els Penitents,8,1052.7,22512.0,1021,214,20.96,0.0468,Pressured
2018,6,Gràcia,28,Vallcarca i els Penitents,9,1174.5,31928.0,873,323,37.0,0.0368,Affordable
2018,6,Gràcia,28,Vallcarca i els Penitents,10,1043.7,25783.0,565,104,18.41,0.0405,Moderate
2018,6,Gràcia,28,Vallcarca i els Penitents,11,918.9,28330.0,767,129,16.82,0.0324,Affordable
2018,6,Gràcia,28,Vallcarca i els Penitents,12,983.0,29728.0,679,201,29.6,0.0331,Affordable
2018,6,Gràcia,29,el Coll,13,733.6,21148.0,926,339,36.61,0.0347,Affordable
2018,6,Gràcia,29,el Coll,14,868.1,21049.0,678,141,20.8,0.0412,Moderate
2018,6,Gràcia,29,el Coll,15,805.2,19036.0,755,327,43.31,0.0423,Moderate
2018,6,Gràcia,29,el Coll,16,710.7,17749.0,812,375,46.18,0.04,Moderate
2018,6,Gràcia,29,el Coll,17,696.3,18659.0,759,319,42.03,0.0373,Affordable
2018,6,Gràcia,30,la Salut,18,891.4,21770.0,757,297,39.23,0.0409,Moderate
2018,6,Gràcia,30,la Salut,19,925.9,21894.0,760,186,24.47,0.0423,Moderate
2018,6,Gràcia,30,la Salut,20,967.2,22311.0,655,220,33.59,0.0434,Moderate
2018,6,Gràcia,30,la Salut,21,988.5,25441.0,647,133,20.56,0.0389,Affordable
2018,6,Gràcia,30,la Salut,22,944.9,22414.0,720,412,57.22,0.0422,Moderate
2018,6,Gràcia,30,la Salut,23,1032.7,30429.0,563,51,9.06,0.0339,Affordable
2018,6,Gràcia,30,la Salut,24,986.6,23320.0,844,155,18.36,0.0423,Moderate
2018,6,Gràcia,30,la Salut,25,1088.8,24394.0,722,72,9.97,0.0446,Pressured
2018,6,Gràcia,30,la Salut,26,1122.1,23920.0,561,147,26.2,0.0469,Pressured
2018,6,Gràcia,30,la Salut,27,1018.6,24114.0,629,172,27.34,0.0422,Moderate
2018,6,Gràcia,31,Vila de Gràcia,28,1094.1,21766.0,775,289,37.29,0.0503,Critical
2018,6,Gràcia,31,Vila de Gràcia,29,1113.8,22617.0,746,267,35.79,0.0492,Critical
2018,6,Gràcia,31,Vila de Gràcia,30,1078.2,22053.0,786,365,46.44,0.0489,Critical
2018,6,Gràcia,31,Vila de Gràcia,31,1088.1,23260.0,713,340,47.69,0.0468,Pressured
2018,6,Gràcia,31,Vila de Gràcia,32,1105.4,21000.0,677,286,42.25,0.0526,Critical
2018,6,Gràcia,31,Vila de Gràcia,33,1085.4,23114.0,783,304,38.83,0.047,Pressured
2018,6,Gràcia,31,Vila de Gràcia,34,1080.5,22827.0,685,239,34.89,0.0473,Pressured
2018,6,Gràcia,31,Vila de Gràcia,35,1083.3,28457.0,604,111,18.38,0.0381,Affordable
2018,6,Gràcia,31,Vila de Gràcia,36,1061.0,26220.0,764,157,20.55,0.0405,Moderate
2018,6,Gràcia,31,Vila de Gràcia,37,1066.8,23083.0,534,92,17.23,0.0462,Pressured
2018,6,Gràcia,31,Vila de Gràcia,38,1091.5,23888.0,890,282,31.69,0.0457,Pressured
2018,6,Gràcia,31,Vila de Gràcia,39,1087.5,21567.0,992,423,42.64,0.0504,Critical
2018,6,Gràcia,31,Vila de Gràcia,40,1133.3,24766.0,887,125,14.09,0.0458,Pressured
2018,6,Gràcia,31,Vila de Gràcia,41,1137.8,25455.0,996,278,27.91,0.0447,Pressured
2018,6,Gràcia,31,Vila de Gràcia,42,1160.9,27326.0,1089,328,30.12,0.0425,Moderate
2018,6,Gràcia,31,Vila de Gràcia,43,1098.1,25624.0,768,257,33.46,0.0429,Moderate
2018,6,Gràcia,31,Vila de Gràcia,44,1227.8,29802.0,1125,356,31.64,0.0412,Moderate
2018,6,Gràcia,31,Vila de Gràcia,45,1101.7,23011.0,893,285,31.91,0.0479,Critical
2018,6,Gràcia,31,Vila de Gràcia,46,1071.7,21141.0,676,254,37.57,0.0507,Critical
2018,6,Gràcia,31,Vila de Gràcia,47,1041.0,20839.0,880,456,51.82,0.05,Critical
2018,6,Gràcia,31,Vila de Gràcia,48,1046.3,20948.0,812,320,39.41,0.0499,Critical
2018,6,Gràcia,31,Vila de Gràcia,49,1078.2,22612.0,744,271,36.42,0.0477,Critical
2018,6,Gràcia,31,Vila de Gràcia,50,1044.4,19642.0,874,363,41.53,0.0532,Critical
2018,6,Gràcia,31,Vila de Gràcia,51,1048.4,22190.0,778,338,43.44,0.0472,Pressured
2018,6,Gràcia,31,Vila de Gràcia,52,1073.4,21024.0,968,300,30.99,0.0511,Critical
2018,6,Gràcia,31,Vila de Gràcia,53,1045.3,22735.0,939,378,40.26,0.046,Pressured
2018,6,Gràcia,31,Vila de Gràcia,54,1082.4,20605.0,987,434,43.97,0.0525,Critical
2018,6,Gràcia,31,Vila de Gràcia,55,1055.6,22352.0,784,280,35.71,0.0472,Pressured
2018,6,Gràcia,31,Vila de Gràcia,56,1028.7,20696.0,1059,612,57.79,0.0497,Critical
2018,6,Gràcia,31,Vila de Gràcia,57,1101.0,21788.0,979,513,52.4,0.0505,Critical
2018,6,Gràcia,31,Vila de Gràcia,58,1102.4,22676.0,1155,569,49.26,0.0486,Critical
2018,6,Gràcia,31,Vila de Gràcia,59,1109.6,21985.0,939,425,45.26,0.0505,Critical
2018,6,Gràcia,31,Vila de Gràcia,60,1088.8,20696.0,1087,430,39.56,0.0526,Critical
2018,6,Gràcia,31,Vila de Gràcia,61,1102.1,22327.0,758,321,42.35,0.0494,Critical
2018,6,Gràcia,31,Vila de Gràcia,62,1073.3,21161.0,720,253,35.14,0.0507,Critical
2018,6,Gràcia,31,Vila de Gràcia,63,1068.4,20952.0,901,408,45.28,0.051,Critical
2018,6,Gràcia,32,el Camp d'en Grassot i Gràcia Nova,64,1193.4,23743.0,1017,154,15.14,0.0503,Critical
2018,6,Gràcia,32,el Camp d'en Grassot i Gràcia Nova,65,1178.2,25186.0,619,74,11.95,0.0468,Pressured
2018,6,Gràcia,32,el Camp d'en Grassot i Gràcia Nova,66,1102.3,22070.0,583,282,48.37,0.0499,Critical
2018,6,Gràcia,32,el Camp d'en Grassot i Gràcia Nova,67,1144.2,23177.0,1091,479,43.9,0.0494,Critical
2018,6,Gràcia,32,el Camp d'en Grassot i Gràcia Nova,68,1189.1,25270.0,962,214,22.25,0.0471,Pressured
2018,6,Gràcia,32,el Camp d'en Grassot i Gràcia Nova,69,1144.8,24989.0,570,64,11.23,0.0458,Pressured
2018,6,Gràcia,32,el Camp d'en Grassot i Gràcia Nova,70,1108.5,22465.0,1029,442,42.95,0.0493,Critical
2018,6,Gràcia,32,el Camp d'en Grassot i Gràcia Nova,71,1079.4,22789.0,497,36,7.24,0.0474,Pressured
2018,6,Gràcia,32,el Camp d'en Grassot i Gràcia Nova,72,1157.1,24615.0,864,214,24.77,0.047,Pressured
2018,6,Gràcia,32,el Camp d'en Grassot i Gràcia Nova,73,1130.8,23386.0,765,230,30.07,0.0484,Critical
2018,6,Gràcia,32,el Camp d'en Grassot i Gràcia Nova,74,1098.8,21657.0,527,139,26.38,0.0507,Critical
2018,6,Gràcia,32,el Camp d'en Grassot i Gràcia Nova,75,1153.1,24932.0,484,31,6.4,0.0462,Pressured
2018,6,Gràcia,32,el Camp d'en Grassot i Gràcia Nova,76,1091.7,24118.0,619,70,11.31,0.0453,Pressured
2018,6,Gràcia,32,el Camp d'en Grassot i Gràcia Nova,77,1045.1,22456.0,639,332,51.96,0.0465,Pressured
2018,6,Gràcia,32,el Camp d'en Grassot i Gràcia Nova,78,1033.3,21114.0,757,417,55.09,0.0489,Critical
2018,6,Gràcia,32,el Camp d'en Grassot i Gràcia Nova,79,1027.0,23555.0,618,197,31.88,0.0436,Pressured
2018,6,Gràcia,32,el Camp d'en Grassot i Gràcia Nova,80,1062.6,22184.0,588,121,20.58,0.0479,Critical
2018,6,Gràcia,32,el Camp d'en Grassot i Gràcia Nova,81,1105.5,22465.0,702,131,18.66,0.0492,Critical
2018,6,Gràcia,32,el Camp d'en Grassot i Gràcia Nova,82,1016.5,24007.0,928,157,16.92,0.0423,Moderate
2018,6,Gràcia,32,el Camp d'en Grassot i Gràcia Nova,83,1087.9,25347.0,869,163,18.76,0.0429,Moderate
2018,6,Gràcia,32,el Camp d'en Grassot i Gràcia Nova,84,1065.3,22762.0,796,262,32.91,0.0468,Pressured
2018,6,Gràcia,32,el Camp d'en Grassot i Gràcia Nova,85,1066.8,23863.0,691,177,25.62,0.0447,Pressured
2018,6,Gràcia,32,el Camp d'en Grassot i Gràcia Nova,86,1133.9,29069.0,515,113,21.94,0.039,Affordable
2018,6,Gràcia,32,el Camp d'en Grassot i Gràcia Nova,87,1129.9,27799.0,956,58,6.07,0.0406,Moderate
2018,6,Gràcia,32,el Camp d'en Grassot i Gràcia Nova,88,1121.5,23722.0,631,171,27.1,0.0473,Pressured
2018,7,Horta-Guinardó,33,el Baix Guinardó,1,877.8,23287.0,727,136,18.71,0.0377,Affordable
2018,7,Horta-Guinardó,33,el Baix Guinardó,2,972.1,20218.0,647,325,50.23,0.0481,Critical
2018,7,Horta-Guinardó,33,el Baix Guinardó,3,982.6,21278.0,612,125,20.42,0.0462,Pressured
2018,7,Horta-Guinardó,33,el Baix Guinardó,4,969.6,20147.0,783,388,49.55,0.0481,Critical
2018,7,Horta-Guinardó,33,el Baix Guinardó,5,896.7,20269.0,771,336,43.58,0.0442,Pressured
2018,7,Horta-Guinardó,33,el Baix Guinardó,6,899.6,22600.0,463,46,9.94,0.0398,Moderate
2018,7,Horta-Guinardó,33,el Baix Guinardó,7,862.9,19525.0,641,154,24.02,0.0442,Pressured
2018,7,Horta-Guinardó,33,el Baix Guinardó,8,885.8,21747.0,590,25,4.24,0.0407,Moderate
2018,7,Horta-Guinardó,33,el Baix Guinardó,9,858.8,20160.0,583,175,30.02,0.0426,Moderate
2018,7,Horta-Guinardó,33,el Baix Guinardó,10,864.6,21353.0,651,239,36.71,0.0405,Moderate
2018,7,Horta-Guinardó,33,el Baix Guinardó,11,913.9,21063.0,658,372,56.53,0.0434,Moderate
2018,7,Horta-Guinardó,33,el Baix Guinardó,12,885.0,19072.0,787,363,46.12,0.0464,Pressured
2018,7,Horta-Guinardó,33,el Baix Guinardó,13,915.1,22242.0,537,40,7.45,0.0411,Moderate
2018,7,Horta-Guinardó,33,el Baix Guinardó,14,802.3,17590.0,448,254,56.7,0.0456,Pressured
2018,7,Horta-Guinardó,33,el Baix Guinardó,15,839.6,20135.0,615,145,23.58,0.0417,Moderate
2018,7,Horta-Guinardó,33,el Baix Guinardó,16,886.2,22218.0,602,50,8.31,0.0399,Moderate
2018,7,Horta-Guinardó,33,el Baix Guinardó,17,840.5,20381.0,850,93,10.94,0.0412,Moderate
2018,7,Horta-Guinardó,33,el Baix Guinardó,18,927.3,21184.0,767,196,25.55,0.0438,Pressured
2018,7,Horta-Guinardó,33,el Baix Guinardó,19,890.4,21065.0,742,143,19.27,0.0423,Moderate
2018,7,Horta-Guinardó,34,Can Baró,20,814.2,20000.0,821,297,36.18,0.0407,Moderate
2018,7,Horta-Guinardó,34,Can Baró,21,678.5,23963.0,516,86,16.67,0.0283,Affordable
2018,7,Horta-Guinardó,34,Can Baró,22,732.0,18754.0,546,119,21.79,0.039,Affordable
2018,7,Horta-Guinardó,34,Can Baró,23,624.9,16170.0,714,387,54.2,0.0386,Affordable
2018,7,Horta-Guinardó,34,Can Baró,24,710.8,19149.0,845,454,53.73,0.0371,Affordable
2018,7,Horta-Guinardó,34,Can Baró,25,670.2,18346.0,765,394,51.5,0.0365,Affordable
2018,7,Horta-Guinardó,34,Can Baró,26,662.7,18467.0,614,166,27.04,0.0359,Affordable
2018,7,Horta-Guinardó,35,el Guinardó,27,799.4,18378.0,862,147,17.05,0.0435,Pressured
2018,7,Horta-Guinardó,35,el Guinardó,28,804.5,19247.0,769,423,55.01,0.0418,Moderate
2018,7,Horta-Guinardó,35,el Guinardó,29,822.6,21284.0,714,298,41.74,0.0386,Affordable
2018,7,Horta-Guinardó,35,el Guinardó,30,752.7,17893.0,743,448,60.3,0.0421,Moderate
2018,7,Horta-Guinardó,35,el Guinardó,31,811.4,17552.0,773,330,42.69,0.0462,Pressured
2018,7,Horta-Guinardó,35,el Guinardó,32,847.6,20189.0,685,188,27.45,0.042,Moderate
2018,7,Horta-Guinardó,35,el Guinardó,33,833.3,20663.0,692,212,30.64,0.0403,Moderate
2018,7,Horta-Guinardó,35,el Guinardó,34,902.9,22026.0,898,233,25.95,0.041,Moderate
2018,7,Horta-Guinardó,35,el Guinardó,35,835.6,22772.0,858,151,17.6,0.0367,Affordable
2018,7,Horta-Guinardó,35,el Guinardó,36,853.2,23840.0,704,185,26.28,0.0358,Affordable
2018,7,Horta-Guinardó,35,el Guinardó,37,834.3,20060.0,728,197,27.06,0.0416,Moderate
2018,7,Horta-Guinardó,35,el Guinardó,38,805.9,19788.0,643,204,31.73,0.0407,Moderate
2018,7,Horta-Guinardó,35,el Guinardó,39,843.6,21058.0,789,229,29.02,0.0401,Moderate
2018,7,Horta-Guinardó,35,el Guinardó,40,838.4,20498.0,851,405,47.59,0.0409,Moderate
2018,7,Horta-Guinardó,35,el Guinardó,41,827.1,19650.0,711,295,41.49,0.0421,Moderate
2018,7,Horta-Guinardó,35,el Guinardó,42,811.3,20390.0,803,260,32.38,0.0398,Moderate
2018,7,Horta-Guinardó,35,el Guinardó,43,835.6,20098.0,767,215,28.03,0.0416,Moderate
2018,7,Horta-Guinardó,35,el Guinardó,44,843.3,21346.0,668,214,32.04,0.0395,Moderate
2018,7,Horta-Guinardó,35,el Guinardó,45,821.2,19710.0,807,324,40.15,0.0417,Moderate
2018,7,Horta-Guinardó,35,el Guinardó,46,816.2,19352.0,726,280,38.57,0.0422,Moderate
2018,7,Horta-Guinardó,35,el Guinardó,47,748.1,19699.0,714,233,32.63,0.038,Affordable
2018,7,Horta-Guinardó,35,el Guinardó,48,769.3,20096.0,677,194,28.66,0.0383,Affordable
2018,7,Horta-Guinardó,35,el Guinardó,49,707.3,21108.0,605,197,32.56,0.0335,Affordable
2018,7,Horta-Guinardó,35,el Guinardó,50,713.3,20229.0,676,309,45.71,0.0353,Affordable
2018,7,Horta-Guinardó,35,el Guinardó,51,717.7,19793.0,898,371,41.31,0.0363,Affordable
2018,7,Horta-Guinardó,36,la Font d'en Fargues,52,840.8,21801.0,717,215,29.99,0.0386,Affordable
2018,7,Horta-Guinardó,36,la Font d'en Fargues,53,835.5,22066.0,705,129,18.3,0.0379,Affordable
2018,7,Horta-Guinardó,36,la Font d'en Fargues,54,826.9,26458.0,916,288,31.44,0.0313,Affordable
2018,7,Horta-Guinardó,36,la Font d'en Fargues,55,845.5,28013.0,633,122,19.27,0.0302,Affordable
2018,7,Horta-Guinardó,36,la Font d'en Fargues,56,746.2,22374.0,762,394,51.71,0.0334,Affordable
2018,7,Horta-Guinardó,36,la Font d'en Fargues,57,811.2,22455.0,821,414,50.43,0.0361,Affordable
2018,7,Horta-Guinardó,36,la Font d'en Fargues,58,843.1,21790.0,770,456,59.22,0.0387,Affordable
2018,7,Horta-Guinardó,37,el Carmel,59,597.4,15852.0,794,500,62.97,0.0377,Affordable
2018,7,Horta-Guinardó,37,el Carmel,60,569.5,15026.0,1129,635,56.24,0.0379,Affordable
2018,7,Horta-Guinardó,37,el Carmel,61,572.2,16094.0,597,250,41.88,0.0356,Affordable
2018,7,Horta-Guinardó,37,el Carmel,62,581.4,16413.0,644,272,42.24,0.0354,Affordable
2018,7,Horta-Guinardó,37,el Carmel,63,556.9,14405.0,720,403,55.97,0.0387,Affordable
2018,7,Horta-Guinardó,37,el Carmel,64,558.5,15565.0,758,387,51.06,0.0359,Affordable
2018,7,Horta-Guinardó,37,el Carmel,65,533.5,13719.0,846,612,72.34,0.0389,Affordable
2018,7,Horta-Guinardó,37,el Carmel,66,527.6,13716.0,816,435,53.31,0.0385,Affordable
2018,7,Horta-Guinardó,37,el Carmel,67,525.6,13699.0,731,368,50.34,0.0384,Affordable
2018,7,Horta-Guinardó,37,el Carmel,68,521.9,13475.0,558,337,60.39,0.0387,Affordable
2018,7,Horta-Guinardó,37,el Carmel,69,538.4,14267.0,683,395,57.83,0.0377,Affordable
2018,7,Horta-Guinardó,37,el Carmel,70,546.6,14286.0,629,262,41.65,0.0383,Affordable
2018,7,Horta-Guinardó,37,el Carmel,71,541.7,16611.0,624,226,36.22,0.0326,Affordable
2018,7,Horta-Guinardó,37,el Carmel,72,514.7,15813.0,660,251,38.03,0.0325,Affordable
2018,7,Horta-Guinardó,37,el Carmel,73,512.2,14852.0,558,349,62.54,0.0345,Affordable
2018,7,Horta-Guinardó,37,el Carmel,74,517.4,16279.0,783,389,49.68,0.0318,Affordable
2018,7,Horta-Guinardó,37,el Carmel,75,518.6,15286.0,536,222,41.42,0.0339,Affordable
2018,7,Horta-Guinardó,37,el Carmel,76,541.7,14755.0,668,280,41.92,0.0367,Affordable
2018,7,Horta-Guinardó,37,el Carmel,77,534.7,14415.0,621,381,61.35,0.0371,Affordable
2018,7,Horta-Guinardó,37,el Carmel,78,572.0,15178.0,638,312,48.9,0.0377,Affordable
2018,7,Horta-Guinardó,37,el Carmel,79,540.9,15402.0,731,447,61.15,0.0351,Affordable
2018,7,Horta-Guinardó,37,el Carmel,80,553.4,15864.0,757,315,41.61,0.0349,Affordable
2018,7,Horta-Guinardó,38,la Teixonera,81,604.1,17151.0,927,467,50.38,0.0352,Affordable
2018,7,Horta-Guinardó,38,la Teixonera,82,560.7,16211.0,644,297,46.12,0.0346,Affordable
2018,7,Horta-Guinardó,38,la Teixonera,83,535.4,16249.0,659,296,44.92,0.0329,Affordable
2018,7,Horta-Guinardó,38,la Teixonera,84,560.0,16395.0,701,351,50.07,0.0342,Affordable
2018,7,Horta-Guinardó,38,la Teixonera,85,564.9,17046.0,614,259,42.18,0.0331,Affordable
2018,7,Horta-Guinardó,38,la Teixonera,86,608.8,16133.0,754,391,51.86,0.0377,Affordable
2018,7,Horta-Guinardó,38,la Teixonera,87,621.3,16648.0,823,381,46.29,0.0373,Affordable
2018,7,Horta-Guinardó,38,la Teixonera,88,674.4,16611.0,844,420,49.76,0.0406,Moderate
2018,7,Horta-Guinardó,39,Sant Genís dels Agudells,89,673.6,21960.0,675,138,20.44,0.0307,Affordable
2018,7,Horta-Guinardó,39,Sant Genís dels Agudells,90,616.6,17108.0,760,216,28.42,0.036,Affordable
2018,7,Horta-Guinardó,39,Sant Genís dels Agudells,91,569.1,17488.0,634,235,37.07,0.0325,Affordable
2018,7,Horta-Guinardó,39,Sant Genís dels Agudells,92,513.8,14003.0,701,57,8.13,0.0367,Affordable
2018,7,Horta-Guinardó,39,Sant Genís dels Agudells,93,574.8,17976.0,739,20,2.71,0.032,Affordable
2018,7,Horta-Guinardó,40,Montbau,94,560.9,18751.0,709,421,59.38,0.0299,Affordable
2018,7,Horta-Guinardó,40,Montbau,95,597.4,19415.0,748,269,35.96,0.0308,Affordable
2018,7,Horta-Guinardó,40,Montbau,96,592.4,17827.0,697,218,31.28,0.0332,Affordable
2018,7,Horta-Guinardó,40,Montbau,97,631.0,20382.0,408,145,35.54,0.031,Affordable
2018,7,Horta-Guinardó,41,la Vall d'Hebron,98,967.2,25524.0,934,150,16.06,0.0379,Affordable
2018,7,Horta-Guinardó,41,la Vall d'Hebron,99,804.5,22398.0,480,80,16.67,0.0359,Affordable
2018,7,Horta-Guinardó,41,la Vall d'Hebron,100,740.0,19577.0,568,173,30.46,0.0378,Affordable
2018,7,Horta-Guinardó,41,la Vall d'Hebron,101,681.9,19903.0,672,374,55.65,0.0343,Affordable
2018,7,Horta-Guinardó,42,la Clota,102,732.1,19045.0,417,181,43.41,0.0384,Affordable
2018,7,Horta-Guinardó,43,Horta,103,683.7,18152.0,611,329,53.85,0.0377,Affordable
2018,7,Horta-Guinardó,43,Horta,104,754.4,16374.0,829,383,46.2,0.0461,Pressured
2018,7,Horta-Guinardó,43,Horta,105,794.6,21016.0,512,146,28.52,0.0378,Affordable
2018,7,Horta-Guinardó,43,Horta,106,773.5,20113.0,553,155,28.03,0.0385,Affordable
2018,7,Horta-Guinardó,43,Horta,107,817.9,22728.0,543,173,31.86,0.036,Affordable
2018,7,Horta-Guinardó,43,Horta,108,787.0,20795.0,628,229,36.46,0.0378,Affordable
2018,7,Horta-Guinardó,43,Horta,109,739.1,17455.0,840,394,46.9,0.0423,Moderate
2018,7,Horta-Guinardó,43,Horta,110,766.2,21404.0,508,173,34.06,0.0358,Affordable
2018,7,Horta-Guinardó,43,Horta,111,747.7,24178.0,495,75,15.15,0.0309,Affordable
2018,7,Horta-Guinardó,43,Horta,112,769.0,20561.0,602,136,22.59,0.0374,Affordable
2018,7,Horta-Guinardó,43,Horta,113,725.0,18461.0,609,233,38.26,0.0393,Affordable
2018,7,Horta-Guinardó,43,Horta,114,762.6,21236.0,727,358,49.24,0.0359,Affordable
2018,7,Horta-Guinardó,43,Horta,115,762.2,24576.0,673,266,39.52,0.031,Affordable
2018,7,Horta-Guinardó,43,Horta,116,783.3,18799.0,745,242,32.48,0.0417,Moderate
2018,7,Horta-Guinardó,43,Horta,117,719.0,21546.0,628,312,49.68,0.0334,Affordable
2018,7,Horta-Guinardó,43,Horta,118,710.3,20100.0,727,271,37.28,0.0353,Affordable
2018,7,Horta-Guinardó,43,Horta,119,652.2,17573.0,617,249,40.36,0.0371,Affordable
2018,7,Horta-Guinardó,43,Horta,120,689.0,18263.0,701,370,52.78,0.0377,Affordable
2018,7,Horta-Guinardó,43,Horta,121,655.4,16931.0,530,128,24.15,0.0387,Affordable
2018,7,Horta-Guinardó,43,Horta,122,685.7,19276.0,656,212,32.32,0.0356,Affordable
2018,7,Horta-Guinardó,43,Horta,123,671.3,19483.0,738,251,34.01,0.0345,Affordable
2018,8,Nou Barris,44,Vilapicina i la Torre Llobeta,1,726.5,18682.0,585,176,30.09,0.0389,Affordable
2018,8,Nou Barris,44,Vilapicina i la Torre Llobeta,2,724.2,20141.0,644,211,32.76,0.036,Affordable
2018,8,Nou Barris,44,Vilapicina i la Torre Llobeta,3,718.3,18029.0,609,238,39.08,0.0398,Moderate
2018,8,Nou Barris,44,Vilapicina i la Torre Llobeta,4,688.7,17083.0,678,197,29.06,0.0403,Moderate
2018,8,Nou Barris,44,Vilapicina i la Torre Llobeta,5,665.5,18690.0,593,243,40.98,0.0356,Affordable
2018,8,Nou Barris,44,Vilapicina i la Torre Llobeta,6,753.2,19594.0,729,246,33.74,0.0384,Affordable
2018,8,Nou Barris,44,Vilapicina i la Torre Llobeta,7,683.7,19578.0,519,161,31.02,0.0349,Affordable
2018,8,Nou Barris,44,Vilapicina i la Torre Llobeta,8,740.5,19896.0,730,193,26.44,0.0372,Affordable
2018,8,Nou Barris,44,Vilapicina i la Torre Llobeta,9,669.1,17346.0,811,68,8.38,0.0386,Affordable
2018,8,Nou Barris,44,Vilapicina i la Torre Llobeta,10,710.3,20177.0,574,162,28.22,0.0352,Affordable
2018,8,Nou Barris,44,Vilapicina i la Torre Llobeta,11,750.4,21462.0,507,44,8.68,0.035,Affordable
2018,8,Nou Barris,44,Vilapicina i la Torre Llobeta,12,720.2,18992.0,618,57,9.22,0.0379,Affordable
2018,8,Nou Barris,44,Vilapicina i la Torre Llobeta,13,762.5,18867.0,535,116,21.68,0.0404,Moderate
2018,8,Nou Barris,44,Vilapicina i la Torre Llobeta,14,746.7,17067.0,608,143,23.52,0.0438,Pressured
2018,8,Nou Barris,44,Vilapicina i la Torre Llobeta,15,754.7,16883.0,709,394,55.57,0.0447,Pressured
2018,8,Nou Barris,44,Vilapicina i la Torre Llobeta,16,753.6,17953.0,558,154,27.6,0.042,Moderate
2018,8,Nou Barris,44,Vilapicina i la Torre Llobeta,17,789.4,20174.0,688,237,34.45,0.0391,Affordable
2018,8,Nou Barris,44,Vilapicina i la Torre Llobeta,18,852.5,18410.0,699,126,18.03,0.0463,Pressured
2018,8,Nou Barris,44,Vilapicina i la Torre Llobeta,19,770.8,17117.0,847,484,57.14,0.045,Pressured
2018,8,Nou Barris,45,Porta,20,795.0,18251.0,695,244,35.11,0.0436,Pressured
2018,8,Nou Barris,45,Porta,21,729.4,17968.0,679,223,32.84,0.0406,Moderate
2018,8,Nou Barris,45,Porta,22,703.9,18854.0,534,32,5.99,0.0373,Affordable
2018,8,Nou Barris,45,Porta,23,721.7,16295.0,676,252,37.28,0.0443,Pressured
2018,8,Nou Barris,45,Porta,24,744.1,18169.0,683,174,25.48,0.041,Moderate
2018,8,Nou Barris,45,Porta,25,726.7,15762.0,614,317,51.63,0.0461,Pressured
2018,8,Nou Barris,45,Porta,26,763.7,18043.0,648,285,43.98,0.0423,Moderate
2018,8,Nou Barris,45,Porta,27,777.5,19695.0,643,149,23.17,0.0395,Moderate
2018,8,Nou Barris,45,Porta,28,670.0,16550.0,498,126,25.3,0.0405,Moderate
2018,8,Nou Barris,45,Porta,29,739.7,15327.0,677,163,24.08,0.0483,Critical
2018,8,Nou Barris,45,Porta,30,703.8,15592.0,632,141,22.31,0.0451,Pressured
2018,8,Nou Barris,45,Porta,31,686.6,17176.0,572,427,74.65,0.04,Moderate
2018,8,Nou Barris,45,Porta,32,598.8,17357.0,575,151,26.26,0.0345,Affordable
2018,8,Nou Barris,45,Porta,33,676.1,16239.0,661,316,47.81,0.0416,Moderate
2018,8,Nou Barris,45,Porta,34,688.8,14361.0,564,268,47.52,0.048,Critical
2018,8,Nou Barris,45,Porta,35,668.9,16973.0,711,352,49.51,0.0394,Affordable
2018,8,Nou Barris,45,Porta,36,654.9,14120.0,706,560,79.32,0.0464,Pressured
2018,8,Nou Barris,45,Porta,37,718.2,16340.0,708,348,49.15,0.044,Pressured
2018,8,Nou Barris,46,el Turó de la Peira,38,644.1,15212.0,693,258,37.23,0.0423,Moderate
2018,8,Nou Barris,46,el Turó de la Peira,39,612.1,15932.0,735,255,34.69,0.0384,Affordable
2018,8,Nou Barris,46,el Turó de la Peira,40,665.7,12378.0,714,177,24.79,0.0538,Critical
2018,8,Nou Barris,46,el Turó de la Peira,41,557.6,11389.0,980,777,79.29,0.049,Critical
2018,8,Nou Barris,46,el Turó de la Peira,42,607.0,18028.0,583,15,2.57,0.0337,Affordable
2018,8,Nou Barris,46,el Turó de la Peira,43,754.2,15908.0,551,3,0.54,0.0474,Pressured
2018,8,Nou Barris,46,el Turó de la Peira,44,600.8,13852.0,609,329,54.02,0.0434,Moderate
2018,8,Nou Barris,46,el Turó de la Peira,45,567.0,13361.0,709,389,54.87,0.0424,Moderate
2018,8,Nou Barris,46,el Turó de la Peira,46,560.0,15205.0,702,464,66.1,0.0368,Affordable
2018,8,Nou Barris,46,el Turó de la Peira,47,553.2,12219.0,680,385,56.62,0.0453,Pressured
2018,8,Nou Barris,47,Can Peguera,48,515.3,11510.0,453,445,98.23,0.0448,Pressured
2018,8,Nou Barris,47,Can Peguera,49,775.0,14393.0,594,370,62.29,0.0538,Critical
2018,8,Nou Barris,48,la Guineueta,50,788.2,20387.0,612,0,0.0,0.0387,Affordable
2018,8,Nou Barris,48,la Guineueta,51,823.3,19412.0,595,205,34.45,0.0424,Moderate
2018,8,Nou Barris,48,la Guineueta,52,768.3,18003.0,408,161,39.46,0.0427,Moderate
2018,8,Nou Barris,48,la Guineueta,53,740.1,20630.0,547,36,6.58,0.0359,Affordable
2018,8,Nou Barris,48,la Guineueta,54,743.1,17986.0,791,23,2.91,0.0413,Moderate
2018,8,Nou Barris,48,la Guineueta,55,737.8,23634.0,772,0,0.0,0.0312,Affordable
2018,8,Nou Barris,48,la Guineueta,56,568.6,16933.0,697,240,34.43,0.0336,Affordable
2018,8,Nou Barris,48,la Guineueta,57,574.7,17017.0,596,89,14.93,0.0338,Affordable
2018,8,Nou Barris,48,la Guineueta,58,548.5,15213.0,736,362,49.18,0.0361,Affordable
2018,8,Nou Barris,48,la Guineueta,59,547.3,16980.0,460,133,28.91,0.0322,Affordable
2018,8,Nou Barris,48,la Guineueta,215,752.5,19109.0,587,1,0.17,0.0394,Affordable
2018,8,Nou Barris,49,Canyelles,60,604.4,18300.0,542,6,1.11,0.033,Affordable
2018,8,Nou Barris,49,Canyelles,61,598.1,16299.0,676,0,0.0,0.0367,Affordable
2018,8,Nou Barris,49,Canyelles,62,604.4,17552.0,480,0,0.0,0.0344,Affordable
2018,8,Nou Barris,49,Canyelles,63,606.2,20495.0,480,0,0.0,0.0296,Affordable
2018,8,Nou Barris,49,Canyelles,64,593.9,15334.0,741,39,5.26,0.0387,Affordable
2018,8,Nou Barris,50,les Roquetes,65,448.3,12191.0,863,503,58.29,0.0368,Affordable
2018,8,Nou Barris,50,les Roquetes,66,443.8,11549.0,731,435,59.51,0.0384,Affordable
2018,8,Nou Barris,50,les Roquetes,67,510.1,14131.0,757,309,40.82,0.0361,Affordable
2018,8,Nou Barris,50,les Roquetes,68,510.9,12349.0,743,350,47.11,0.0414,Moderate
2018,8,Nou Barris,50,les Roquetes,69,516.2,12989.0,627,303,48.33,0.0397,Moderate
2018,8,Nou Barris,50,les Roquetes,70,495.0,12018.0,610,351,57.54,0.0412,Moderate
2018,8,Nou Barris,50,les Roquetes,71,508.1,13686.0,701,354,50.5,0.0371,Affordable
2018,8,Nou Barris,50,les Roquetes,72,502.1,15024.0,505,207,40.99,0.0334,Affordable
2018,8,Nou Barris,50,les Roquetes,73,452.6,12171.0,839,813,96.9,0.0372,Affordable
2018,8,Nou Barris,50,les Roquetes,74,525.4,12350.0,708,433,61.16,0.0425,Moderate
2018,8,Nou Barris,51,Verdun,75,667.9,15161.0,936,636,67.95,0.0441,Pressured
2018,8,Nou Barris,51,Verdun,76,653.0,15543.0,781,460,58.9,0.042,Moderate
2018,8,Nou Barris,51,Verdun,77,639.1,12184.0,609,77,12.64,0.0525,Critical
2018,8,Nou Barris,51,Verdun,78,510.8,13325.0,799,632,79.1,0.0383,Affordable
2018,8,Nou Barris,51,Verdun,79,602.6,13337.0,655,432,65.95,0.0452,Pressured
2018,8,Nou Barris,51,Verdun,80,626.9,14510.0,687,438,63.76,0.0432,Moderate
2018,8,Nou Barris,51,Verdun,81,610.7,12424.0,655,331,50.53,0.0492,Critical
2018,8,Nou Barris,51,Verdun,82,653.9,14488.0,791,468,59.17,0.0451,Pressured
2018,8,Nou Barris,52,la Prosperitat,83,652.7,15148.0,595,424,71.26,0.0431,Moderate
2018,8,Nou Barris,52,la Prosperitat,84,649.4,15422.0,490,158,32.24,0.0421,Moderate
2018,8,Nou Barris,52,la Prosperitat,85,602.3,14551.0,652,398,61.04,0.0414,Moderate
2018,8,Nou Barris,52,la Prosperitat,86,654.7,15512.0,779,441,56.61,0.0422,Moderate
2018,8,Nou Barris,52,la Prosperitat,87,615.2,15377.0,614,407,66.29,0.04,Moderate
2018,8,Nou Barris,52,la Prosperitat,88,645.0,14169.0,578,328,56.75,0.0455,Pressured
2018,8,Nou Barris,52,la Prosperitat,89,646.2,14864.0,588,289,49.15,0.0435,Pressured
2018,8,Nou Barris,52,la Prosperitat,90,724.4,16199.0,580,289,49.83,0.0447,Pressured
2018,8,Nou Barris,52,la Prosperitat,91,620.0,15704.0,564,279,49.47,0.0395,Moderate
2018,8,Nou Barris,52,la Prosperitat,92,685.3,16694.0,455,215,47.25,0.0411,Moderate
2018,8,Nou Barris,52,la Prosperitat,93,619.7,14698.0,587,395,67.29,0.0422,Moderate
2018,8,Nou Barris,52,la Prosperitat,94,657.7,15755.0,662,302,45.62,0.0417,Moderate
2018,8,Nou Barris,52,la Prosperitat,95,743.9,19297.0,494,0,0.0,0.0386,Affordable
2018,8,Nou Barris,52,la Prosperitat,96,686.1,15467.0,641,228,35.57,0.0444,Pressured
2018,8,Nou Barris,52,la Prosperitat,97,713.1,15329.0,597,315,52.76,0.0465,Pressured
2018,8,Nou Barris,52,la Prosperitat,98,612.5,14122.0,561,320,57.04,0.0434,Moderate
2018,8,Nou Barris,52,la Prosperitat,99,618.7,15516.0,657,399,60.73,0.0399,Moderate
2018,8,Nou Barris,52,la Prosperitat,100,646.8,15216.0,617,349,56.56,0.0425,Moderate
2018,8,Nou Barris,52,la Prosperitat,101,710.4,15703.0,762,363,47.64,0.0452,Pressured
2018,8,Nou Barris,52,la Prosperitat,102,678.4,13634.0,698,481,68.91,0.0498,Critical
2018,8,Nou Barris,53,la Trinitat Nova,103,425.1,11109.0,757,731,96.57,0.0383,Affordable
2018,8,Nou Barris,53,la Trinitat Nova,104,491.8,12442.0,558,302,54.12,0.0395,Moderate
2018,8,Nou Barris,53,la Trinitat Nova,105,464.3,12060.0,719,211,29.35,0.0385,Affordable
2018,8,Nou Barris,53,la Trinitat Nova,106,423.7,11714.0,671,219,32.64,0.0362,Affordable
2018,8,Nou Barris,53,la Trinitat Nova,107,569.5,12534.0,879,339,38.57,0.0454,Pressured
2018,8,Nou Barris,54,Torre Baró,108,464.2,11485.0,1137,517,45.47,0.0404,Moderate
2018,8,Nou Barris,54,Torre Baró,109,313.6,11178.0,564,308,54.61,0.0281,Affordable
2018,8,Nou Barris,55,Ciutat Meridiana,110,388.1,9539.0,745,705,94.63,0.0407,Moderate
2018,8,Nou Barris,55,Ciutat Meridiana,111,395.1,10659.0,607,394,64.91,0.0371,Affordable
2018,8,Nou Barris,55,Ciutat Meridiana,112,390.0,10552.0,603,284,47.1,0.037,Affordable
2018,8,Nou Barris,55,Ciutat Meridiana,113,395.2,10628.0,647,352,54.4,0.0372,Affordable
2018,8,Nou Barris,55,Ciutat Meridiana,114,398.9,11574.0,705,639,90.64,0.0345,Affordable
2018,8,Nou Barris,55,Ciutat Meridiana,115,393.6,11182.0,650,413,63.54,0.0352,Affordable
2018,8,Nou Barris,56,Vallbona,116,382.9,12332.0,845,365,43.2,0.031,Affordable
2018,9,Sant Andreu,57,la Trinitat Vella,1,448.9,9933.0,1048,714,68.13,0.0452,Pressured
2018,9,Sant Andreu,57,la Trinitat Vella,2,459.1,11154.0,844,466,55.21,0.0412,Moderate
2018,9,Sant Andreu,57,la Trinitat Vella,3,466.1,11640.0,852,477,55.99,0.04,Moderate
2018,9,Sant Andreu,57,la Trinitat Vella,4,479.5,12527.0,696,387,55.6,0.0383,Affordable
2018,9,Sant Andreu,57,la Trinitat Vella,5,537.4,16374.0,754,242,32.1,0.0328,Affordable
2018,9,Sant Andreu,58,Baró de Viver,6,389.7,12130.0,503,5,0.99,0.0321,Affordable
2018,9,Sant Andreu,58,Baró de Viver,7,410.2,11778.0,609,210,34.48,0.0348,Affordable
2018,9,Sant Andreu,59,el Bon Pastor,8,1042.9,23189.0,784,93,11.86,0.045,Pressured
2018,9,Sant Andreu,59,el Bon Pastor,9,505.9,17156.0,605,201,33.22,0.0295,Affordable
2018,9,Sant Andreu,59,el Bon Pastor,10,634.2,15024.0,774,97,12.53,0.0422,Moderate
2018,9,Sant Andreu,59,el Bon Pastor,11,527.1,13591.0,871,630,72.33,0.0388,Affordable
2018,9,Sant Andreu,59,el Bon Pastor,13,501.3,11668.0,805,218,27.08,0.043,Moderate
2018,9,Sant Andreu,59,el Bon Pastor,14,507.5,13238.0,675,424,62.81,0.0383,Affordable
2018,9,Sant Andreu,59,el Bon Pastor,15,530.2,13486.0,819,404,49.33,0.0393,Affordable
2018,9,Sant Andreu,60,Sant Andreu,16,824.5,20164.0,566,96,16.96,0.0409,Moderate
2018,9,Sant Andreu,60,Sant Andreu,17,859.4,20136.0,715,276,38.6,0.0427,Moderate
2018,9,Sant Andreu,60,Sant Andreu,18,884.7,18938.0,644,119,18.48,0.0467,Pressured
2018,9,Sant Andreu,60,Sant Andreu,19,871.7,22152.0,1046,16,1.53,0.0394,Affordable
2018,9,Sant Andreu,60,Sant Andreu,20,853.3,20504.0,564,127,22.52,0.0416,Moderate
2018,9,Sant Andreu,60,Sant Andreu,21,877.4,22959.0,752,239,31.78,0.0382,Affordable
2018,9,Sant Andreu,60,Sant Andreu,22,816.5,22218.0,743,319,42.93,0.0367,Affordable
2018,9,Sant Andreu,60,Sant Andreu,23,817.9,21466.0,740,375,50.68,0.0381,Affordable
2018,9,Sant Andreu,60,Sant Andreu,24,851.0,20744.0,547,109,19.93,0.041,Moderate
2018,9,Sant Andreu,60,Sant Andreu,25,829.5,21470.0,694,208,29.97,0.0386,Affordable
2018,9,Sant Andreu,60,Sant Andreu,26,852.6,21737.0,713,131,18.37,0.0392,Affordable
2018,9,Sant Andreu,60,Sant Andreu,27,846.3,22403.0,562,59,10.5,0.0378,Affordable
2018,9,Sant Andreu,60,Sant Andreu,28,986.2,24228.0,611,45,7.36,0.0407,Moderate
2018,9,Sant Andreu,60,Sant Andreu,29,814.9,19982.0,525,123,23.43,0.0408,Moderate
2018,9,Sant Andreu,60,Sant Andreu,30,930.4,21426.0,643,212,32.97,0.0434,Moderate
2018,9,Sant Andreu,60,Sant Andreu,31,964.7,22595.0,491,116,23.63,0.0427,Moderate
2018,9,Sant Andreu,60,Sant Andreu,32,793.1,16433.0,942,124,13.16,0.0483,Critical
2018,9,Sant Andreu,60,Sant Andreu,33,774.7,18898.0,1541,597,38.74,0.041,Moderate
2018,9,Sant Andreu,60,Sant Andreu,34,751.0,17292.0,663,168,25.34,0.0434,Moderate
2018,9,Sant Andreu,60,Sant Andreu,35,741.2,19038.0,792,359,45.33,0.0389,Affordable
2018,9,Sant Andreu,60,Sant Andreu,36,789.2,20495.0,644,121,18.79,0.0385,Affordable
2018,9,Sant Andreu,60,Sant Andreu,37,792.3,16401.0,861,578,67.13,0.0483,Critical
2018,9,Sant Andreu,60,Sant Andreu,38,846.3,21269.0,682,99,14.52,0.0398,Moderate
2018,9,Sant Andreu,60,Sant Andreu,39,824.3,20423.0,800,338,42.25,0.0404,Moderate
2018,9,Sant Andreu,60,Sant Andreu,40,867.4,21095.0,909,450,49.5,0.0411,Moderate
2018,9,Sant Andreu,60,Sant Andreu,41,835.5,20046.0,799,328,41.05,0.0417,Moderate
2018,9,Sant Andreu,60,Sant Andreu,42,802.3,22044.0,731,279,38.17,0.0364,Affordable
2018,9,Sant Andreu,60,Sant Andreu,43,835.8,18905.0,814,469,57.62,0.0442,Pressured
2018,9,Sant Andreu,60,Sant Andreu,44,812.5,20489.0,1000,557,55.7,0.0397,Moderate
2018,9,Sant Andreu,60,Sant Andreu,45,848.9,20382.0,755,336,44.5,0.0416,Moderate
2018,9,Sant Andreu,60,Sant Andreu,46,828.5,21571.0,694,238,34.29,0.0384,Affordable
2018,9,Sant Andreu,60,Sant Andreu,47,821.2,22522.0,1042,507,48.66,0.0365,Affordable
2018,9,Sant Andreu,60,Sant Andreu,48,849.9,19796.0,646,180,27.86,0.0429,Moderate
2018,9,Sant Andreu,60,Sant Andreu,49,860.5,19042.0,563,124,22.02,0.0452,Pressured
2018,9,Sant Andreu,60,Sant Andreu,50,857.2,21936.0,855,342,40.0,0.0391,Affordable
2018,9,Sant Andreu,60,Sant Andreu,51,834.3,21702.0,782,330,42.2,0.0384,Affordable
2018,9,Sant Andreu,60,Sant Andreu,52,842.8,20438.0,583,128,21.96,0.0412,Moderate
2018,9,Sant Andreu,60,Sant Andreu,53,857.1,22794.0,908,284,31.28,0.0376,Affordable
2018,9,Sant Andreu,60,Sant Andreu,54,859.5,21618.0,534,15,2.81,0.0398,Moderate
2018,9,Sant Andreu,61,la Sagrera,55,757.0,17012.0,656,0,0.0,0.0445,Pressured
2018,9,Sant Andreu,61,la Sagrera,56,873.7,20443.0,522,21,4.02,0.0427,Moderate
2018,9,Sant Andreu,61,la Sagrera,57,816.3,17766.0,760,119,15.66,0.0459,Pressured
2018,9,Sant Andreu,61,la Sagrera,58,907.2,21200.0,793,309,38.97,0.0428,Moderate
2018,9,Sant Andreu,61,la Sagrera,59,882.9,18673.0,666,277,41.59,0.0473,Pressured
2018,9,Sant Andreu,61,la Sagrera,60,871.1,19991.0,727,245,33.7,0.0436,Pressured
2018,9,Sant Andreu,61,la Sagrera,61,948.5,21529.0,749,171,22.83,0.0441,Pressured
2018,9,Sant Andreu,61,la Sagrera,62,886.6,18379.0,578,293,50.69,0.0482,Critical
2018,9,Sant Andreu,61,la Sagrera,63,970.6,21899.0,583,198,33.96,0.0443,Pressured
2018,9,Sant Andreu,61,la Sagrera,64,851.1,20393.0,491,5,1.02,0.0417,Moderate
2018,9,Sant Andreu,61,la Sagrera,65,851.1,18841.0,883,81,9.17,0.0452,Pressured
2018,9,Sant Andreu,61,la Sagrera,66,897.8,21368.0,643,71,11.04,0.042,Moderate
2018,9,Sant Andreu,61,la Sagrera,67,848.4,18265.0,696,185,26.58,0.0464,Pressured
2018,9,Sant Andreu,61,la Sagrera,68,881.9,20843.0,718,126,17.55,0.0423,Moderate
2018,9,Sant Andreu,61,la Sagrera,69,823.5,19888.0,440,0,0.0,0.0414,Moderate
2018,9,Sant Andreu,61,la Sagrera,70,766.1,15385.0,836,703,84.09,0.0498,Critical
2018,9,Sant Andreu,61,la Sagrera,71,770.4,18229.0,844,240,28.44,0.0423,Moderate
2018,9,Sant Andreu,61,la Sagrera,72,719.1,15758.0,728,476,65.38,0.0456,Pressured
2018,9,Sant Andreu,61,la Sagrera,73,801.5,19373.0,651,45,6.91,0.0414,Moderate
2018,9,Sant Andreu,61,la Sagrera,156,749.3,18639.0,524,0,0.0,0.0402,Moderate
2018,9,Sant Andreu,62,el Congrés i els Indians,74,764.0,18914.0,816,152,18.63,0.0404,Moderate
2018,9,Sant Andreu,62,el Congrés i els Indians,75,720.2,18189.0,644,116,18.01,0.0396,Moderate
2018,9,Sant Andreu,62,el Congrés i els Indians,76,760.5,18599.0,722,52,7.2,0.0409,Moderate
2018,9,Sant Andreu,62,el Congrés i els Indians,77,780.7,19244.0,811,239,29.47,0.0406,Moderate
2018,9,Sant Andreu,62,el Congrés i els Indians,78,790.5,18935.0,690,228,33.04,0.0417,Moderate
2018,9,Sant Andreu,62,el Congrés i els Indians,79,813.7,20231.0,818,286,34.96,0.0402,Moderate
2018,9,Sant Andreu,62,el Congrés i els Indians,80,787.5,19572.0,636,151,23.74,0.0402,Moderate
2018,9,Sant Andreu,62,el Congrés i els Indians,81,820.9,19605.0,894,380,42.51,0.0419,Moderate
2018,9,Sant Andreu,62,el Congrés i els Indians,82,779.3,19028.0,1000,368,36.8,0.041,Moderate
2018,9,Sant Andreu,63,Navas,83,787.7,19483.0,828,270,32.61,0.0404,Moderate
2018,9,Sant Andreu,63,Navas,84,815.4,21843.0,891,149,16.72,0.0373,Affordable
2018,9,Sant Andreu,63,Navas,85,787.0,19632.0,835,188,22.51,0.0401,Moderate
2018,9,Sant Andreu,63,Navas,86,762.7,19594.0,666,135,20.27,0.0389,Affordable
2018,9,Sant Andreu,63,Navas,87,801.8,20921.0,576,34,5.9,0.0383,Affordable
2018,9,Sant Andreu,63,Navas,88,832.9,18977.0,976,382,39.14,0.0439,Pressured
2018,9,Sant Andreu,63,Navas,89,737.3,18662.0,720,236,32.78,0.0395,Moderate
2018,9,Sant Andreu,63,Navas,90,832.7,19009.0,714,140,19.61,0.0438,Pressured
2018,9,Sant Andreu,63,Navas,91,845.7,18979.0,790,52,6.58,0.0446,Pressured
2018,9,Sant Andreu,63,Navas,92,848.5,19353.0,835,82,9.82,0.0438,Pressured
2018,9,Sant Andreu,63,Navas,93,853.4,20003.0,586,68,11.6,0.0427,Moderate
2018,9,Sant Andreu,63,Navas,94,866.6,19849.0,927,111,11.97,0.0437,Pressured
2018,9,Sant Andreu,63,Navas,95,875.8,19148.0,931,169,18.15,0.0457,Pressured
2018,10,Sant Martí,64,Camp de l'Arpa del Clot,1,832.1,18136.0,801,295,36.83,0.0459,Pressured
2018,10,Sant Martí,64,Camp de l'Arpa del Clot,2,843.4,19094.0,912,346,37.94,0.0442,Pressured
2018,10,Sant Martí,64,Camp de l'Arpa del Clot,3,858.3,19621.0,812,350,43.1,0.0437,Pressured
2018,10,Sant Martí,64,Camp de l'Arpa del Clot,4,835.4,19300.0,733,208,28.38,0.0433,Moderate
2018,10,Sant Martí,64,Camp de l'Arpa del Clot,5,885.9,20344.0,774,221,28.55,0.0435,Pressured
2018,10,Sant Martí,64,Camp de l'Arpa del Clot,6,857.5,20871.0,907,235,25.91,0.0411,Moderate
2018,10,Sant Martí,64,Camp de l'Arpa del Clot,7,874.4,25678.0,673,87,12.93,0.0341,Affordable
2018,10,Sant Martí,64,Camp de l'Arpa del Clot,8,903.0,21738.0,947,391,41.29,0.0415,Moderate
2018,10,Sant Martí,64,Camp de l'Arpa del Clot,9,892.8,21131.0,932,414,44.42,0.0423,Moderate
2018,10,Sant Martí,64,Camp de l'Arpa del Clot,10,870.7,19668.0,976,435,44.57,0.0443,Pressured
2018,10,Sant Martí,64,Camp de l'Arpa del Clot,11,945.1,21870.0,648,217,33.49,0.0432,Moderate
2018,10,Sant Martí,64,Camp de l'Arpa del Clot,12,903.8,21112.0,909,214,23.54,0.0428,Moderate
2018,10,Sant Martí,64,Camp de l'Arpa del Clot,13,845.4,19388.0,775,250,32.26,0.0436,Pressured
2018,10,Sant Martí,64,Camp de l'Arpa del Clot,14,852.2,20182.0,783,193,24.65,0.0422,Moderate
2018,10,Sant Martí,64,Camp de l'Arpa del Clot,15,928.2,21344.0,974,195,20.02,0.0435,Pressured
2018,10,Sant Martí,64,Camp de l'Arpa del Clot,16,909.8,21785.0,577,144,24.96,0.0418,Moderate
2018,10,Sant Martí,64,Camp de l'Arpa del Clot,17,878.3,19804.0,846,123,14.54,0.0443,Pressured
2018,10,Sant Martí,64,Camp de l'Arpa del Clot,18,858.4,18773.0,781,349,44.69,0.0457,Pressured
2018,10,Sant Martí,64,Camp de l'Arpa del Clot,19,871.0,19922.0,778,204,26.22,0.0437,Pressured
2018,10,Sant Martí,64,Camp de l'Arpa del Clot,20,827.4,17985.0,698,196,28.08,0.046,Pressured
2018,10,Sant Martí,64,Camp de l'Arpa del Clot,21,826.4,18109.0,673,221,32.84,0.0456,Pressured
2018,10,Sant Martí,64,Camp de l'Arpa del Clot,22,837.5,19840.0,747,301,40.29,0.0422,Moderate
2018,10,Sant Martí,64,Camp de l'Arpa del Clot,23,827.6,18937.0,746,301,40.35,0.0437,Pressured
2018,10,Sant Martí,64,Camp de l'Arpa del Clot,24,856.5,20700.0,764,355,46.47,0.0414,Moderate
2018,10,Sant Martí,64,Camp de l'Arpa del Clot,25,868.2,20274.0,704,269,38.21,0.0428,Moderate
2018,10,Sant Martí,65,el Clot,26,892.3,20991.0,758,250,32.98,0.0425,Moderate
2018,10,Sant Martí,65,el Clot,27,891.5,20739.0,768,254,33.07,0.043,Moderate
2018,10,Sant Martí,65,el Clot,28,894.8,19721.0,803,264,32.88,0.0454,Pressured
2018,10,Sant Martí,65,el Clot,29,855.3,18173.0,636,139,21.86,0.0471,Pressured
2018,10,Sant Martí,65,el Clot,30,855.7,19848.0,752,41,5.45,0.0431,Moderate
2018,10,Sant Martí,65,el Clot,31,874.1,19582.0,823,474,57.59,0.0446,Pressured
2018,10,Sant Martí,65,el Clot,32,825.6,20870.0,626,120,19.17,0.0396,Moderate
2018,10,Sant Martí,65,el Clot,33,924.1,22829.0,423,96,22.7,0.0405,Moderate
2018,10,Sant Martí,65,el Clot,34,870.6,19582.0,785,135,17.2,0.0445,Pressured
2018,10,Sant Martí,65,el Clot,35,1005.1,21890.0,778,129,16.58,0.0459,Pressured
2018,10,Sant Martí,65,el Clot,36,959.2,22378.0,642,212,33.02,0.0429,Moderate
2018,10,Sant Martí,65,el Clot,37,854.2,16317.0,452,56,12.39,0.0524,Critical
2018,10,Sant Martí,65,el Clot,38,861.5,19930.0,806,188,23.33,0.0432,Moderate
2018,10,Sant Martí,65,el Clot,39,845.9,17991.0,868,212,24.42,0.047,Pressured
2018,10,Sant Martí,65,el Clot,40,875.1,19948.0,908,363,39.98,0.0439,Pressured
2018,10,Sant Martí,65,el Clot,41,868.0,20327.0,786,182,23.16,0.0427,Moderate
2018,10,Sant Martí,65,el Clot,234,917.0,19166.0,800,22,2.75,0.0478,Critical
2018,10,Sant Martí,66,el Parc i la Llacuna del Poblenou,42,832.5,17344.0,1171,296,25.28,0.048,Critical
2018,10,Sant Martí,66,el Parc i la Llacuna del Poblenou,43,636.4,18496.0,951,338,35.54,0.0344,Affordable
2018,10,Sant Martí,66,el Parc i la Llacuna del Poblenou,44,801.2,19377.0,796,173,21.73,0.0413,Moderate
2018,10,Sant Martí,66,el Parc i la Llacuna del Poblenou,45,1054.9,23504.0,589,81,13.75,0.0449,Pressured
2018,10,Sant Martí,66,el Parc i la Llacuna del Poblenou,46,1068.4,23655.0,639,111,17.37,0.0452,Pressured
2018,10,Sant Martí,66,el Parc i la Llacuna del Poblenou,47,1131.5,23314.0,792,97,12.25,0.0485,Critical
2018,10,Sant Martí,66,el Parc i la Llacuna del Poblenou,48,976.8,22506.0,860,241,28.02,0.0434,Moderate
2018,10,Sant Martí,66,el Parc i la Llacuna del Poblenou,49,889.7,19032.0,572,57,9.97,0.0467,Pressured
2018,10,Sant Martí,66,el Parc i la Llacuna del Poblenou,50,953.2,22283.0,713,38,5.33,0.0428,Moderate
2018,10,Sant Martí,67,la Vila Olímpica del Poblenou,51,1208.8,24100.0,727,96,13.2,0.0502,Critical
2018,10,Sant Martí,67,la Vila Olímpica del Poblenou,52,1272.1,29947.0,1319,609,46.17,0.0425,Moderate
2018,10,Sant Martí,67,la Vila Olímpica del Poblenou,53,1396.5,34498.0,971,323,33.26,0.0405,Moderate
2018,10,Sant Martí,67,la Vila Olímpica del Poblenou,54,1187.2,29401.0,483,42,8.7,0.0404,Moderate
2018,10,Sant Martí,67,la Vila Olímpica del Poblenou,55,1508.4,33485.0,1153,64,5.55,0.045,Pressured
2018,10,Sant Martí,68,el Poblenou,56,508.9,17450.0,1066,505,47.37,0.0292,Affordable
2018,10,Sant Martí,68,el Poblenou,57,571.0,18875.0,745,375,50.34,0.0303,Affordable
2018,10,Sant Martí,68,el Poblenou,58,556.1,18751.0,580,259,44.66,0.0297,Affordable
2018,10,Sant Martí,68,el Poblenou,59,1467.2,22419.0,975,475,48.72,0.0654,Critical
2018,10,Sant Martí,68,el Poblenou,60,1021.0,18751.0,950,440,46.32,0.0545,Critical
2018,10,Sant Martí,68,el Poblenou,61,1019.5,23018.0,854,137,16.04,0.0443,Pressured
2018,10,Sant Martí,68,el Poblenou,62,1028.9,22413.0,746,109,14.61,0.0459,Pressured
2018,10,Sant Martí,68,el Poblenou,63,1020.3,21319.0,500,105,21.0,0.0479,Critical
2018,10,Sant Martí,68,el Poblenou,64,939.5,21858.0,898,216,24.05,0.043,Moderate
2018,10,Sant Martí,68,el Poblenou,65,1023.9,22002.0,821,188,22.9,0.0465,Pressured
2018,10,Sant Martí,68,el Poblenou,66,1035.1,21799.0,965,241,24.97,0.0475,Critical
2018,10,Sant Martí,68,el Poblenou,67,1284.3,27863.0,766,88,11.49,0.0461,Pressured
2018,10,Sant Martí,68,el Poblenou,68,1214.5,23558.0,653,73,11.18,0.0516,Critical
2018,10,Sant Martí,68,el Poblenou,69,1080.4,23749.0,1168,546,46.75,0.0455,Pressured
2018,10,Sant Martí,68,el Poblenou,70,1021.8,19412.0,822,416,50.61,0.0526,Critical
2018,10,Sant Martí,68,el Poblenou,71,1150.0,23229.0,751,121,16.11,0.0495,Critical
2018,10,Sant Martí,68,el Poblenou,72,1025.3,20004.0,975,400,41.03,0.0513,Critical
2018,10,Sant Martí,68,el Poblenou,73,1002.5,18260.0,709,206,29.06,0.0549,Critical
2018,10,Sant Martí,68,el Poblenou,74,1006.3,19237.0,832,320,38.46,0.0523,Critical
2018,10,Sant Martí,68,el Poblenou,75,1003.6,18516.0,660,244,36.97,0.0542,Critical
2018,10,Sant Martí,69,Diagonal Mar i el Front Marítim del Poblenou,76,995.8,23554.0,855,226,26.43,0.0423,Moderate
2018,10,Sant Martí,69,Diagonal Mar i el Front Marítim del Poblenou,77,1128.6,25874.0,901,204,22.64,0.0436,Pressured
2018,10,Sant Martí,69,Diagonal Mar i el Front Marítim del Poblenou,78,1680.5,26605.0,1081,82,7.59,0.0632,Critical
2018,10,Sant Martí,69,Diagonal Mar i el Front Marítim del Poblenou,79,1302.0,22822.0,702,31,4.42,0.0571,Critical
2018,10,Sant Martí,69,Diagonal Mar i el Front Marítim del Poblenou,80,2057.0,31732.0,1301,14,1.08,0.0648,Critical
2018,10,Sant Martí,69,Diagonal Mar i el Front Marítim del Poblenou,235,845.8,16444.0,677,228,33.68,0.0514,Critical
2018,10,Sant Martí,69,Diagonal Mar i el Front Marítim del Poblenou,236,816.6,17791.0,781,70,8.96,0.0459,Pressured
2018,10,Sant Martí,70,el Besòs i el Maresme,81,607.4,14318.0,857,443,51.69,0.0424,Moderate
2018,10,Sant Martí,70,el Besòs i el Maresme,82,436.1,9433.0,720,661,91.81,0.0462,Pressured
2018,10,Sant Martí,70,el Besòs i el Maresme,83,453.9,8865.0,789,633,80.23,0.0512,Critical
2018,10,Sant Martí,70,el Besòs i el Maresme,84,488.2,11420.0,649,420,64.71,0.0427,Moderate
2018,10,Sant Martí,70,el Besòs i el Maresme,85,465.5,10474.0,868,461,53.11,0.0444,Pressured
2018,10,Sant Martí,70,el Besòs i el Maresme,86,507.8,12008.0,954,447,46.86,0.0423,Moderate
2018,10,Sant Martí,70,el Besòs i el Maresme,87,485.1,12333.0,779,181,23.23,0.0393,Affordable
2018,10,Sant Martí,70,el Besòs i el Maresme,88,739.0,16527.0,680,3,0.44,0.0447,Pressured
2018,10,Sant Martí,70,el Besòs i el Maresme,89,445.9,12236.0,747,493,66.0,0.0364,Affordable
2018,10,Sant Martí,70,el Besòs i el Maresme,90,496.0,13828.0,596,16,2.68,0.0359,Affordable
2018,10,Sant Martí,70,el Besòs i el Maresme,91,511.1,15325.0,889,52,5.85,0.0334,Affordable
2018,10,Sant Martí,70,el Besòs i el Maresme,92,824.0,18713.0,617,1,0.16,0.044,Pressured
2018,10,Sant Martí,70,el Besòs i el Maresme,93,525.3,19160.0,500,45,9.0,0.0274,Affordable
2018,10,Sant Martí,71,Provençals del Poblenou,94,873.6,22436.0,1461,428,29.3,0.0389,Affordable
2018,10,Sant Martí,71,Provençals del Poblenou,95,959.0,16966.0,599,230,38.4,0.0565,Critical
2018,10,Sant Martí,71,Provençals del Poblenou,96,1039.7,22376.0,702,44,6.27,0.0465,Pressured
2018,10,Sant Martí,71,Provençals del Poblenou,97,999.0,22364.0,701,122,17.4,0.0447,Pressured
2018,10,Sant Martí,71,Provençals del Poblenou,98,989.1,20263.0,685,12,1.75,0.0488,Critical
2018,10,Sant Martí,71,Provençals del Poblenou,99,1022.5,14974.0,430,8,1.86,0.0683,Critical
2018,10,Sant Martí,71,Provençals del Poblenou,100,545.6,17081.0,777,84,10.81,0.0319,Affordable
2018,10,Sant Martí,71,Provençals del Poblenou,101,694.3,17714.0,718,156,21.73,0.0392,Affordable
2018,10,Sant Martí,71,Provençals del Poblenou,102,696.8,16205.0,1186,106,8.94,0.043,Moderate
2018,10,Sant Martí,71,Provençals del Poblenou,103,734.7,18360.0,956,50,5.23,0.04,Moderate
2018,10,Sant Martí,71,Provençals del Poblenou,104,733.5,21057.0,635,0,0.0,0.0348,Affordable
2018,10,Sant Martí,71,Provençals del Poblenou,237,668.8,16127.0,344,197,57.27,0.0415,Moderate
2018,10,Sant Martí,72,Sant Martí de Provençals,105,770.2,18589.0,948,284,29.96,0.0414,Moderate
2018,10,Sant Martí,72,Sant Martí de Provençals,106,705.3,18591.0,461,73,15.84,0.0379,Affordable
2018,10,Sant Martí,72,Sant Martí de Provençals,107,778.7,22843.0,700,102,14.57,0.0341,Affordable
2018,10,Sant Martí,72,Sant Martí de Provençals,108,738.8,17605.0,623,90,14.45,0.042,Moderate
2018,10,Sant Martí,72,Sant Martí de Provençals,109,694.6,17069.0,706,146,20.68,0.0407,Moderate
2018,10,Sant Martí,72,Sant Martí de Provençals,110,696.9,16785.0,758,153,20.18,0.0415,Moderate
2018,10,Sant Martí,72,Sant Martí de Provençals,111,697.7,17994.0,582,21,3.61,0.0388,Affordable
2018,10,Sant Martí,72,Sant Martí de Provençals,112,642.1,22334.0,632,1,0.16,0.0287,Affordable
2018,10,Sant Martí,72,Sant Martí de Provençals,113,656.4,17228.0,508,16,3.15,0.0381,Affordable
2018,10,Sant Martí,72,Sant Martí de Provençals,114,628.2,15428.0,638,2,0.31,0.0407,Moderate
2018,10,Sant Martí,72,Sant Martí de Provençals,115,649.9,16902.0,621,19,3.06,0.0385,Affordable
2018,10,Sant Martí,72,Sant Martí de Provençals,116,621.3,15511.0,868,264,30.41,0.0401,Moderate
2018,10,Sant Martí,72,Sant Martí de Provençals,117,649.7,17203.0,568,1,0.18,0.0378,Affordable
2018,10,Sant Martí,72,Sant Martí de Provençals,118,695.1,21612.0,409,1,0.24,0.0322,Affordable
2018,10,Sant Martí,72,Sant Martí de Provençals,119,690.5,16226.0,576,447,77.6,0.0426,Moderate
2018,10,Sant Martí,72,Sant Martí de Provençals,120,668.3,16967.0,750,74,9.87,0.0394,Affordable
2018,10,Sant Martí,72,Sant Martí de Provençals,121,662.3,16409.0,733,157,21.42,0.0404,Moderate
2018,10,Sant Martí,72,Sant Martí de Provençals,122,710.1,20685.0,611,0,0.0,0.0343,Affordable
2018,10,Sant Martí,73,la Verneda i la Pau,123,701.9,17547.0,593,175,29.51,0.04,Moderate
2018,10,Sant Martí,73,la Verneda i la Pau,124,755.8,17744.0,462,1,0.22,0.0426,Moderate
2018,10,Sant Martí,73,la Verneda i la Pau,125,729.1,16642.0,489,40,8.18,0.0438,Pressured
2018,10,Sant Martí,73,la Verneda i la Pau,126,569.2,18276.0,440,7,1.59,0.0311,Affordable
2018,10,Sant Martí,73,la Verneda i la Pau,127,826.3,18683.0,435,145,33.33,0.0442,Pressured
2018,10,Sant Martí,73,la Verneda i la Pau,128,744.2,19399.0,740,27,3.65,0.0384,Affordable
2018,10,Sant Martí,73,la Verneda i la Pau,129,684.5,19196.0,479,0,0.0,0.0357,Affordable
2018,10,Sant Martí,73,la Verneda i la Pau,130,618.9,17813.0,581,1,0.17,0.0347,Affordable
2018,10,Sant Martí,73,la Verneda i la Pau,131,685.3,20700.0,432,0,0.0,0.0331,Affordable
2018,10,Sant Martí,73,la Verneda i la Pau,132,627.3,16686.0,524,1,0.19,0.0376,Affordable
2018,10,Sant Martí,73,la Verneda i la Pau,133,628.9,15892.0,867,125,14.42,0.0396,Moderate
2018,10,Sant Martí,73,la Verneda i la Pau,134,620.9,15942.0,798,548,68.67,0.0389,Affordable
2018,10,Sant Martí,73,la Verneda i la Pau,135,612.8,15971.0,560,56,10.0,0.0384,Affordable
2018,10,Sant Martí,73,la Verneda i la Pau,136,498.0,16616.0,599,9,1.5,0.03,Affordable
2018,10,Sant Martí,73,la Verneda i la Pau,137,479.1,14368.0,645,37,5.74,0.0333,Affordable
2018,10,Sant Martí,73,la Verneda i la Pau,138,490.1,13355.0,776,442,56.96,0.0367,Affordable
2018,10,Sant Martí,73,la Verneda i la Pau,139,495.2,14472.0,764,545,71.34,0.0342,Affordable
2018,10,Sant Martí,73,la Verneda i la Pau,140,464.6,14025.0,690,161,23.33,0.0331,Affordable
2018,10,Sant Martí,73,la Verneda i la Pau,141,525.7,15240.0,473,90,19.03,0.0345,Affordable
2018,10,Sant Martí,73,la Verneda i la Pau,142,501.3,13116.0,671,326,48.58,0.0382,Affordable
2018,10,Sant Martí,73,la Verneda i la Pau,143,454.1,14929.0,1045,475,45.45,0.0304,Affordable
2019,1,Ciutat Vella,1,el Raval,1,974.29,14426.0,819,435,53.11,0.0675,Critical
2019,1,Ciutat Vella,1,el Raval,2,902.25,11435.0,700,356,50.86,0.0789,Critical
2019,1,Ciutat Vella,1,el Raval,3,846.29,11512.0,1331,842,63.26,0.0735,Critical
2019,1,Ciutat Vella,1,el Raval,4,873.24,14270.0,1461,750,51.33,0.0612,Critical
2019,1,Ciutat Vella,1,el Raval,5,888.89,12026.0,1244,463,37.22,0.0739,Critical
2019,1,Ciutat Vella,1,el Raval,6,781.27,14077.0,909,394,43.34,0.0555,Critical
2019,1,Ciutat Vella,1,el Raval,7,828.16,12397.0,887,421,47.46,0.0668,Critical
2019,1,Ciutat Vella,1,el Raval,8,805.83,10066.0,1258,951,75.6,0.0801,Critical
2019,1,Ciutat Vella,1,el Raval,9,830.33,12698.0,1015,611,60.2,0.0654,Critical
2019,1,Ciutat Vella,1,el Raval,10,765.21,10483.0,965,747,77.41,0.073,Critical
2019,1,Ciutat Vella,1,el Raval,11,842.38,10410.0,1545,1178,76.25,0.0809,Critical
2019,1,Ciutat Vella,1,el Raval,12,902.47,13267.0,1060,710,66.98,0.068,Critical
2019,1,Ciutat Vella,1,el Raval,13,916.27,14182.0,621,241,38.81,0.0646,Critical
2019,1,Ciutat Vella,1,el Raval,14,850.47,12478.0,817,474,58.02,0.0682,Critical
2019,1,Ciutat Vella,1,el Raval,15,867.56,13042.0,1090,671,61.56,0.0665,Critical
2019,1,Ciutat Vella,1,el Raval,16,860.53,13126.0,1048,683,65.17,0.0656,Critical
2019,1,Ciutat Vella,1,el Raval,17,803.34,12102.0,1186,840,70.83,0.0664,Critical
2019,1,Ciutat Vella,1,el Raval,18,912.38,12484.0,685,309,45.11,0.0731,Critical
2019,1,Ciutat Vella,1,el Raval,19,944.13,12772.0,1577,899,57.01,0.0739,Critical
2019,1,Ciutat Vella,1,el Raval,20,933.97,20014.0,1325,364,27.47,0.0467,Critical
2019,1,Ciutat Vella,1,el Raval,21,1192.59,18359.0,1569,613,39.07,0.065,Critical
2019,1,Ciutat Vella,2,el Gòtic,22,1542.89,24242.0,883,193,21.86,0.0636,Critical
2019,1,Ciutat Vella,2,el Gòtic,23,1229.48,19645.0,1560,553,35.45,0.0626,Critical
2019,1,Ciutat Vella,2,el Gòtic,25,1043.12,18094.0,1096,379,34.58,0.0577,Critical
2019,1,Ciutat Vella,2,el Gòtic,26,925.47,18533.0,1072,410,38.25,0.0499,Critical
2019,1,Ciutat Vella,2,el Gòtic,27,931.56,16804.0,1032,325,31.49,0.0554,Critical
2019,1,Ciutat Vella,2,el Gòtic,28,1129.63,17095.0,1322,505,38.2,0.0661,Critical
2019,1,Ciutat Vella,2,el Gòtic,29,896.61,14806.0,889,307,34.53,0.0606,Critical
2019,1,Ciutat Vella,2,el Gòtic,30,939.97,14703.0,1362,364,26.73,0.0639,Critical
2019,1,Ciutat Vella,2,el Gòtic,31,930.78,15144.0,1116,404,36.2,0.0615,Critical
2019,1,Ciutat Vella,3,la Barceloneta,32,1222.33,19508.0,1237,962,77.77,0.0627,Critical
2019,1,Ciutat Vella,3,la Barceloneta,33,1229.44,16029.0,707,586,82.89,0.0767,Critical
2019,1,Ciutat Vella,3,la Barceloneta,34,1195.73,16021.0,695,638,91.8,0.0746,Critical
2019,1,Ciutat Vella,3,la Barceloneta,35,1180.59,15557.0,770,708,91.95,0.0759,Critical
2019,1,Ciutat Vella,3,la Barceloneta,36,1366.33,17108.0,788,519,65.86,0.0799,Critical
2019,1,Ciutat Vella,3,la Barceloneta,37,1159.89,16447.0,672,381,56.7,0.0705,Critical
2019,1,Ciutat Vella,3,la Barceloneta,38,1171.42,15591.0,928,858,92.46,0.0751,Critical
2019,1,Ciutat Vella,3,la Barceloneta,39,1182.49,16309.0,783,454,57.98,0.0725,Critical
2019,1,Ciutat Vella,3,la Barceloneta,40,1275.17,17765.0,702,578,82.34,0.0718,Critical
2019,1,Ciutat Vella,3,la Barceloneta,41,1187.08,15207.0,1021,934,91.48,0.0781,Critical
2019,1,Ciutat Vella,3,la Barceloneta,42,1266.84,16950.0,857,427,49.82,0.0747,Critical
2019,1,Ciutat Vella,4,"Sant Pere, Santa Caterina i la Ribera",43,1206.62,23498.0,1153,349,30.27,0.0513,Critical
2019,1,Ciutat Vella,4,"Sant Pere, Santa Caterina i la Ribera",44,1111.22,23758.0,950,311,32.74,0.0468,Critical
2019,1,Ciutat Vella,4,"Sant Pere, Santa Caterina i la Ribera",45,1012.09,18485.0,1496,749,50.07,0.0548,Critical
2019,1,Ciutat Vella,4,"Sant Pere, Santa Caterina i la Ribera",46,1083.77,16874.0,1242,580,46.7,0.0642,Critical
2019,1,Ciutat Vella,4,"Sant Pere, Santa Caterina i la Ribera",47,965.94,16867.0,1253,737,58.82,0.0573,Critical
2019,1,Ciutat Vella,4,"Sant Pere, Santa Caterina i la Ribera",48,945.4,12924.0,1348,766,56.82,0.0732,Critical
2019,1,Ciutat Vella,4,"Sant Pere, Santa Caterina i la Ribera",49,1040.17,18691.0,765,226,29.54,0.0557,Critical
2019,1,Ciutat Vella,4,"Sant Pere, Santa Caterina i la Ribera",50,937.55,17066.0,922,483,52.39,0.0549,Critical
2019,1,Ciutat Vella,4,"Sant Pere, Santa Caterina i la Ribera",51,912.79,14779.0,1114,715,64.18,0.0618,Critical
2019,1,Ciutat Vella,4,"Sant Pere, Santa Caterina i la Ribera",52,1068.56,24383.0,1332,292,21.92,0.0438,Pressured
2019,1,Ciutat Vella,4,"Sant Pere, Santa Caterina i la Ribera",53,974.37,16022.0,1333,802,60.17,0.0608,Critical
2019,1,Ciutat Vella,4,"Sant Pere, Santa Caterina i la Ribera",54,1036.32,18148.0,860,534,62.09,0.0571,Critical
2019,1,Ciutat Vella,4,"Sant Pere, Santa Caterina i la Ribera",55,1070.69,21386.0,684,176,25.73,0.0501,Critical
2019,2,Eixample,5,el Fort Pienc,1,1113.67,23854.0,595,186,31.26,0.0467,Critical
2019,2,Eixample,5,el Fort Pienc,2,1108.08,23562.0,896,221,24.67,0.047,Critical
2019,2,Eixample,5,el Fort Pienc,3,1082.29,24451.0,536,147,27.43,0.0443,Pressured
2019,2,Eixample,5,el Fort Pienc,4,1037.72,19945.0,621,36,5.8,0.052,Critical
2019,2,Eixample,5,el Fort Pienc,5,1086.85,25317.0,1001,61,6.09,0.0429,Pressured
2019,2,Eixample,5,el Fort Pienc,6,1189.8,26684.0,829,64,7.72,0.0446,Pressured
2019,2,Eixample,5,el Fort Pienc,7,1186.82,26945.0,612,136,22.22,0.044,Pressured
2019,2,Eixample,5,el Fort Pienc,8,1085.26,24762.0,846,48,5.67,0.0438,Pressured
2019,2,Eixample,5,el Fort Pienc,9,1085.12,24168.0,792,191,24.12,0.0449,Pressured
2019,2,Eixample,5,el Fort Pienc,10,1000.1,21823.0,543,31,5.71,0.0458,Critical
2019,2,Eixample,5,el Fort Pienc,11,1080.83,24180.0,553,100,18.08,0.0447,Pressured
2019,2,Eixample,5,el Fort Pienc,12,1045.61,19237.0,679,91,13.4,0.0544,Critical
2019,2,Eixample,5,el Fort Pienc,13,955.68,20748.0,598,259,43.31,0.0461,Critical
2019,2,Eixample,5,el Fort Pienc,14,974.09,19636.0,689,103,14.95,0.0496,Critical
2019,2,Eixample,5,el Fort Pienc,15,987.71,20042.0,759,197,25.96,0.0493,Critical
2019,2,Eixample,5,el Fort Pienc,16,1053.58,24841.0,940,212,22.55,0.0424,Pressured
2019,2,Eixample,5,el Fort Pienc,17,1150.39,25807.0,933,100,10.72,0.0446,Pressured
2019,2,Eixample,5,el Fort Pienc,18,1151.65,26123.0,940,129,13.72,0.0441,Pressured
2019,2,Eixample,5,el Fort Pienc,19,1091.2,23260.0,949,99,10.43,0.0469,Critical
2019,2,Eixample,5,el Fort Pienc,20,1040.52,20960.0,825,409,49.58,0.0496,Critical
2019,2,Eixample,6,la Sagrada Família,21,956.37,23105.0,812,270,33.25,0.0414,Moderate
2019,2,Eixample,6,la Sagrada Família,22,981.93,22203.0,629,124,19.71,0.0442,Pressured
2019,2,Eixample,6,la Sagrada Família,23,1027.03,23223.0,537,169,31.47,0.0442,Pressured
2019,2,Eixample,6,la Sagrada Família,24,961.35,21213.0,609,138,22.66,0.0453,Pressured
2019,2,Eixample,6,la Sagrada Família,25,1031.94,21275.0,668,243,36.38,0.0485,Critical
2019,2,Eixample,6,la Sagrada Família,26,1040.12,22904.0,1060,281,26.51,0.0454,Pressured
2019,2,Eixample,6,la Sagrada Família,27,1027.53,23306.0,994,110,11.07,0.0441,Pressured
2019,2,Eixample,6,la Sagrada Família,28,1017.86,22885.0,1112,408,36.69,0.0445,Pressured
2019,2,Eixample,6,la Sagrada Família,29,1015.78,21484.0,608,91,14.97,0.0473,Critical
2019,2,Eixample,6,la Sagrada Família,30,993.96,17756.0,629,92,14.63,0.056,Critical
2019,2,Eixample,6,la Sagrada Família,31,1069.12,24683.0,508,70,13.78,0.0433,Pressured
2019,2,Eixample,6,la Sagrada Família,32,923.8,24157.0,541,132,24.4,0.0382,Moderate
2019,2,Eixample,6,la Sagrada Família,33,1025.6,23128.0,638,255,39.97,0.0443,Pressured
2019,2,Eixample,6,la Sagrada Família,34,1014.82,20130.0,651,258,39.63,0.0504,Critical
2019,2,Eixample,6,la Sagrada Família,35,1028.62,25612.0,694,92,13.26,0.0402,Moderate
2019,2,Eixample,6,la Sagrada Família,36,1023.59,24374.0,589,149,25.3,0.042,Pressured
2019,2,Eixample,6,la Sagrada Família,37,1060.03,25877.0,579,121,20.9,0.041,Moderate
2019,2,Eixample,6,la Sagrada Família,38,1072.11,25781.0,784,253,32.27,0.0416,Pressured
2019,2,Eixample,6,la Sagrada Família,39,1035.83,22829.0,922,225,24.4,0.0454,Pressured
2019,2,Eixample,6,la Sagrada Família,40,1017.38,20210.0,839,401,47.79,0.0503,Critical
2019,2,Eixample,6,la Sagrada Família,41,1045.26,22450.0,831,251,30.2,0.0466,Critical
2019,2,Eixample,6,la Sagrada Família,42,1048.78,26703.0,786,58,7.38,0.0393,Moderate
2019,2,Eixample,6,la Sagrada Família,43,1108.0,24144.0,687,105,15.28,0.0459,Critical
2019,2,Eixample,6,la Sagrada Família,44,1041.17,20853.0,582,140,24.05,0.0499,Critical
2019,2,Eixample,6,la Sagrada Família,45,1061.73,25299.0,574,188,32.75,0.042,Pressured
2019,2,Eixample,6,la Sagrada Família,46,979.49,20787.0,1023,122,11.93,0.0471,Critical
2019,2,Eixample,6,la Sagrada Família,47,1069.33,22236.0,895,186,20.78,0.0481,Critical
2019,2,Eixample,6,la Sagrada Família,48,1060.69,21675.0,602,119,19.77,0.0489,Critical
2019,2,Eixample,6,la Sagrada Família,49,1089.48,21253.0,1096,474,43.25,0.0513,Critical
2019,2,Eixample,6,la Sagrada Família,50,1010.97,22331.0,924,347,37.55,0.0453,Pressured
2019,2,Eixample,6,la Sagrada Família,51,903.6,20450.0,1041,248,23.82,0.0442,Pressured
2019,2,Eixample,6,la Sagrada Família,52,1152.98,22887.0,1024,297,29.0,0.0504,Critical
2019,2,Eixample,6,la Sagrada Família,53,1142.78,25370.0,1076,306,28.44,0.045,Pressured
2019,2,Eixample,6,la Sagrada Família,54,1121.51,24237.0,965,196,20.31,0.0463,Critical
2019,2,Eixample,7,la Dreta de l'Eixample,55,1153.95,25328.0,1018,177,17.39,0.0456,Critical
2019,2,Eixample,7,la Dreta de l'Eixample,56,1187.26,25999.0,733,139,18.96,0.0457,Critical
2019,2,Eixample,7,la Dreta de l'Eixample,57,1242.14,31746.0,602,44,7.31,0.0391,Moderate
2019,2,Eixample,7,la Dreta de l'Eixample,58,1230.14,27931.0,761,67,8.8,0.044,Pressured
2019,2,Eixample,7,la Dreta de l'Eixample,59,1233.65,30066.0,770,59,7.66,0.041,Moderate
2019,2,Eixample,7,la Dreta de l'Eixample,60,1167.44,25808.0,915,113,12.35,0.0452,Pressured
2019,2,Eixample,7,la Dreta de l'Eixample,61,1214.85,25318.0,722,222,30.75,0.048,Critical
2019,2,Eixample,7,la Dreta de l'Eixample,62,1254.81,29793.0,831,76,9.15,0.0421,Pressured
2019,2,Eixample,7,la Dreta de l'Eixample,63,1324.22,37667.0,656,49,7.47,0.0352,Affordable
2019,2,Eixample,7,la Dreta de l'Eixample,64,1294.66,31826.0,665,42,6.32,0.0407,Moderate
2019,2,Eixample,7,la Dreta de l'Eixample,65,1253.28,28076.0,959,139,14.49,0.0446,Pressured
2019,2,Eixample,7,la Dreta de l'Eixample,66,1153.59,26655.0,908,158,17.4,0.0433,Pressured
2019,2,Eixample,7,la Dreta de l'Eixample,67,1131.24,23160.0,1036,307,29.63,0.0488,Critical
2019,2,Eixample,7,la Dreta de l'Eixample,68,1172.73,24129.0,881,174,19.75,0.0486,Critical
2019,2,Eixample,7,la Dreta de l'Eixample,69,1273.86,27793.0,717,85,11.85,0.0458,Critical
2019,2,Eixample,7,la Dreta de l'Eixample,70,1234.09,31642.0,750,127,16.93,0.039,Moderate
2019,2,Eixample,7,la Dreta de l'Eixample,71,1265.53,30784.0,878,64,7.29,0.0411,Moderate
2019,2,Eixample,7,la Dreta de l'Eixample,72,1302.42,35266.0,601,45,7.49,0.0369,Affordable
2019,2,Eixample,7,la Dreta de l'Eixample,73,1239.35,32338.0,887,118,13.3,0.0383,Moderate
2019,2,Eixample,7,la Dreta de l'Eixample,74,1170.91,28648.0,670,55,8.21,0.0409,Moderate
2019,2,Eixample,7,la Dreta de l'Eixample,75,1211.03,29085.0,727,98,13.48,0.0416,Pressured
2019,2,Eixample,7,la Dreta de l'Eixample,76,1257.97,34299.0,874,90,10.3,0.0367,Affordable
2019,2,Eixample,7,la Dreta de l'Eixample,77,1819.74,28952.0,1138,164,14.41,0.0629,Critical
2019,2,Eixample,7,la Dreta de l'Eixample,78,2079.22,41006.0,930,159,17.1,0.0507,Critical
2019,2,Eixample,7,la Dreta de l'Eixample,79,1795.29,36329.0,993,113,11.38,0.0494,Critical
2019,2,Eixample,7,la Dreta de l'Eixample,80,1799.22,34923.0,981,119,12.13,0.0515,Critical
2019,2,Eixample,7,la Dreta de l'Eixample,81,1819.54,37802.0,1497,149,9.95,0.0481,Critical
2019,2,Eixample,7,la Dreta de l'Eixample,82,1816.21,34342.0,694,59,8.5,0.0529,Critical
2019,2,Eixample,7,la Dreta de l'Eixample,83,1779.06,40513.0,1421,206,14.5,0.0439,Pressured
2019,2,Eixample,8,l'Antiga Esquerra de l'Eixample,84,1268.46,28742.0,1183,180,15.22,0.0441,Pressured
2019,2,Eixample,8,l'Antiga Esquerra de l'Eixample,85,1286.27,29156.0,1007,112,11.12,0.0441,Pressured
2019,2,Eixample,8,l'Antiga Esquerra de l'Eixample,86,1254.6,31755.0,848,72,8.49,0.0395,Moderate
2019,2,Eixample,8,l'Antiga Esquerra de l'Eixample,87,1252.87,28988.0,844,132,15.64,0.0432,Pressured
2019,2,Eixample,8,l'Antiga Esquerra de l'Eixample,88,1297.48,30380.0,969,158,16.31,0.0427,Pressured
2019,2,Eixample,8,l'Antiga Esquerra de l'Eixample,89,1264.56,28499.0,1087,164,15.09,0.0444,Pressured
2019,2,Eixample,8,l'Antiga Esquerra de l'Eixample,90,1241.52,26219.0,952,173,18.17,0.0474,Critical
2019,2,Eixample,8,l'Antiga Esquerra de l'Eixample,91,1258.8,27062.0,1087,157,14.44,0.0465,Critical
2019,2,Eixample,8,l'Antiga Esquerra de l'Eixample,92,1223.62,26521.0,958,169,17.64,0.0461,Critical
2019,2,Eixample,8,l'Antiga Esquerra de l'Eixample,93,1273.35,27835.0,853,131,15.36,0.0457,Critical
2019,2,Eixample,8,l'Antiga Esquerra de l'Eixample,94,1301.05,26979.0,755,99,13.11,0.0482,Critical
2019,2,Eixample,8,l'Antiga Esquerra de l'Eixample,95,1220.25,26049.0,791,149,18.84,0.0468,Critical
2019,2,Eixample,8,l'Antiga Esquerra de l'Eixample,96,1253.81,25334.0,735,152,20.68,0.0495,Critical
2019,2,Eixample,8,l'Antiga Esquerra de l'Eixample,97,1248.11,24234.0,656,181,27.59,0.0515,Critical
2019,2,Eixample,8,l'Antiga Esquerra de l'Eixample,98,1236.09,26059.0,832,82,9.86,0.0474,Critical
2019,2,Eixample,8,l'Antiga Esquerra de l'Eixample,99,1244.74,27758.0,763,122,15.99,0.0448,Pressured
2019,2,Eixample,8,l'Antiga Esquerra de l'Eixample,100,1344.39,26309.0,732,138,18.85,0.0511,Critical
2019,2,Eixample,8,l'Antiga Esquerra de l'Eixample,101,1279.77,24515.0,1119,164,14.66,0.0522,Critical
2019,2,Eixample,8,l'Antiga Esquerra de l'Eixample,102,1274.35,32357.0,736,76,10.33,0.0394,Moderate
2019,2,Eixample,8,l'Antiga Esquerra de l'Eixample,103,1280.04,24003.0,957,291,30.41,0.0533,Critical
2019,2,Eixample,8,l'Antiga Esquerra de l'Eixample,104,1343.36,28639.0,590,9,1.53,0.0469,Critical
2019,2,Eixample,8,l'Antiga Esquerra de l'Eixample,105,1254.29,23886.0,1165,99,8.5,0.0525,Critical
2019,2,Eixample,8,l'Antiga Esquerra de l'Eixample,106,1286.85,29601.0,822,216,26.28,0.0435,Pressured
2019,2,Eixample,8,l'Antiga Esquerra de l'Eixample,107,1329.92,29571.0,966,81,8.39,0.045,Pressured
2019,2,Eixample,8,l'Antiga Esquerra de l'Eixample,108,1367.03,32957.0,881,122,13.85,0.0415,Pressured
2019,2,Eixample,8,l'Antiga Esquerra de l'Eixample,109,1398.51,33805.0,1162,68,5.85,0.0414,Moderate
2019,2,Eixample,9,la Nova Esquerra de l'Eixample,110,1243.62,25291.0,1109,295,26.6,0.0492,Critical
2019,2,Eixample,9,la Nova Esquerra de l'Eixample,111,1216.44,27192.0,999,251,25.13,0.0447,Pressured
2019,2,Eixample,9,la Nova Esquerra de l'Eixample,112,1395.25,32859.0,652,17,2.61,0.0425,Pressured
2019,2,Eixample,9,la Nova Esquerra de l'Eixample,113,1244.64,31270.0,1123,48,4.27,0.0398,Moderate
2019,2,Eixample,9,la Nova Esquerra de l'Eixample,114,1161.17,25368.0,882,80,9.07,0.0458,Critical
2019,2,Eixample,9,la Nova Esquerra de l'Eixample,115,1107.42,23046.0,753,166,22.05,0.0481,Critical
2019,2,Eixample,9,la Nova Esquerra de l'Eixample,116,1212.27,30114.0,497,28,5.63,0.0403,Moderate
2019,2,Eixample,9,la Nova Esquerra de l'Eixample,117,1223.26,24993.0,612,44,7.19,0.0489,Critical
2019,2,Eixample,9,la Nova Esquerra de l'Eixample,118,1281.8,28716.0,696,69,9.91,0.0446,Pressured
2019,2,Eixample,9,la Nova Esquerra de l'Eixample,119,1143.04,26592.0,636,44,6.92,0.043,Pressured
2019,2,Eixample,9,la Nova Esquerra de l'Eixample,120,1142.84,24970.0,628,156,24.84,0.0458,Critical
2019,2,Eixample,9,la Nova Esquerra de l'Eixample,121,1171.25,25707.0,641,163,25.43,0.0456,Critical
2019,2,Eixample,9,la Nova Esquerra de l'Eixample,122,1189.94,28062.0,537,120,22.35,0.0424,Pressured
2019,2,Eixample,9,la Nova Esquerra de l'Eixample,123,1140.6,25115.0,640,199,31.09,0.0454,Pressured
2019,2,Eixample,9,la Nova Esquerra de l'Eixample,124,1141.44,27291.0,569,70,12.3,0.0418,Pressured
2019,2,Eixample,9,la Nova Esquerra de l'Eixample,125,1258.96,25732.0,822,57,6.93,0.0489,Critical
2019,2,Eixample,9,la Nova Esquerra de l'Eixample,126,1212.46,26897.0,736,53,7.2,0.0451,Pressured
2019,2,Eixample,9,la Nova Esquerra de l'Eixample,127,1127.45,24763.0,730,273,37.4,0.0455,Critical
2019,2,Eixample,9,la Nova Esquerra de l'Eixample,128,1163.21,23492.0,694,267,38.47,0.0495,Critical
2019,2,Eixample,9,la Nova Esquerra de l'Eixample,129,1196.38,24981.0,778,208,26.74,0.0479,Critical
2019,2,Eixample,9,la Nova Esquerra de l'Eixample,130,1383.84,36289.0,495,2,0.4,0.0381,Moderate
2019,2,Eixample,9,la Nova Esquerra de l'Eixample,131,1137.33,23842.0,609,66,10.84,0.0477,Critical
2019,2,Eixample,9,la Nova Esquerra de l'Eixample,132,1158.43,25811.0,537,149,27.75,0.0449,Pressured
2019,2,Eixample,9,la Nova Esquerra de l'Eixample,133,1204.28,25439.0,442,15,3.39,0.0473,Critical
2019,2,Eixample,9,la Nova Esquerra de l'Eixample,134,1190.73,23004.0,756,223,29.5,0.0518,Critical
2019,2,Eixample,9,la Nova Esquerra de l'Eixample,135,1116.68,22042.0,1128,385,34.13,0.0507,Critical
2019,2,Eixample,9,la Nova Esquerra de l'Eixample,136,1142.46,24862.0,431,92,21.35,0.046,Critical
2019,2,Eixample,9,la Nova Esquerra de l'Eixample,137,1150.87,21809.0,711,175,24.61,0.0528,Critical
2019,2,Eixample,9,la Nova Esquerra de l'Eixample,138,1161.59,26582.0,960,115,11.98,0.0437,Pressured
2019,2,Eixample,9,la Nova Esquerra de l'Eixample,139,1147.85,22882.0,964,341,35.37,0.0502,Critical
2019,2,Eixample,9,la Nova Esquerra de l'Eixample,140,1088.78,24908.0,971,115,11.84,0.0437,Pressured
2019,2,Eixample,9,la Nova Esquerra de l'Eixample,141,1069.83,22828.0,582,93,15.98,0.0469,Critical
2019,2,Eixample,9,la Nova Esquerra de l'Eixample,142,1113.93,20906.0,1073,259,24.14,0.0533,Critical
2019,2,Eixample,9,la Nova Esquerra de l'Eixample,143,1082.73,26515.0,728,141,19.37,0.0408,Moderate
2019,2,Eixample,9,la Nova Esquerra de l'Eixample,144,1105.84,27936.0,742,27,3.64,0.0396,Moderate
2019,2,Eixample,9,la Nova Esquerra de l'Eixample,145,1111.88,24140.0,585,55,9.4,0.0461,Critical
2019,2,Eixample,9,la Nova Esquerra de l'Eixample,146,1144.2,24554.0,532,43,8.08,0.0466,Critical
2019,2,Eixample,9,la Nova Esquerra de l'Eixample,147,1128.14,24164.0,1031,251,24.35,0.0467,Critical
2019,2,Eixample,9,la Nova Esquerra de l'Eixample,148,1135.54,25768.0,850,140,16.47,0.0441,Pressured
2019,2,Eixample,9,la Nova Esquerra de l'Eixample,149,1105.09,23474.0,860,125,14.53,0.0471,Critical
2019,2,Eixample,10,Sant Antoni,150,1066.12,21571.0,715,169,23.64,0.0494,Critical
2019,2,Eixample,10,Sant Antoni,151,1066.72,23169.0,758,155,20.45,0.046,Critical
2019,2,Eixample,10,Sant Antoni,152,1073.16,26069.0,631,106,16.8,0.0412,Moderate
2019,2,Eixample,10,Sant Antoni,153,1087.38,25394.0,656,96,14.63,0.0428,Pressured
2019,2,Eixample,10,Sant Antoni,154,1048.94,19568.0,526,146,27.76,0.0536,Critical
2019,2,Eixample,10,Sant Antoni,155,1052.8,21067.0,847,134,15.82,0.05,Critical
2019,2,Eixample,10,Sant Antoni,156,1114.64,23654.0,603,32,5.31,0.0471,Critical
2019,2,Eixample,10,Sant Antoni,157,1051.31,21469.0,593,157,26.48,0.049,Critical
2019,2,Eixample,10,Sant Antoni,158,1054.55,22568.0,784,113,14.41,0.0467,Critical
2019,2,Eixample,10,Sant Antoni,159,1023.05,23577.0,866,80,9.24,0.0434,Pressured
2019,2,Eixample,10,Sant Antoni,160,1054.02,26309.0,1063,211,19.85,0.0401,Moderate
2019,2,Eixample,10,Sant Antoni,161,1032.28,22973.0,615,99,16.1,0.0449,Pressured
2019,2,Eixample,10,Sant Antoni,162,1045.12,21301.0,712,217,30.48,0.0491,Critical
2019,2,Eixample,10,Sant Antoni,163,1121.78,25161.0,949,88,9.27,0.0446,Pressured
2019,2,Eixample,10,Sant Antoni,164,1003.11,23718.0,971,191,19.67,0.0423,Pressured
2019,2,Eixample,10,Sant Antoni,165,1021.73,24511.0,940,221,23.51,0.0417,Pressured
2019,2,Eixample,10,Sant Antoni,166,1023.7,22244.0,1119,281,25.11,0.046,Critical
2019,2,Eixample,10,Sant Antoni,167,1032.87,22826.0,1016,181,17.81,0.0452,Pressured
2019,2,Eixample,10,Sant Antoni,168,1039.88,23000.0,1188,350,29.46,0.0452,Pressured
2019,2,Eixample,10,Sant Antoni,169,996.36,22795.0,790,187,23.67,0.0437,Pressured
2019,2,Eixample,10,Sant Antoni,170,1023.78,22104.0,761,89,11.7,0.0463,Critical
2019,2,Eixample,10,Sant Antoni,171,1070.62,19806.0,809,251,31.03,0.0541,Critical
2019,2,Eixample,10,Sant Antoni,172,1015.86,20916.0,795,280,35.22,0.0486,Critical
2019,2,Eixample,10,Sant Antoni,173,1056.5,22607.0,777,306,39.38,0.0467,Critical
2019,3,Sants-Montjuïc,11,el Poble Sec,1,961.55,18904.0,798,183,22.93,0.0509,Critical
2019,3,Sants-Montjuïc,11,el Poble Sec,2,855.97,17122.0,982,603,61.41,0.05,Critical
2019,3,Sants-Montjuïc,11,el Poble Sec,3,913.77,15094.0,749,452,60.35,0.0605,Critical
2019,3,Sants-Montjuïc,11,el Poble Sec,4,922.75,19253.0,779,358,45.96,0.0479,Critical
2019,3,Sants-Montjuïc,11,el Poble Sec,5,878.71,16781.0,667,280,41.98,0.0524,Critical
2019,3,Sants-Montjuïc,11,el Poble Sec,6,868.36,17547.0,656,303,46.19,0.0495,Critical
2019,3,Sants-Montjuïc,11,el Poble Sec,7,883.8,17171.0,774,413,53.36,0.0515,Critical
2019,3,Sants-Montjuïc,11,el Poble Sec,8,847.94,17453.0,602,369,61.3,0.0486,Critical
2019,3,Sants-Montjuïc,11,el Poble Sec,9,948.2,18384.0,546,222,40.66,0.0516,Critical
2019,3,Sants-Montjuïc,11,el Poble Sec,10,842.61,16675.0,691,225,32.56,0.0505,Critical
2019,3,Sants-Montjuïc,11,el Poble Sec,11,818.69,13704.0,826,610,73.85,0.0597,Critical
2019,3,Sants-Montjuïc,11,el Poble Sec,12,846.17,16812.0,986,463,46.96,0.0503,Critical
2019,3,Sants-Montjuïc,11,el Poble Sec,13,787.15,16605.0,889,550,61.87,0.0474,Critical
2019,3,Sants-Montjuïc,11,el Poble Sec,14,830.4,15419.0,823,475,57.72,0.0539,Critical
2019,3,Sants-Montjuïc,11,el Poble Sec,15,857.39,15840.0,1398,597,42.7,0.0541,Critical
2019,3,Sants-Montjuïc,11,el Poble Sec,16,860.24,15130.0,517,157,30.37,0.0569,Critical
2019,3,Sants-Montjuïc,11,el Poble Sec,17,832.74,15723.0,769,488,63.46,0.053,Critical
2019,3,Sants-Montjuïc,11,el Poble Sec,18,892.55,16130.0,710,211,29.72,0.0553,Critical
2019,3,Sants-Montjuïc,11,el Poble Sec,19,837.36,15887.0,675,273,40.44,0.0527,Critical
2019,3,Sants-Montjuïc,11,el Poble Sec,20,927.77,19821.0,549,25,4.55,0.0468,Critical
2019,3,Sants-Montjuïc,11,el Poble Sec,21,925.51,18939.0,481,110,22.87,0.0489,Critical
2019,3,Sants-Montjuïc,11,el Poble Sec,22,910.68,18163.0,690,279,40.43,0.0501,Critical
2019,3,Sants-Montjuïc,11,el Poble Sec,23,873.61,15848.0,833,489,58.7,0.0551,Critical
2019,3,Sants-Montjuïc,11,el Poble Sec,24,840.41,16938.0,1130,672,59.47,0.0496,Critical
2019,3,Sants-Montjuïc,12,la Marina del Prat Vermell,25,617.53,13346.0,776,243,31.31,0.0463,Critical
2019,3,Sants-Montjuïc,13,la Marina de Port,26,677.68,17619.0,463,8,1.73,0.0385,Moderate
2019,3,Sants-Montjuïc,13,la Marina de Port,27,844.13,18669.0,778,279,35.86,0.0452,Pressured
2019,3,Sants-Montjuïc,13,la Marina de Port,28,956.74,20968.0,1156,275,23.79,0.0456,Critical
2019,3,Sants-Montjuïc,13,la Marina de Port,29,771.31,16536.0,531,1,0.19,0.0466,Critical
2019,3,Sants-Montjuïc,13,la Marina de Port,30,706.28,18378.0,704,52,7.39,0.0384,Moderate
2019,3,Sants-Montjuïc,13,la Marina de Port,31,703.82,16711.0,1017,109,10.72,0.0421,Pressured
2019,3,Sants-Montjuïc,13,la Marina de Port,32,774.45,15597.0,773,272,35.19,0.0497,Critical
2019,3,Sants-Montjuïc,13,la Marina de Port,33,667.85,13134.0,646,278,43.03,0.0508,Critical
2019,3,Sants-Montjuïc,13,la Marina de Port,34,752.89,17594.0,619,94,15.19,0.0428,Pressured
2019,3,Sants-Montjuïc,13,la Marina de Port,35,719.28,18366.0,933,12,1.29,0.0392,Moderate
2019,3,Sants-Montjuïc,13,la Marina de Port,36,855.06,20081.0,1285,616,47.94,0.0426,Pressured
2019,3,Sants-Montjuïc,13,la Marina de Port,37,806.31,18857.0,484,145,29.96,0.0428,Pressured
2019,3,Sants-Montjuïc,13,la Marina de Port,38,529.85,12776.0,389,6,1.54,0.0415,Pressured
2019,3,Sants-Montjuïc,13,la Marina de Port,39,593.97,13037.0,1039,290,27.91,0.0456,Critical
2019,3,Sants-Montjuïc,13,la Marina de Port,211,790.64,18416.0,557,34,6.1,0.0429,Pressured
2019,3,Sants-Montjuïc,13,la Marina de Port,212,726.71,16519.0,1029,67,6.51,0.044,Pressured
2019,3,Sants-Montjuïc,13,la Marina de Port,213,671.85,13778.0,931,177,19.01,0.0488,Critical
2019,3,Sants-Montjuïc,14,la Font de la Guatlla,40,877.29,23689.0,751,56,7.46,0.037,Affordable
2019,3,Sants-Montjuïc,14,la Font de la Guatlla,41,840.17,19331.0,631,117,18.54,0.0435,Pressured
2019,3,Sants-Montjuïc,14,la Font de la Guatlla,42,904.73,18419.0,733,383,52.25,0.0491,Critical
2019,3,Sants-Montjuïc,14,la Font de la Guatlla,43,858.3,20718.0,666,118,17.72,0.0414,Moderate
2019,3,Sants-Montjuïc,14,la Font de la Guatlla,44,842.68,18484.0,900,199,22.11,0.0456,Critical
2019,3,Sants-Montjuïc,14,la Font de la Guatlla,45,858.59,20373.0,557,213,38.24,0.0421,Pressured
2019,3,Sants-Montjuïc,14,la Font de la Guatlla,46,920.06,24300.0,671,76,11.33,0.0379,Moderate
2019,3,Sants-Montjuïc,15,Hostafrancs,47,897.23,19056.0,891,310,34.79,0.0471,Critical
2019,3,Sants-Montjuïc,15,Hostafrancs,48,921.71,23521.0,750,241,32.13,0.0392,Moderate
2019,3,Sants-Montjuïc,15,Hostafrancs,49,896.82,20277.0,866,329,37.99,0.0442,Pressured
2019,3,Sants-Montjuïc,15,Hostafrancs,50,881.32,21858.0,863,356,41.25,0.0403,Moderate
2019,3,Sants-Montjuïc,15,Hostafrancs,51,825.54,17981.0,890,388,43.6,0.0459,Critical
2019,3,Sants-Montjuïc,15,Hostafrancs,52,822.21,18531.0,671,290,43.22,0.0444,Pressured
2019,3,Sants-Montjuïc,15,Hostafrancs,53,848.77,17930.0,1065,391,36.71,0.0473,Critical
2019,3,Sants-Montjuïc,15,Hostafrancs,54,884.28,20588.0,790,169,21.39,0.043,Pressured
2019,3,Sants-Montjuïc,15,Hostafrancs,55,886.83,20828.0,788,249,31.6,0.0426,Pressured
2019,3,Sants-Montjuïc,15,Hostafrancs,56,841.2,20251.0,431,191,44.32,0.0415,Pressured
2019,3,Sants-Montjuïc,16,la Bordeta,57,821.64,19430.0,724,141,19.48,0.0423,Pressured
2019,3,Sants-Montjuïc,16,la Bordeta,58,922.75,25027.0,745,117,15.7,0.0369,Affordable
2019,3,Sants-Montjuïc,16,la Bordeta,59,827.85,18930.0,547,143,26.14,0.0437,Pressured
2019,3,Sants-Montjuïc,16,la Bordeta,60,865.33,21601.0,616,158,25.65,0.0401,Moderate
2019,3,Sants-Montjuïc,16,la Bordeta,61,816.19,18585.0,606,165,27.23,0.0439,Pressured
2019,3,Sants-Montjuïc,16,la Bordeta,62,766.46,20091.0,814,362,44.47,0.0381,Moderate
2019,3,Sants-Montjuïc,16,la Bordeta,63,827.19,18870.0,820,245,29.88,0.0438,Pressured
2019,3,Sants-Montjuïc,16,la Bordeta,64,890.89,21145.0,523,43,8.22,0.0421,Pressured
2019,3,Sants-Montjuïc,16,la Bordeta,65,866.1,21224.0,595,88,14.79,0.0408,Moderate
2019,3,Sants-Montjuïc,16,la Bordeta,66,809.91,18871.0,1019,118,11.58,0.0429,Pressured
2019,3,Sants-Montjuïc,16,la Bordeta,67,844.45,20062.0,735,74,10.07,0.0421,Pressured
2019,3,Sants-Montjuïc,16,la Bordeta,68,824.67,18003.0,563,141,25.04,0.0458,Critical
2019,3,Sants-Montjuïc,16,la Bordeta,69,864.29,21515.0,531,113,21.28,0.0402,Moderate
2019,3,Sants-Montjuïc,17,Sants - Badal,70,767.58,16901.0,582,183,31.44,0.0454,Pressured
2019,3,Sants-Montjuïc,17,Sants - Badal,71,768.56,17168.0,665,357,53.68,0.0448,Pressured
2019,3,Sants-Montjuïc,17,Sants - Badal,72,758.72,17632.0,668,300,44.91,0.043,Pressured
2019,3,Sants-Montjuïc,17,Sants - Badal,73,818.19,21014.0,807,289,35.81,0.0389,Moderate
2019,3,Sants-Montjuïc,17,Sants - Badal,74,813.12,20039.0,835,260,31.14,0.0406,Moderate
2019,3,Sants-Montjuïc,17,Sants - Badal,75,784.93,18766.0,739,258,34.91,0.0418,Pressured
2019,3,Sants-Montjuïc,17,Sants - Badal,76,769.8,17609.0,485,118,24.33,0.0437,Pressured
2019,3,Sants-Montjuïc,17,Sants - Badal,77,767.91,18566.0,650,233,35.85,0.0414,Moderate
2019,3,Sants-Montjuïc,17,Sants - Badal,78,780.4,19136.0,778,263,33.8,0.0408,Moderate
2019,3,Sants-Montjuïc,17,Sants - Badal,79,781.87,17163.0,842,408,48.46,0.0456,Critical
2019,3,Sants-Montjuïc,17,Sants - Badal,80,829.62,19526.0,742,227,30.59,0.0425,Pressured
2019,3,Sants-Montjuïc,17,Sants - Badal,81,940.77,19980.0,917,174,18.97,0.0471,Critical
2019,3,Sants-Montjuïc,17,Sants - Badal,82,951.66,22315.0,937,270,28.82,0.0426,Pressured
2019,3,Sants-Montjuïc,17,Sants - Badal,83,887.6,22142.0,678,206,30.38,0.0401,Moderate
2019,3,Sants-Montjuïc,17,Sants - Badal,84,938.95,21124.0,674,95,14.09,0.0444,Pressured
2019,3,Sants-Montjuïc,17,Sants - Badal,85,937.27,22097.0,723,295,40.8,0.0424,Pressured
2019,3,Sants-Montjuïc,18,Sants,86,1031.28,25801.0,603,39,6.47,0.04,Moderate
2019,3,Sants-Montjuïc,18,Sants,87,908.95,24770.0,714,112,15.69,0.0367,Affordable
2019,3,Sants-Montjuïc,18,Sants,88,906.3,21577.0,718,167,23.26,0.042,Pressured
2019,3,Sants-Montjuïc,18,Sants,89,911.94,23460.0,639,164,25.67,0.0389,Moderate
2019,3,Sants-Montjuïc,18,Sants,90,890.9,26224.0,498,82,16.47,0.034,Affordable
2019,3,Sants-Montjuïc,18,Sants,91,807.75,23266.0,715,243,33.99,0.0347,Affordable
2019,3,Sants-Montjuïc,18,Sants,92,823.14,22886.0,652,329,50.46,0.036,Affordable
2019,3,Sants-Montjuïc,18,Sants,93,909.26,22910.0,750,342,45.6,0.0397,Moderate
2019,3,Sants-Montjuïc,18,Sants,94,896.63,23392.0,684,265,38.74,0.0383,Moderate
2019,3,Sants-Montjuïc,18,Sants,95,852.06,21328.0,827,399,48.25,0.04,Moderate
2019,3,Sants-Montjuïc,18,Sants,96,819.47,18274.0,794,373,46.98,0.0448,Pressured
2019,3,Sants-Montjuïc,18,Sants,97,794.2,15408.0,830,519,62.53,0.0515,Critical
2019,3,Sants-Montjuïc,18,Sants,98,797.38,18230.0,703,321,45.66,0.0437,Pressured
2019,3,Sants-Montjuïc,18,Sants,99,698.36,20512.0,597,295,49.41,0.034,Affordable
2019,3,Sants-Montjuïc,18,Sants,100,773.97,19426.0,705,236,33.48,0.0398,Moderate
2019,3,Sants-Montjuïc,18,Sants,101,800.09,20202.0,695,288,41.44,0.0396,Moderate
2019,3,Sants-Montjuïc,18,Sants,102,817.69,20941.0,679,320,47.13,0.039,Moderate
2019,3,Sants-Montjuïc,18,Sants,103,875.39,20172.0,573,120,20.94,0.0434,Pressured
2019,3,Sants-Montjuïc,18,Sants,104,806.56,19439.0,737,233,31.61,0.0415,Pressured
2019,3,Sants-Montjuïc,18,Sants,105,839.33,19922.0,672,233,34.67,0.0421,Pressured
2019,3,Sants-Montjuïc,18,Sants,106,786.79,21083.0,711,289,40.65,0.0373,Affordable
2019,3,Sants-Montjuïc,18,Sants,107,900.03,22012.0,800,261,32.62,0.0409,Moderate
2019,3,Sants-Montjuïc,18,Sants,108,843.23,20439.0,860,261,30.35,0.0413,Moderate
2019,3,Sants-Montjuïc,18,Sants,109,864.37,22054.0,846,338,39.95,0.0392,Moderate
2019,3,Sants-Montjuïc,18,Sants,110,884.9,22122.0,863,390,45.19,0.04,Moderate
2019,3,Sants-Montjuïc,18,Sants,111,952.91,22110.0,695,236,33.96,0.0431,Pressured
2019,3,Sants-Montjuïc,18,Sants,112,1043.39,25909.0,935,165,17.65,0.0403,Moderate
2019,3,Sants-Montjuïc,18,Sants,113,920.26,27575.0,778,46,5.91,0.0334,Affordable
2019,3,Sants-Montjuïc,18,Sants,114,1207.25,26908.0,716,56,7.82,0.0449,Pressured
2019,4,Les Corts,19,les Corts,1,1157.91,24466.0,603,156,25.87,0.0473,Critical
2019,4,Les Corts,19,les Corts,2,1226.89,28330.0,913,101,11.06,0.0433,Pressured
2019,4,Les Corts,19,les Corts,3,1095.22,26754.0,526,94,17.87,0.0409,Moderate
2019,4,Les Corts,19,les Corts,4,1091.51,25705.0,543,145,26.7,0.0425,Pressured
2019,4,Les Corts,19,les Corts,5,1085.89,23980.0,599,95,15.86,0.0453,Pressured
2019,4,Les Corts,19,les Corts,6,1074.84,26091.0,630,190,30.16,0.0412,Moderate
2019,4,Les Corts,19,les Corts,7,1091.46,21160.0,525,238,45.33,0.0516,Critical
2019,4,Les Corts,19,les Corts,8,1083.65,22855.0,577,254,44.02,0.0474,Critical
2019,4,Les Corts,19,les Corts,9,1079.85,26233.0,765,349,45.62,0.0412,Moderate
2019,4,Les Corts,19,les Corts,10,1258.17,29117.0,413,69,16.71,0.0432,Pressured
2019,4,Les Corts,19,les Corts,11,1288.15,29232.0,839,26,3.1,0.0441,Pressured
2019,4,Les Corts,19,les Corts,12,1206.86,27293.0,664,27,4.07,0.0442,Pressured
2019,4,Les Corts,19,les Corts,13,1225.1,30577.0,598,82,13.71,0.0401,Moderate
2019,4,Les Corts,19,les Corts,14,1293.97,31554.0,434,158,36.41,0.041,Moderate
2019,4,Les Corts,19,les Corts,15,1244.79,27998.0,919,216,23.5,0.0445,Pressured
2019,4,Les Corts,19,les Corts,16,1214.63,30098.0,531,84,15.82,0.0404,Moderate
2019,4,Les Corts,19,les Corts,17,1261.82,30950.0,651,136,20.89,0.0408,Moderate
2019,4,Les Corts,19,les Corts,18,1302.2,30605.0,764,69,9.03,0.0425,Pressured
2019,4,Les Corts,19,les Corts,19,1434.76,39406.0,677,33,4.87,0.0364,Affordable
2019,4,Les Corts,19,les Corts,20,1302.98,30008.0,670,18,2.69,0.0434,Pressured
2019,4,Les Corts,19,les Corts,21,1421.62,36761.0,799,187,23.4,0.0387,Moderate
2019,4,Les Corts,19,les Corts,22,1251.71,30573.0,932,344,36.91,0.0409,Moderate
2019,4,Les Corts,19,les Corts,23,1902.31,44539.0,455,10,2.2,0.0427,Pressured
2019,4,Les Corts,19,les Corts,24,1879.13,44495.0,421,33,7.84,0.0422,Pressured
2019,4,Les Corts,19,les Corts,25,1194.02,26428.0,660,215,32.58,0.0452,Pressured
2019,4,Les Corts,19,les Corts,26,1202.4,29006.0,635,148,23.31,0.0415,Pressured
2019,4,Les Corts,19,les Corts,27,1234.5,30907.0,803,210,26.15,0.0399,Moderate
2019,4,Les Corts,19,les Corts,28,1186.39,26739.0,693,114,16.45,0.0444,Pressured
2019,4,Les Corts,19,les Corts,29,1302.1,31815.0,565,41,7.26,0.0409,Moderate
2019,4,Les Corts,19,les Corts,30,1275.74,30553.0,824,66,8.01,0.0418,Pressured
2019,4,Les Corts,19,les Corts,31,1127.46,24095.0,763,299,39.19,0.0468,Critical
2019,4,Les Corts,19,les Corts,32,1104.46,24915.0,764,146,19.11,0.0443,Pressured
2019,4,Les Corts,19,les Corts,33,1097.65,24706.0,614,152,24.76,0.0444,Pressured
2019,4,Les Corts,19,les Corts,34,1281.06,30149.0,620,25,4.03,0.0425,Pressured
2019,4,Les Corts,19,les Corts,35,1122.52,29020.0,673,2,0.3,0.0387,Moderate
2019,4,Les Corts,20,la Maternitat i Sant Ramon,36,957.69,23453.0,859,46,5.36,0.0408,Moderate
2019,4,Les Corts,20,la Maternitat i Sant Ramon,37,1002.81,25726.0,995,45,4.52,0.039,Moderate
2019,4,Les Corts,20,la Maternitat i Sant Ramon,38,979.25,27120.0,589,81,13.75,0.0361,Affordable
2019,4,Les Corts,20,la Maternitat i Sant Ramon,39,986.62,23211.0,618,266,43.04,0.0425,Pressured
2019,4,Les Corts,20,la Maternitat i Sant Ramon,40,920.77,19731.0,848,363,42.81,0.0467,Critical
2019,4,Les Corts,20,la Maternitat i Sant Ramon,41,920.51,20678.0,686,278,40.52,0.0445,Pressured
2019,4,Les Corts,20,la Maternitat i Sant Ramon,42,965.19,20660.0,908,180,19.82,0.0467,Critical
2019,4,Les Corts,20,la Maternitat i Sant Ramon,43,1172.11,30176.0,784,28,3.57,0.0388,Moderate
2019,4,Les Corts,20,la Maternitat i Sant Ramon,44,1024.8,24138.0,878,305,34.74,0.0425,Pressured
2019,4,Les Corts,20,la Maternitat i Sant Ramon,45,1103.32,22588.0,655,79,12.06,0.0488,Critical
2019,4,Les Corts,20,la Maternitat i Sant Ramon,46,1168.64,33195.0,1082,11,1.02,0.0352,Affordable
2019,4,Les Corts,20,la Maternitat i Sant Ramon,47,1121.99,27004.0,852,88,10.33,0.0415,Pressured
2019,4,Les Corts,20,la Maternitat i Sant Ramon,48,1196.49,29814.0,717,63,8.79,0.0401,Moderate
2019,4,Les Corts,20,la Maternitat i Sant Ramon,49,1430.11,38729.0,533,27,5.07,0.0369,Affordable
2019,4,Les Corts,20,la Maternitat i Sant Ramon,84,1251.94,31168.0,650,26,4.0,0.0402,Moderate
2019,4,Les Corts,21,Pedralbes,50,1687.47,45269.0,852,38,4.46,0.0373,Affordable
2019,4,Les Corts,21,Pedralbes,51,1658.29,30687.0,842,57,6.77,0.054,Critical
2019,4,Les Corts,21,Pedralbes,52,1695.21,44923.0,1012,70,6.92,0.0377,Moderate
2019,4,Les Corts,21,Pedralbes,53,1648.41,29600.0,743,94,12.65,0.0557,Critical
2019,4,Les Corts,21,Pedralbes,54,1661.94,41407.0,506,42,8.3,0.0401,Moderate
2019,4,Les Corts,21,Pedralbes,55,1377.97,45030.0,770,58,7.53,0.0306,Affordable
2019,4,Les Corts,21,Pedralbes,56,1856.0,45483.0,1377,445,32.32,0.0408,Moderate
2019,5,Sarrià-Sant Gervasi,22,"Vallvidrera, el Tibidabo i les Planes",1,852.93,19752.0,1247,720,57.74,0.0432,Pressured
2019,5,Sarrià-Sant Gervasi,22,"Vallvidrera, el Tibidabo i les Planes",2,1025.82,33695.0,988,214,21.66,0.0304,Affordable
2019,5,Sarrià-Sant Gervasi,22,"Vallvidrera, el Tibidabo i les Planes",3,922.19,39660.0,799,199,24.91,0.0233,Affordable
2019,5,Sarrià-Sant Gervasi,23,Sarrià,4,1469.2,45730.0,648,128,19.75,0.0321,Affordable
2019,5,Sarrià-Sant Gervasi,23,Sarrià,5,1413.93,36492.0,773,330,42.69,0.0387,Moderate
2019,5,Sarrià-Sant Gervasi,23,Sarrià,6,1670.31,45428.0,822,82,9.98,0.0368,Affordable
2019,5,Sarrià-Sant Gervasi,23,Sarrià,7,1390.02,39406.0,773,245,31.69,0.0353,Affordable
2019,5,Sarrià-Sant Gervasi,23,Sarrià,8,1594.52,43258.0,916,257,28.06,0.0369,Affordable
2019,5,Sarrià-Sant Gervasi,23,Sarrià,9,1470.63,35563.0,878,284,32.35,0.0414,Moderate
2019,5,Sarrià-Sant Gervasi,23,Sarrià,10,1398.43,29086.0,800,256,32.0,0.0481,Critical
2019,5,Sarrià-Sant Gervasi,23,Sarrià,11,1350.65,38250.0,788,226,28.68,0.0353,Affordable
2019,5,Sarrià-Sant Gervasi,23,Sarrià,12,1395.13,30184.0,816,252,30.88,0.0462,Critical
2019,5,Sarrià-Sant Gervasi,23,Sarrià,13,1446.16,34587.0,893,294,32.92,0.0418,Pressured
2019,5,Sarrià-Sant Gervasi,23,Sarrià,14,1580.23,37420.0,918,285,31.05,0.0422,Pressured
2019,5,Sarrià-Sant Gervasi,23,Sarrià,15,1539.69,33025.0,764,91,11.91,0.0466,Critical
2019,5,Sarrià-Sant Gervasi,23,Sarrià,16,1523.3,27045.0,909,25,2.75,0.0563,Critical
2019,5,Sarrià-Sant Gervasi,23,Sarrià,17,1516.77,45169.0,690,30,4.35,0.0336,Affordable
2019,5,Sarrià-Sant Gervasi,23,Sarrià,18,1685.92,32092.0,552,21,3.8,0.0525,Critical
2019,5,Sarrià-Sant Gervasi,23,Sarrià,19,1614.59,43298.0,669,20,2.99,0.0373,Affordable
2019,5,Sarrià-Sant Gervasi,24,les Tres Torres,20,1586.47,41879.0,592,242,40.88,0.0379,Moderate
2019,5,Sarrià-Sant Gervasi,24,les Tres Torres,21,1939.91,45342.0,659,40,6.07,0.0428,Pressured
2019,5,Sarrià-Sant Gervasi,24,les Tres Torres,22,1637.78,45354.0,762,116,15.22,0.0361,Affordable
2019,5,Sarrià-Sant Gervasi,24,les Tres Torres,23,1549.59,28972.0,768,120,15.62,0.0535,Critical
2019,5,Sarrià-Sant Gervasi,24,les Tres Torres,24,1562.04,45298.0,838,91,10.86,0.0345,Affordable
2019,5,Sarrià-Sant Gervasi,24,les Tres Torres,25,1500.9,45236.0,505,29,5.74,0.0332,Affordable
2019,5,Sarrià-Sant Gervasi,24,les Tres Torres,26,1529.41,45147.0,586,38,6.48,0.0339,Affordable
2019,5,Sarrià-Sant Gervasi,24,les Tres Torres,27,1530.11,45299.0,578,27,4.67,0.0338,Affordable
2019,5,Sarrià-Sant Gervasi,24,les Tres Torres,28,1546.25,45162.0,558,24,4.3,0.0342,Affordable
2019,5,Sarrià-Sant Gervasi,24,les Tres Torres,29,1557.26,45583.0,645,29,4.5,0.0342,Affordable
2019,5,Sarrià-Sant Gervasi,24,les Tres Torres,30,1549.11,45093.0,536,23,4.29,0.0344,Affordable
2019,5,Sarrià-Sant Gervasi,25,Sant Gervasi - la Bonanova,31,1655.04,44786.0,760,107,14.08,0.037,Affordable
2019,5,Sarrià-Sant Gervasi,25,Sant Gervasi - la Bonanova,32,2010.5,45092.0,1072,168,15.67,0.0446,Pressured
2019,5,Sarrià-Sant Gervasi,25,Sant Gervasi - la Bonanova,33,1676.93,44428.0,798,110,13.78,0.0377,Moderate
2019,5,Sarrià-Sant Gervasi,25,Sant Gervasi - la Bonanova,34,1420.75,34948.0,619,70,11.31,0.0407,Moderate
2019,5,Sarrià-Sant Gervasi,25,Sant Gervasi - la Bonanova,35,1299.65,44560.0,493,24,4.87,0.0292,Affordable
2019,5,Sarrià-Sant Gervasi,25,Sant Gervasi - la Bonanova,36,1299.31,43527.0,714,20,2.8,0.0299,Affordable
2019,5,Sarrià-Sant Gervasi,25,Sant Gervasi - la Bonanova,37,1276.87,32052.0,696,109,15.66,0.0398,Moderate
2019,5,Sarrià-Sant Gervasi,25,Sant Gervasi - la Bonanova,38,1321.1,29780.0,759,277,36.5,0.0444,Pressured
2019,5,Sarrià-Sant Gervasi,25,Sant Gervasi - la Bonanova,39,1311.35,39594.0,621,19,3.06,0.0331,Affordable
2019,5,Sarrià-Sant Gervasi,25,Sant Gervasi - la Bonanova,40,1298.6,31571.0,831,269,32.37,0.0411,Moderate
2019,5,Sarrià-Sant Gervasi,25,Sant Gervasi - la Bonanova,41,1314.31,34910.0,837,253,30.23,0.0376,Affordable
2019,5,Sarrià-Sant Gervasi,25,Sant Gervasi - la Bonanova,42,1331.06,30681.0,692,177,25.58,0.0434,Pressured
2019,5,Sarrià-Sant Gervasi,25,Sant Gervasi - la Bonanova,43,1314.04,32639.0,829,194,23.4,0.0403,Moderate
2019,5,Sarrià-Sant Gervasi,25,Sant Gervasi - la Bonanova,44,1240.44,30429.0,669,111,16.59,0.0408,Moderate
2019,5,Sarrià-Sant Gervasi,25,Sant Gervasi - la Bonanova,45,1347.17,40407.0,681,66,9.69,0.0333,Affordable
2019,5,Sarrià-Sant Gervasi,25,Sant Gervasi - la Bonanova,46,1609.12,44747.0,436,16,3.67,0.036,Affordable
2019,5,Sarrià-Sant Gervasi,25,Sant Gervasi - la Bonanova,47,1377.91,39282.0,517,32,6.19,0.0351,Affordable
2019,5,Sarrià-Sant Gervasi,25,Sant Gervasi - la Bonanova,48,1364.49,40705.0,598,109,18.23,0.0335,Affordable
2019,5,Sarrià-Sant Gervasi,26,Sant Gervasi - Galvany,49,1382.38,44521.0,741,79,10.66,0.0311,Affordable
2019,5,Sarrià-Sant Gervasi,26,Sant Gervasi - Galvany,50,1291.77,34304.0,860,125,14.53,0.0377,Moderate
2019,5,Sarrià-Sant Gervasi,26,Sant Gervasi - Galvany,51,1302.06,36924.0,719,34,4.73,0.0353,Affordable
2019,5,Sarrià-Sant Gervasi,26,Sant Gervasi - Galvany,52,1367.01,45177.0,612,35,5.72,0.0303,Affordable
2019,5,Sarrià-Sant Gervasi,26,Sant Gervasi - Galvany,53,1652.88,45027.0,596,10,1.68,0.0367,Affordable
2019,5,Sarrià-Sant Gervasi,26,Sant Gervasi - Galvany,54,1614.73,45303.0,429,8,1.86,0.0356,Affordable
2019,5,Sarrià-Sant Gervasi,26,Sant Gervasi - Galvany,55,1690.36,45153.0,563,9,1.6,0.0374,Affordable
2019,5,Sarrià-Sant Gervasi,26,Sant Gervasi - Galvany,56,1694.88,42970.0,643,24,3.73,0.0394,Moderate
2019,5,Sarrià-Sant Gervasi,26,Sant Gervasi - Galvany,57,1715.8,36645.0,924,28,3.03,0.0468,Critical
2019,5,Sarrià-Sant Gervasi,26,Sant Gervasi - Galvany,58,1752.79,45791.0,754,11,1.46,0.0383,Moderate
2019,5,Sarrià-Sant Gervasi,26,Sant Gervasi - Galvany,59,1711.55,45184.0,992,127,12.8,0.0379,Moderate
2019,5,Sarrià-Sant Gervasi,26,Sant Gervasi - Galvany,60,1564.75,45382.0,524,12,2.29,0.0345,Affordable
2019,5,Sarrià-Sant Gervasi,26,Sant Gervasi - Galvany,61,1380.78,33575.0,987,392,39.72,0.0411,Moderate
2019,5,Sarrià-Sant Gervasi,26,Sant Gervasi - Galvany,62,1305.32,43481.0,880,216,24.55,0.03,Affordable
2019,5,Sarrià-Sant Gervasi,26,Sant Gervasi - Galvany,63,1298.12,40957.0,843,102,12.1,0.0317,Affordable
2019,5,Sarrià-Sant Gervasi,26,Sant Gervasi - Galvany,64,1302.8,35317.0,948,261,27.53,0.0369,Affordable
2019,5,Sarrià-Sant Gervasi,26,Sant Gervasi - Galvany,65,1339.97,32423.0,920,105,11.41,0.0413,Moderate
2019,5,Sarrià-Sant Gervasi,26,Sant Gervasi - Galvany,66,1350.63,41211.0,774,68,8.79,0.0328,Affordable
2019,5,Sarrià-Sant Gervasi,26,Sant Gervasi - Galvany,67,1378.27,40725.0,785,54,6.88,0.0338,Affordable
2019,5,Sarrià-Sant Gervasi,26,Sant Gervasi - Galvany,68,1344.21,33721.0,1020,217,21.27,0.0399,Moderate
2019,5,Sarrià-Sant Gervasi,26,Sant Gervasi - Galvany,69,1267.58,35404.0,964,147,15.25,0.0358,Affordable
2019,5,Sarrià-Sant Gervasi,26,Sant Gervasi - Galvany,70,1297.22,31396.0,786,135,17.18,0.0413,Moderate
2019,5,Sarrià-Sant Gervasi,26,Sant Gervasi - Galvany,71,1273.18,30192.0,919,164,17.85,0.0422,Pressured
2019,5,Sarrià-Sant Gervasi,26,Sant Gervasi - Galvany,72,1266.88,34721.0,943,149,15.8,0.0365,Affordable
2019,5,Sarrià-Sant Gervasi,26,Sant Gervasi - Galvany,73,1215.55,32845.0,938,184,19.62,0.037,Affordable
2019,5,Sarrià-Sant Gervasi,26,Sant Gervasi - Galvany,74,1299.08,36605.0,933,184,19.72,0.0355,Affordable
2019,5,Sarrià-Sant Gervasi,26,Sant Gervasi - Galvany,75,1272.43,33243.0,1000,207,20.7,0.0383,Moderate
2019,5,Sarrià-Sant Gervasi,26,Sant Gervasi - Galvany,76,1306.64,35716.0,788,125,15.86,0.0366,Affordable
2019,5,Sarrià-Sant Gervasi,26,Sant Gervasi - Galvany,77,1348.96,40060.0,665,44,6.62,0.0337,Affordable
2019,5,Sarrià-Sant Gervasi,26,Sant Gervasi - Galvany,78,1331.07,35786.0,959,66,6.88,0.0372,Affordable
2019,5,Sarrià-Sant Gervasi,26,Sant Gervasi - Galvany,79,1294.36,32762.0,581,77,13.25,0.0395,Moderate
2019,5,Sarrià-Sant Gervasi,27,el Putget i Farró,80,1151.77,29846.0,824,300,36.41,0.0386,Moderate
2019,5,Sarrià-Sant Gervasi,27,el Putget i Farró,81,1205.38,30532.0,892,208,23.32,0.0395,Moderate
2019,5,Sarrià-Sant Gervasi,27,el Putget i Farró,82,1138.97,27305.0,910,199,21.87,0.0417,Pressured
2019,5,Sarrià-Sant Gervasi,27,el Putget i Farró,83,1162.19,28297.0,680,146,21.47,0.0411,Moderate
2019,5,Sarrià-Sant Gervasi,27,el Putget i Farró,84,1145.61,32765.0,746,212,28.42,0.035,Affordable
2019,5,Sarrià-Sant Gervasi,27,el Putget i Farró,85,1139.02,25425.0,715,210,29.37,0.0448,Pressured
2019,5,Sarrià-Sant Gervasi,27,el Putget i Farró,86,1137.31,28467.0,783,258,32.95,0.04,Moderate
2019,5,Sarrià-Sant Gervasi,27,el Putget i Farró,87,1233.76,29349.0,919,304,33.08,0.042,Pressured
2019,5,Sarrià-Sant Gervasi,27,el Putget i Farró,88,1121.8,29743.0,880,246,27.95,0.0377,Moderate
2019,5,Sarrià-Sant Gervasi,27,el Putget i Farró,89,1095.47,31321.0,935,208,22.25,0.035,Affordable
2019,5,Sarrià-Sant Gervasi,27,el Putget i Farró,90,1067.24,29053.0,1228,463,37.7,0.0367,Affordable
2019,5,Sarrià-Sant Gervasi,27,el Putget i Farró,91,1052.55,28548.0,830,174,20.96,0.0369,Affordable
2019,5,Sarrià-Sant Gervasi,27,el Putget i Farró,92,1181.91,41191.0,804,126,15.67,0.0287,Affordable
2019,5,Sarrià-Sant Gervasi,27,el Putget i Farró,93,1193.93,35269.0,664,196,29.52,0.0339,Affordable
2019,5,Sarrià-Sant Gervasi,27,el Putget i Farró,94,1227.74,34936.0,1295,122,9.42,0.0351,Affordable
2019,5,Sarrià-Sant Gervasi,27,el Putget i Farró,95,1154.98,27730.0,862,189,21.93,0.0417,Pressured
2019,5,Sarrià-Sant Gervasi,27,el Putget i Farró,96,1090.12,26319.0,629,116,18.44,0.0414,Moderate
2019,5,Sarrià-Sant Gervasi,27,el Putget i Farró,97,1097.42,31859.0,838,140,16.71,0.0344,Affordable
2019,5,Sarrià-Sant Gervasi,27,el Putget i Farró,98,1131.84,26687.0,847,282,33.29,0.0424,Pressured
2019,6,Gràcia,28,Vallcarca i els Penitents,1,991.66,23605.0,641,166,25.9,0.042,Pressured
2019,6,Gràcia,28,Vallcarca i els Penitents,2,977.13,23766.0,837,297,35.48,0.0411,Moderate
2019,6,Gràcia,28,Vallcarca i els Penitents,3,907.01,22044.0,1219,496,40.69,0.0411,Moderate
2019,6,Gràcia,28,Vallcarca i els Penitents,4,851.22,24085.0,865,357,41.27,0.0353,Affordable
2019,6,Gràcia,28,Vallcarca i els Penitents,6,1021.88,31433.0,533,119,22.33,0.0325,Affordable
2019,6,Gràcia,28,Vallcarca i els Penitents,7,1116.64,26959.0,973,194,19.94,0.0414,Moderate
2019,6,Gràcia,28,Vallcarca i els Penitents,8,1052.67,23800.0,1021,214,20.96,0.0442,Pressured
2019,6,Gràcia,28,Vallcarca i els Penitents,9,1174.52,31625.0,873,323,37.0,0.0371,Affordable
2019,6,Gràcia,28,Vallcarca i els Penitents,10,1043.71,27725.0,565,104,18.41,0.0376,Affordable
2019,6,Gràcia,28,Vallcarca i els Penitents,11,918.88,26958.0,767,129,16.82,0.0341,Affordable
2019,6,Gràcia,28,Vallcarca i els Penitents,12,983.0,28635.0,679,201,29.6,0.0343,Affordable
2019,6,Gràcia,29,el Coll,13,733.56,23550.0,926,339,36.61,0.0311,Affordable
2019,6,Gràcia,29,el Coll,14,868.15,22330.0,678,141,20.8,0.0389,Moderate
2019,6,Gràcia,29,el Coll,15,805.21,19590.0,755,327,43.31,0.0411,Moderate
2019,6,Gràcia,29,el Coll,16,710.67,19726.0,812,375,46.18,0.036,Affordable
2019,6,Gràcia,29,el Coll,17,696.31,19274.0,759,319,42.03,0.0361,Affordable
2019,6,Gràcia,30,la Salut,18,891.36,22550.0,757,297,39.23,0.0395,Moderate
2019,6,Gràcia,30,la Salut,19,925.9,22797.0,760,186,24.47,0.0406,Moderate
2019,6,Gràcia,30,la Salut,20,967.16,23745.0,655,220,33.59,0.0407,Moderate
2019,6,Gràcia,30,la Salut,21,988.47,26544.0,647,133,20.56,0.0372,Affordable
2019,6,Gràcia,30,la Salut,22,945.28,24915.0,731,421,57.59,0.0379,Moderate
2019,6,Gràcia,30,la Salut,23,1032.7,32665.0,563,51,9.06,0.0316,Affordable
2019,6,Gràcia,30,la Salut,24,986.63,24107.0,844,155,18.36,0.0409,Moderate
2019,6,Gràcia,30,la Salut,25,1088.78,26458.0,722,72,9.97,0.0412,Moderate
2019,6,Gràcia,30,la Salut,26,1122.06,25387.0,561,147,26.2,0.0442,Pressured
2019,6,Gràcia,30,la Salut,27,1018.58,26260.0,629,172,27.34,0.0388,Moderate
2019,6,Gràcia,31,Vila de Gràcia,28,1094.11,22721.0,775,289,37.29,0.0482,Critical
2019,6,Gràcia,31,Vila de Gràcia,29,1113.76,24345.0,746,267,35.79,0.0457,Critical
2019,6,Gràcia,31,Vila de Gràcia,30,1078.24,22345.0,786,365,46.44,0.0483,Critical
2019,6,Gràcia,31,Vila de Gràcia,31,1088.08,24355.0,713,340,47.69,0.0447,Pressured
2019,6,Gràcia,31,Vila de Gràcia,32,1105.41,22186.0,677,286,42.25,0.0498,Critical
2019,6,Gràcia,31,Vila de Gràcia,33,1085.4,23939.0,783,304,38.83,0.0453,Pressured
2019,6,Gràcia,31,Vila de Gràcia,34,1080.52,23537.0,685,239,34.89,0.0459,Critical
2019,6,Gràcia,31,Vila de Gràcia,35,1083.31,29584.0,604,111,18.38,0.0366,Affordable
2019,6,Gràcia,31,Vila de Gràcia,36,1061.02,23637.0,764,157,20.55,0.0449,Pressured
2019,6,Gràcia,31,Vila de Gràcia,37,1066.79,24938.0,534,92,17.23,0.0428,Pressured
2019,6,Gràcia,31,Vila de Gràcia,38,1091.52,23394.0,890,282,31.69,0.0467,Critical
2019,6,Gràcia,31,Vila de Gràcia,39,1087.55,22543.0,992,423,42.64,0.0482,Critical
2019,6,Gràcia,31,Vila de Gràcia,40,1133.33,25964.0,887,125,14.09,0.0437,Pressured
2019,6,Gràcia,31,Vila de Gràcia,41,1137.75,27344.0,996,278,27.91,0.0416,Pressured
2019,6,Gràcia,31,Vila de Gràcia,42,1161.04,29449.0,1089,328,30.12,0.0394,Moderate
2019,6,Gràcia,31,Vila de Gràcia,43,1098.1,28046.0,768,257,33.46,0.0392,Moderate
2019,6,Gràcia,31,Vila de Gràcia,44,1227.85,32275.0,1126,356,31.62,0.038,Moderate
2019,6,Gràcia,31,Vila de Gràcia,45,1101.75,24977.0,893,285,31.91,0.0441,Pressured
2019,6,Gràcia,31,Vila de Gràcia,46,1071.69,22706.0,676,254,37.57,0.0472,Critical
2019,6,Gràcia,31,Vila de Gràcia,47,1040.96,21226.0,880,456,51.82,0.049,Critical
2019,6,Gràcia,31,Vila de Gràcia,48,1046.05,22412.0,812,320,39.41,0.0467,Critical
2019,6,Gràcia,31,Vila de Gràcia,49,1078.17,23957.0,744,271,36.42,0.045,Pressured
2019,6,Gràcia,31,Vila de Gràcia,50,1044.39,21179.0,874,363,41.53,0.0493,Critical
2019,6,Gràcia,31,Vila de Gràcia,51,1048.42,23874.0,778,338,43.44,0.0439,Pressured
2019,6,Gràcia,31,Vila de Gràcia,52,1073.39,22417.0,968,300,30.99,0.0479,Critical
2019,6,Gràcia,31,Vila de Gràcia,53,1045.28,23482.0,939,378,40.26,0.0445,Pressured
2019,6,Gràcia,31,Vila de Gràcia,54,1082.37,22820.0,987,434,43.97,0.0474,Critical
2019,6,Gràcia,31,Vila de Gràcia,55,1055.62,23966.0,784,280,35.71,0.044,Pressured
2019,6,Gràcia,31,Vila de Gràcia,56,1028.74,21145.0,1059,612,57.79,0.0487,Critical
2019,6,Gràcia,31,Vila de Gràcia,57,1099.8,22833.0,979,513,52.4,0.0482,Critical
2019,6,Gràcia,31,Vila de Gràcia,58,1102.38,24782.0,1155,569,49.26,0.0445,Pressured
2019,6,Gràcia,31,Vila de Gràcia,59,1109.56,23307.0,939,425,45.26,0.0476,Critical
2019,6,Gràcia,31,Vila de Gràcia,60,1088.85,22701.0,1087,430,39.56,0.048,Critical
2019,6,Gràcia,31,Vila de Gràcia,61,1102.11,23314.0,758,321,42.35,0.0473,Critical
2019,6,Gràcia,31,Vila de Gràcia,62,1073.27,22011.0,720,253,35.14,0.0488,Critical
2019,6,Gràcia,31,Vila de Gràcia,63,1068.4,21639.0,901,408,45.28,0.0494,Critical
2019,6,Gràcia,32,el Camp d'en Grassot i Gràcia Nova,64,1193.44,24787.0,1017,154,15.14,0.0481,Critical
2019,6,Gràcia,32,el Camp d'en Grassot i Gràcia Nova,65,1178.2,28897.0,619,74,11.95,0.0408,Moderate
2019,6,Gràcia,32,el Camp d'en Grassot i Gràcia Nova,66,1102.25,22766.0,583,282,48.37,0.0484,Critical
2019,6,Gràcia,32,el Camp d'en Grassot i Gràcia Nova,67,1144.18,24766.0,1091,479,43.9,0.0462,Critical
2019,6,Gràcia,32,el Camp d'en Grassot i Gràcia Nova,68,1189.07,28088.0,962,214,22.25,0.0423,Pressured
2019,6,Gràcia,32,el Camp d'en Grassot i Gràcia Nova,69,1144.77,25898.0,570,64,11.23,0.0442,Pressured
2019,6,Gràcia,32,el Camp d'en Grassot i Gràcia Nova,70,1108.53,23435.0,1029,442,42.95,0.0473,Critical
2019,6,Gràcia,32,el Camp d'en Grassot i Gràcia Nova,71,1079.45,24605.0,497,36,7.24,0.0439,Pressured
2019,6,Gràcia,32,el Camp d'en Grassot i Gràcia Nova,72,1157.06,26804.0,864,214,24.77,0.0432,Pressured
2019,6,Gràcia,32,el Camp d'en Grassot i Gràcia Nova,73,1130.76,23550.0,765,230,30.07,0.048,Critical
2019,6,Gràcia,32,el Camp d'en Grassot i Gràcia Nova,74,1098.85,23087.0,527,139,26.38,0.0476,Critical
2019,6,Gràcia,32,el Camp d'en Grassot i Gràcia Nova,75,1153.06,27230.0,484,31,6.4,0.0423,Pressured
2019,6,Gràcia,32,el Camp d'en Grassot i Gràcia Nova,76,1091.67,25117.0,619,70,11.31,0.0435,Pressured
2019,6,Gràcia,32,el Camp d'en Grassot i Gràcia Nova,77,1045.06,22839.0,639,332,51.96,0.0458,Critical
2019,6,Gràcia,32,el Camp d'en Grassot i Gràcia Nova,78,1034.53,22605.0,757,417,55.09,0.0458,Critical
2019,6,Gràcia,32,el Camp d'en Grassot i Gràcia Nova,79,1026.96,24275.0,618,197,31.88,0.0423,Pressured
2019,6,Gràcia,32,el Camp d'en Grassot i Gràcia Nova,80,1062.6,23212.0,588,121,20.58,0.0458,Critical
2019,6,Gràcia,32,el Camp d'en Grassot i Gràcia Nova,81,1105.48,23962.0,702,131,18.66,0.0461,Critical
2019,6,Gràcia,32,el Camp d'en Grassot i Gràcia Nova,82,1016.5,25881.0,928,157,16.92,0.0393,Moderate
2019,6,Gràcia,32,el Camp d'en Grassot i Gràcia Nova,83,1087.91,27831.0,869,163,18.76,0.0391,Moderate
2019,6,Gràcia,32,el Camp d'en Grassot i Gràcia Nova,84,1065.29,23921.0,796,262,32.91,0.0445,Pressured
2019,6,Gràcia,32,el Camp d'en Grassot i Gràcia Nova,85,1066.76,25773.0,691,177,25.62,0.0414,Moderate
2019,6,Gràcia,32,el Camp d'en Grassot i Gràcia Nova,86,1133.88,29766.0,515,113,21.94,0.0381,Moderate
2019,6,Gràcia,32,el Camp d'en Grassot i Gràcia Nova,87,1129.94,30434.0,956,58,6.07,0.0371,Affordable
2019,6,Gràcia,32,el Camp d'en Grassot i Gràcia Nova,88,1121.49,22993.0,631,171,27.1,0.0488,Critical
2019,7,Horta-Guinardó,33,el Baix Guinardó,1,877.79,25083.0,727,136,18.71,0.035,Affordable
2019,7,Horta-Guinardó,33,el Baix Guinardó,2,972.14,21054.0,647,325,50.23,0.0462,Critical
2019,7,Horta-Guinardó,33,el Baix Guinardó,3,982.62,23061.0,612,125,20.42,0.0426,Pressured
2019,7,Horta-Guinardó,33,el Baix Guinardó,4,969.64,20690.0,783,388,49.55,0.0469,Critical
2019,7,Horta-Guinardó,33,el Baix Guinardó,5,896.73,21667.0,771,336,43.58,0.0414,Moderate
2019,7,Horta-Guinardó,33,el Baix Guinardó,6,899.62,24499.0,463,46,9.94,0.0367,Affordable
2019,7,Horta-Guinardó,33,el Baix Guinardó,7,862.9,20301.0,641,154,24.02,0.0425,Pressured
2019,7,Horta-Guinardó,33,el Baix Guinardó,8,885.82,22361.0,590,25,4.24,0.0396,Moderate
2019,7,Horta-Guinardó,33,el Baix Guinardó,9,858.8,20563.0,583,175,30.02,0.0418,Pressured
2019,7,Horta-Guinardó,33,el Baix Guinardó,10,864.62,22093.0,651,239,36.71,0.0391,Moderate
2019,7,Horta-Guinardó,33,el Baix Guinardó,11,913.84,22348.0,659,373,56.6,0.0409,Moderate
2019,7,Horta-Guinardó,33,el Baix Guinardó,12,883.66,20789.0,787,363,46.12,0.0425,Pressured
2019,7,Horta-Guinardó,33,el Baix Guinardó,13,915.09,26626.0,537,40,7.45,0.0344,Affordable
2019,7,Horta-Guinardó,33,el Baix Guinardó,14,802.31,19261.0,448,254,56.7,0.0417,Pressured
2019,7,Horta-Guinardó,33,el Baix Guinardó,15,839.63,21171.0,615,145,23.58,0.0397,Moderate
2019,7,Horta-Guinardó,33,el Baix Guinardó,16,886.2,23794.0,602,50,8.31,0.0372,Affordable
2019,7,Horta-Guinardó,33,el Baix Guinardó,17,840.49,21121.0,850,93,10.94,0.0398,Moderate
2019,7,Horta-Guinardó,33,el Baix Guinardó,18,927.31,21269.0,767,196,25.55,0.0436,Pressured
2019,7,Horta-Guinardó,33,el Baix Guinardó,19,890.4,21232.0,742,143,19.27,0.0419,Pressured
2019,7,Horta-Guinardó,34,Can Baró,20,814.24,20668.0,821,297,36.18,0.0394,Moderate
2019,7,Horta-Guinardó,34,Can Baró,21,677.41,25274.0,516,86,16.67,0.0268,Affordable
2019,7,Horta-Guinardó,34,Can Baró,22,732.0,19726.0,546,119,21.79,0.0371,Affordable
2019,7,Horta-Guinardó,34,Can Baró,23,624.86,17111.0,714,387,54.2,0.0365,Affordable
2019,7,Horta-Guinardó,34,Can Baró,24,710.76,19972.0,845,454,53.73,0.0356,Affordable
2019,7,Horta-Guinardó,34,Can Baró,25,670.03,18924.0,770,395,51.3,0.0354,Affordable
2019,7,Horta-Guinardó,34,Can Baró,26,661.94,19853.0,614,166,27.04,0.0333,Affordable
2019,7,Horta-Guinardó,35,el Guinardó,27,798.22,18628.0,862,147,17.05,0.0429,Pressured
2019,7,Horta-Guinardó,35,el Guinardó,28,804.52,21206.0,769,423,55.01,0.0379,Moderate
2019,7,Horta-Guinardó,35,el Guinardó,29,822.57,22870.0,714,298,41.74,0.036,Affordable
2019,7,Horta-Guinardó,35,el Guinardó,30,752.65,18780.0,743,448,60.3,0.0401,Moderate
2019,7,Horta-Guinardó,35,el Guinardó,31,811.36,18429.0,773,330,42.69,0.044,Pressured
2019,7,Horta-Guinardó,35,el Guinardó,32,847.64,20882.0,685,188,27.45,0.0406,Moderate
2019,7,Horta-Guinardó,35,el Guinardó,33,833.3,21852.0,692,212,30.64,0.0381,Moderate
2019,7,Horta-Guinardó,35,el Guinardó,34,902.92,23369.0,898,233,25.95,0.0386,Moderate
2019,7,Horta-Guinardó,35,el Guinardó,35,835.59,23391.0,858,151,17.6,0.0357,Affordable
2019,7,Horta-Guinardó,35,el Guinardó,36,853.22,23995.0,704,185,26.28,0.0356,Affordable
2019,7,Horta-Guinardó,35,el Guinardó,37,834.31,20674.0,728,197,27.06,0.0404,Moderate
2019,7,Horta-Guinardó,35,el Guinardó,38,805.89,20774.0,643,204,31.73,0.0388,Moderate
2019,7,Horta-Guinardó,35,el Guinardó,39,843.59,23400.0,789,229,29.02,0.0361,Affordable
2019,7,Horta-Guinardó,35,el Guinardó,40,838.39,21149.0,851,405,47.59,0.0396,Moderate
2019,7,Horta-Guinardó,35,el Guinardó,41,827.07,20125.0,711,295,41.49,0.0411,Moderate
2019,7,Horta-Guinardó,35,el Guinardó,42,811.35,21590.0,803,260,32.38,0.0376,Affordable
2019,7,Horta-Guinardó,35,el Guinardó,43,835.57,21573.0,767,215,28.03,0.0387,Moderate
2019,7,Horta-Guinardó,35,el Guinardó,44,843.33,22738.0,668,214,32.04,0.0371,Affordable
2019,7,Horta-Guinardó,35,el Guinardó,45,821.16,20182.0,807,324,40.15,0.0407,Moderate
2019,7,Horta-Guinardó,35,el Guinardó,46,816.23,20045.0,726,280,38.57,0.0407,Moderate
2019,7,Horta-Guinardó,35,el Guinardó,47,748.05,20660.0,714,233,32.63,0.0362,Affordable
2019,7,Horta-Guinardó,35,el Guinardó,48,769.32,20725.0,677,194,28.66,0.0371,Affordable
2019,7,Horta-Guinardó,35,el Guinardó,49,707.31,21041.0,605,197,32.56,0.0336,Affordable
2019,7,Horta-Guinardó,35,el Guinardó,50,713.27,20254.0,676,309,45.71,0.0352,Affordable
2019,7,Horta-Guinardó,35,el Guinardó,51,717.87,21334.0,898,371,41.31,0.0336,Affordable
2019,7,Horta-Guinardó,36,la Font d'en Fargues,52,840.85,26687.0,717,215,29.99,0.0315,Affordable
2019,7,Horta-Guinardó,36,la Font d'en Fargues,53,835.48,22890.0,705,129,18.3,0.0365,Affordable
2019,7,Horta-Guinardó,36,la Font d'en Fargues,54,826.92,28397.0,916,288,31.44,0.0291,Affordable
2019,7,Horta-Guinardó,36,la Font d'en Fargues,55,845.49,26759.0,633,122,19.27,0.0316,Affordable
2019,7,Horta-Guinardó,36,la Font d'en Fargues,56,746.23,23117.0,762,394,51.71,0.0323,Affordable
2019,7,Horta-Guinardó,36,la Font d'en Fargues,57,811.2,23785.0,821,414,50.43,0.0341,Affordable
2019,7,Horta-Guinardó,36,la Font d'en Fargues,58,843.98,23049.0,775,456,58.84,0.0366,Affordable
2019,7,Horta-Guinardó,37,el Carmel,59,597.37,16514.0,794,500,62.97,0.0362,Affordable
2019,7,Horta-Guinardó,37,el Carmel,60,569.53,16004.0,1129,635,56.24,0.0356,Affordable
2019,7,Horta-Guinardó,37,el Carmel,61,572.17,16752.0,597,250,41.88,0.0342,Affordable
2019,7,Horta-Guinardó,37,el Carmel,62,581.31,16506.0,644,273,42.39,0.0352,Affordable
2019,7,Horta-Guinardó,37,el Carmel,63,556.9,14813.0,720,403,55.97,0.0376,Affordable
2019,7,Horta-Guinardó,37,el Carmel,64,558.51,16286.0,758,387,51.06,0.0343,Affordable
2019,7,Horta-Guinardó,37,el Carmel,65,533.45,14029.0,846,612,72.34,0.038,Moderate
2019,7,Horta-Guinardó,37,el Carmel,66,527.57,14166.0,816,435,53.31,0.0372,Affordable
2019,7,Horta-Guinardó,37,el Carmel,67,525.62,14012.0,731,368,50.34,0.0375,Affordable
2019,7,Horta-Guinardó,37,el Carmel,68,521.9,13638.0,558,337,60.39,0.0383,Moderate
2019,7,Horta-Guinardó,37,el Carmel,69,538.36,14668.0,683,395,57.83,0.0367,Affordable
2019,7,Horta-Guinardó,37,el Carmel,70,546.62,14896.0,629,262,41.65,0.0367,Affordable
2019,7,Horta-Guinardó,37,el Carmel,71,541.71,17632.0,624,226,36.22,0.0307,Affordable
2019,7,Horta-Guinardó,37,el Carmel,72,514.71,16639.0,660,251,38.03,0.0309,Affordable
2019,7,Horta-Guinardó,37,el Carmel,73,512.22,15587.0,558,349,62.54,0.0329,Affordable
2019,7,Horta-Guinardó,37,el Carmel,74,517.4,16792.0,783,389,49.68,0.0308,Affordable
2019,7,Horta-Guinardó,37,el Carmel,75,518.57,15417.0,536,222,41.42,0.0336,Affordable
2019,7,Horta-Guinardó,37,el Carmel,76,541.7,15422.0,668,280,41.92,0.0351,Affordable
2019,7,Horta-Guinardó,37,el Carmel,77,534.7,14709.0,621,381,61.35,0.0364,Affordable
2019,7,Horta-Guinardó,37,el Carmel,78,571.98,15763.0,638,312,48.9,0.0363,Affordable
2019,7,Horta-Guinardó,37,el Carmel,79,540.86,15424.0,731,447,61.15,0.0351,Affordable
2019,7,Horta-Guinardó,37,el Carmel,80,553.45,16189.0,757,315,41.61,0.0342,Affordable
2019,7,Horta-Guinardó,38,la Teixonera,81,604.13,17849.0,927,467,50.38,0.0338,Affordable
2019,7,Horta-Guinardó,38,la Teixonera,82,560.72,16610.0,644,297,46.12,0.0338,Affordable
2019,7,Horta-Guinardó,38,la Teixonera,83,535.41,16525.0,659,296,44.92,0.0324,Affordable
2019,7,Horta-Guinardó,38,la Teixonera,84,559.97,16810.0,701,351,50.07,0.0333,Affordable
2019,7,Horta-Guinardó,38,la Teixonera,85,564.91,17677.0,614,259,42.18,0.032,Affordable
2019,7,Horta-Guinardó,38,la Teixonera,86,608.77,15980.0,754,391,51.86,0.0381,Moderate
2019,7,Horta-Guinardó,38,la Teixonera,87,621.26,16623.0,823,381,46.29,0.0374,Affordable
2019,7,Horta-Guinardó,38,la Teixonera,88,674.43,17417.0,844,420,49.76,0.0387,Moderate
2019,7,Horta-Guinardó,39,Sant Genís dels Agudells,89,673.61,20938.0,675,138,20.44,0.0322,Affordable
2019,7,Horta-Guinardó,39,Sant Genís dels Agudells,90,616.61,17779.0,760,216,28.42,0.0347,Affordable
2019,7,Horta-Guinardó,39,Sant Genís dels Agudells,91,569.14,18216.0,634,235,37.07,0.0312,Affordable
2019,7,Horta-Guinardó,39,Sant Genís dels Agudells,92,513.77,14799.0,701,57,8.13,0.0347,Affordable
2019,7,Horta-Guinardó,39,Sant Genís dels Agudells,93,574.76,17821.0,739,20,2.71,0.0323,Affordable
2019,7,Horta-Guinardó,40,Montbau,94,560.89,19126.0,709,421,59.38,0.0293,Affordable
2019,7,Horta-Guinardó,40,Montbau,95,597.44,20671.0,748,269,35.96,0.0289,Affordable
2019,7,Horta-Guinardó,40,Montbau,96,592.43,18089.0,697,218,31.28,0.0328,Affordable
2019,7,Horta-Guinardó,40,Montbau,97,630.97,21854.0,408,145,35.54,0.0289,Affordable
2019,7,Horta-Guinardó,41,la Vall d'Hebron,98,967.18,26708.0,934,150,16.06,0.0362,Affordable
2019,7,Horta-Guinardó,41,la Vall d'Hebron,99,804.55,23613.0,480,80,16.67,0.0341,Affordable
2019,7,Horta-Guinardó,41,la Vall d'Hebron,100,740.03,19707.0,568,173,30.46,0.0376,Affordable
2019,7,Horta-Guinardó,41,la Vall d'Hebron,101,681.93,20487.0,672,374,55.65,0.0333,Affordable
2019,7,Horta-Guinardó,42,la Clota,102,731.34,19283.0,419,183,43.68,0.0379,Moderate
2019,7,Horta-Guinardó,43,Horta,103,683.72,18672.0,611,329,53.85,0.0366,Affordable
2019,7,Horta-Guinardó,43,Horta,104,754.45,17117.0,829,383,46.2,0.0441,Pressured
2019,7,Horta-Guinardó,43,Horta,105,794.6,21731.0,512,146,28.52,0.0366,Affordable
2019,7,Horta-Guinardó,43,Horta,106,773.54,20737.0,553,155,28.03,0.0373,Affordable
2019,7,Horta-Guinardó,43,Horta,107,817.95,24783.0,543,173,31.86,0.033,Affordable
2019,7,Horta-Guinardó,43,Horta,108,787.0,21463.0,628,229,36.46,0.0367,Affordable
2019,7,Horta-Guinardó,43,Horta,109,739.06,17379.0,840,394,46.9,0.0425,Pressured
2019,7,Horta-Guinardó,43,Horta,110,766.2,22355.0,508,173,34.06,0.0343,Affordable
2019,7,Horta-Guinardó,43,Horta,111,747.73,25044.0,495,75,15.15,0.0299,Affordable
2019,7,Horta-Guinardó,43,Horta,112,770.43,21102.0,602,136,22.59,0.0365,Affordable
2019,7,Horta-Guinardó,43,Horta,113,725.0,19209.0,609,233,38.26,0.0377,Moderate
2019,7,Horta-Guinardó,43,Horta,114,762.61,22186.0,727,358,49.24,0.0344,Affordable
2019,7,Horta-Guinardó,43,Horta,115,754.34,25858.0,673,266,39.52,0.0292,Affordable
2019,7,Horta-Guinardó,43,Horta,116,783.33,19986.0,745,242,32.48,0.0392,Moderate
2019,7,Horta-Guinardó,43,Horta,117,719.03,20700.0,628,312,49.68,0.0347,Affordable
2019,7,Horta-Guinardó,43,Horta,118,710.32,21062.0,727,271,37.28,0.0337,Affordable
2019,7,Horta-Guinardó,43,Horta,119,652.22,18345.0,617,249,40.36,0.0356,Affordable
2019,7,Horta-Guinardó,43,Horta,120,689.0,18758.0,701,370,52.78,0.0367,Affordable
2019,7,Horta-Guinardó,43,Horta,121,655.36,17184.0,530,128,24.15,0.0381,Moderate
2019,7,Horta-Guinardó,43,Horta,122,685.66,19553.0,656,212,32.32,0.0351,Affordable
2019,7,Horta-Guinardó,43,Horta,123,671.31,20602.0,738,251,34.01,0.0326,Affordable
2019,8,Nou Barris,44,Vilapicina i la Torre Llobeta,1,726.52,18991.0,585,176,30.09,0.0383,Moderate
2019,8,Nou Barris,44,Vilapicina i la Torre Llobeta,2,724.2,21461.0,644,211,32.76,0.0337,Affordable
2019,8,Nou Barris,44,Vilapicina i la Torre Llobeta,3,718.3,19071.0,609,238,39.08,0.0377,Moderate
2019,8,Nou Barris,44,Vilapicina i la Torre Llobeta,4,688.75,17863.0,678,197,29.06,0.0386,Moderate
2019,8,Nou Barris,44,Vilapicina i la Torre Llobeta,5,665.49,19830.0,593,243,40.98,0.0336,Affordable
2019,8,Nou Barris,44,Vilapicina i la Torre Llobeta,6,753.24,20071.0,729,246,33.74,0.0375,Affordable
2019,8,Nou Barris,44,Vilapicina i la Torre Llobeta,7,683.67,20252.0,519,161,31.02,0.0338,Affordable
2019,8,Nou Barris,44,Vilapicina i la Torre Llobeta,8,740.48,20139.0,730,193,26.44,0.0368,Affordable
2019,8,Nou Barris,44,Vilapicina i la Torre Llobeta,9,669.12,18439.0,811,68,8.38,0.0363,Affordable
2019,8,Nou Barris,44,Vilapicina i la Torre Llobeta,10,710.3,20901.0,574,162,28.22,0.034,Affordable
2019,8,Nou Barris,44,Vilapicina i la Torre Llobeta,11,750.4,22396.0,507,44,8.68,0.0335,Affordable
2019,8,Nou Barris,44,Vilapicina i la Torre Llobeta,12,720.19,19580.0,618,57,9.22,0.0368,Affordable
2019,8,Nou Barris,44,Vilapicina i la Torre Llobeta,13,762.54,19898.0,535,116,21.68,0.0383,Moderate
2019,8,Nou Barris,44,Vilapicina i la Torre Llobeta,14,746.73,17788.0,608,143,23.52,0.042,Pressured
2019,8,Nou Barris,44,Vilapicina i la Torre Llobeta,15,754.74,18059.0,709,394,55.57,0.0418,Pressured
2019,8,Nou Barris,44,Vilapicina i la Torre Llobeta,16,753.6,18271.0,558,154,27.6,0.0412,Moderate
2019,8,Nou Barris,44,Vilapicina i la Torre Llobeta,17,789.35,20384.0,688,237,34.45,0.0387,Moderate
2019,8,Nou Barris,44,Vilapicina i la Torre Llobeta,18,852.46,19775.0,699,126,18.03,0.0431,Pressured
2019,8,Nou Barris,44,Vilapicina i la Torre Llobeta,19,770.81,17858.0,847,484,57.14,0.0432,Pressured
2019,8,Nou Barris,45,Porta,20,794.96,17945.0,695,244,35.11,0.0443,Pressured
2019,8,Nou Barris,45,Porta,21,729.43,19068.0,679,223,32.84,0.0383,Moderate
2019,8,Nou Barris,45,Porta,22,703.91,19302.0,534,32,5.99,0.0365,Affordable
2019,8,Nou Barris,45,Porta,23,721.75,17313.0,676,252,37.28,0.0417,Pressured
2019,8,Nou Barris,45,Porta,24,744.12,18456.0,683,174,25.48,0.0403,Moderate
2019,8,Nou Barris,45,Porta,25,726.71,16771.0,614,317,51.63,0.0433,Pressured
2019,8,Nou Barris,45,Porta,26,763.68,18818.0,648,285,43.98,0.0406,Moderate
2019,8,Nou Barris,45,Porta,27,778.46,20367.0,655,149,22.75,0.0382,Moderate
2019,8,Nou Barris,45,Porta,28,670.01,17104.0,498,126,25.3,0.0392,Moderate
2019,8,Nou Barris,45,Porta,29,739.66,15499.0,677,163,24.08,0.0477,Critical
2019,8,Nou Barris,45,Porta,30,703.76,16205.0,632,141,22.31,0.0434,Pressured
2019,8,Nou Barris,45,Porta,31,686.57,17452.0,572,427,74.65,0.0393,Moderate
2019,8,Nou Barris,45,Porta,32,598.75,18481.0,575,151,26.26,0.0324,Affordable
2019,8,Nou Barris,45,Porta,33,676.69,16084.0,661,316,47.81,0.0421,Pressured
2019,8,Nou Barris,45,Porta,34,688.76,14354.0,564,268,47.52,0.048,Critical
2019,8,Nou Barris,45,Porta,35,668.89,17414.0,711,352,49.51,0.0384,Moderate
2019,8,Nou Barris,45,Porta,36,654.93,14213.0,706,560,79.32,0.0461,Critical
2019,8,Nou Barris,45,Porta,37,718.17,16449.0,708,348,49.15,0.0437,Pressured
2019,8,Nou Barris,46,el Turó de la Peira,38,644.09,15426.0,693,258,37.23,0.0418,Pressured
2019,8,Nou Barris,46,el Turó de la Peira,39,612.14,16490.0,735,255,34.69,0.0371,Affordable
2019,8,Nou Barris,46,el Turó de la Peira,40,665.68,13165.0,714,177,24.79,0.0506,Critical
2019,8,Nou Barris,46,el Turó de la Peira,41,557.62,11572.0,980,777,79.29,0.0482,Critical
2019,8,Nou Barris,46,el Turó de la Peira,42,606.95,18288.0,583,15,2.57,0.0332,Affordable
2019,8,Nou Barris,46,el Turó de la Peira,43,754.22,15948.0,551,3,0.54,0.0473,Critical
2019,8,Nou Barris,46,el Turó de la Peira,44,600.79,14005.0,609,329,54.02,0.0429,Pressured
2019,8,Nou Barris,46,el Turó de la Peira,45,566.95,13905.0,709,389,54.87,0.0408,Moderate
2019,8,Nou Barris,46,el Turó de la Peira,46,559.99,15174.0,702,464,66.1,0.0369,Affordable
2019,8,Nou Barris,46,el Turó de la Peira,47,553.21,12754.0,680,385,56.62,0.0434,Pressured
2019,8,Nou Barris,47,Can Peguera,48,515.32,11550.0,453,445,98.23,0.0446,Pressured
2019,8,Nou Barris,47,Can Peguera,49,775.03,14669.0,594,370,62.29,0.0528,Critical
2019,8,Nou Barris,48,la Guineueta,50,788.23,21330.0,612,0,0.0,0.037,Affordable
2019,8,Nou Barris,48,la Guineueta,51,823.32,20445.0,595,205,34.45,0.0403,Moderate
2019,8,Nou Barris,48,la Guineueta,52,768.29,18338.0,408,161,39.46,0.0419,Pressured
2019,8,Nou Barris,48,la Guineueta,53,740.13,20797.0,547,36,6.58,0.0356,Affordable
2019,8,Nou Barris,48,la Guineueta,54,743.06,18974.0,791,23,2.91,0.0392,Moderate
2019,8,Nou Barris,48,la Guineueta,55,737.84,23686.0,772,0,0.0,0.0312,Affordable
2019,8,Nou Barris,48,la Guineueta,56,568.6,17448.0,697,240,34.43,0.0326,Affordable
2019,8,Nou Barris,48,la Guineueta,57,574.66,17096.0,596,89,14.93,0.0336,Affordable
2019,8,Nou Barris,48,la Guineueta,58,548.49,15596.0,736,362,49.18,0.0352,Affordable
2019,8,Nou Barris,48,la Guineueta,59,547.28,17787.0,460,133,28.91,0.0308,Affordable
2019,8,Nou Barris,48,la Guineueta,215,752.54,19709.0,587,1,0.17,0.0382,Moderate
2019,8,Nou Barris,49,Canyelles,60,604.36,18991.0,542,6,1.11,0.0318,Affordable
2019,8,Nou Barris,49,Canyelles,61,598.07,16631.0,676,0,0.0,0.036,Affordable
2019,8,Nou Barris,49,Canyelles,62,604.36,18390.0,480,0,0.0,0.0329,Affordable
2019,8,Nou Barris,49,Canyelles,63,606.16,21377.0,480,0,0.0,0.0284,Affordable
2019,8,Nou Barris,49,Canyelles,64,593.89,16477.0,741,39,5.26,0.036,Affordable
2019,8,Nou Barris,50,les Roquetes,65,448.35,12280.0,863,503,58.29,0.0365,Affordable
2019,8,Nou Barris,50,les Roquetes,66,443.77,11825.0,731,435,59.51,0.0375,Affordable
2019,8,Nou Barris,50,les Roquetes,67,510.11,14795.0,757,309,40.82,0.0345,Affordable
2019,8,Nou Barris,50,les Roquetes,68,510.94,12980.0,743,350,47.11,0.0394,Moderate
2019,8,Nou Barris,50,les Roquetes,69,516.23,12988.0,627,303,48.33,0.0397,Moderate
2019,8,Nou Barris,50,les Roquetes,70,495.03,12396.0,610,351,57.54,0.0399,Moderate
2019,8,Nou Barris,50,les Roquetes,71,508.09,13819.0,701,354,50.5,0.0368,Affordable
2019,8,Nou Barris,50,les Roquetes,72,502.14,15243.0,505,207,40.99,0.0329,Affordable
2019,8,Nou Barris,50,les Roquetes,73,452.58,12542.0,839,813,96.9,0.0361,Affordable
2019,8,Nou Barris,50,les Roquetes,74,525.41,12787.0,708,433,61.16,0.0411,Moderate
2019,8,Nou Barris,51,Verdun,75,667.86,14809.0,936,636,67.95,0.0451,Pressured
2019,8,Nou Barris,51,Verdun,76,652.42,15856.0,781,460,58.9,0.0411,Moderate
2019,8,Nou Barris,51,Verdun,77,639.15,12659.0,609,77,12.64,0.0505,Critical
2019,8,Nou Barris,51,Verdun,78,510.82,13352.0,799,632,79.1,0.0383,Moderate
2019,8,Nou Barris,51,Verdun,79,602.57,13741.0,655,432,65.95,0.0439,Pressured
2019,8,Nou Barris,51,Verdun,80,626.87,15113.0,687,438,63.76,0.0415,Pressured
2019,8,Nou Barris,51,Verdun,81,611.29,12953.0,655,331,50.53,0.0472,Critical
2019,8,Nou Barris,51,Verdun,82,653.85,14758.0,791,468,59.17,0.0443,Pressured
2019,8,Nou Barris,52,la Prosperitat,83,652.67,15437.0,595,424,71.26,0.0423,Pressured
2019,8,Nou Barris,52,la Prosperitat,84,649.41,16177.0,490,158,32.24,0.0401,Moderate
2019,8,Nou Barris,52,la Prosperitat,85,602.32,15188.0,652,398,61.04,0.0397,Moderate
2019,8,Nou Barris,52,la Prosperitat,86,654.69,16299.0,779,441,56.61,0.0402,Moderate
2019,8,Nou Barris,52,la Prosperitat,87,615.15,15752.0,614,407,66.29,0.0391,Moderate
2019,8,Nou Barris,52,la Prosperitat,88,644.98,15041.0,578,328,56.75,0.0429,Pressured
2019,8,Nou Barris,52,la Prosperitat,89,646.2,15454.0,588,289,49.15,0.0418,Pressured
2019,8,Nou Barris,52,la Prosperitat,90,724.43,16991.0,580,289,49.83,0.0426,Pressured
2019,8,Nou Barris,52,la Prosperitat,91,620.05,16149.0,564,279,49.47,0.0384,Moderate
2019,8,Nou Barris,52,la Prosperitat,92,685.26,16965.0,455,215,47.25,0.0404,Moderate
2019,8,Nou Barris,52,la Prosperitat,93,619.7,15331.0,587,395,67.29,0.0404,Moderate
2019,8,Nou Barris,52,la Prosperitat,94,657.71,16530.0,662,302,45.62,0.0398,Moderate
2019,8,Nou Barris,52,la Prosperitat,95,743.88,19774.0,494,0,0.0,0.0376,Affordable
2019,8,Nou Barris,52,la Prosperitat,96,686.13,15896.0,641,228,35.57,0.0432,Pressured
2019,8,Nou Barris,52,la Prosperitat,97,713.08,15391.0,597,315,52.76,0.0463,Critical
2019,8,Nou Barris,52,la Prosperitat,98,612.5,14943.0,561,320,57.04,0.041,Moderate
2019,8,Nou Barris,52,la Prosperitat,99,618.7,16290.0,657,399,60.73,0.038,Moderate
2019,8,Nou Barris,52,la Prosperitat,100,646.77,15902.0,617,349,56.56,0.0407,Moderate
2019,8,Nou Barris,52,la Prosperitat,101,710.41,16392.0,762,363,47.64,0.0433,Pressured
2019,8,Nou Barris,52,la Prosperitat,102,678.39,13547.0,698,481,68.91,0.0501,Critical
2019,8,Nou Barris,53,la Trinitat Nova,103,425.08,11547.0,757,731,96.57,0.0368,Affordable
2019,8,Nou Barris,53,la Trinitat Nova,104,491.75,12832.0,558,302,54.12,0.0383,Moderate
2019,8,Nou Barris,53,la Trinitat Nova,105,464.27,12655.0,719,211,29.35,0.0367,Affordable
2019,8,Nou Barris,53,la Trinitat Nova,106,423.67,12000.0,671,219,32.64,0.0353,Affordable
2019,8,Nou Barris,53,la Trinitat Nova,107,581.13,12888.0,944,339,35.91,0.0451,Pressured
2019,8,Nou Barris,54,Torre Baró,108,464.22,11765.0,1137,517,45.47,0.0395,Moderate
2019,8,Nou Barris,54,Torre Baró,109,313.58,11637.0,564,308,54.61,0.0269,Affordable
2019,8,Nou Barris,55,Ciutat Meridiana,110,388.1,9424.0,745,705,94.63,0.0412,Moderate
2019,8,Nou Barris,55,Ciutat Meridiana,111,395.14,10782.0,607,394,64.91,0.0366,Affordable
2019,8,Nou Barris,55,Ciutat Meridiana,112,389.95,11000.0,603,284,47.1,0.0354,Affordable
2019,8,Nou Barris,55,Ciutat Meridiana,113,395.2,10847.0,647,352,54.4,0.0364,Affordable
2019,8,Nou Barris,55,Ciutat Meridiana,114,398.91,11459.0,705,639,90.64,0.0348,Affordable
2019,8,Nou Barris,55,Ciutat Meridiana,115,393.58,11352.0,650,413,63.54,0.0347,Affordable
2019,8,Nou Barris,56,Vallbona,116,382.93,12423.0,845,365,43.2,0.0308,Affordable
2019,9,Sant Andreu,57,la Trinitat Vella,1,448.86,10014.0,1048,714,68.13,0.0448,Pressured
2019,9,Sant Andreu,57,la Trinitat Vella,2,459.06,11554.0,844,466,55.21,0.0397,Moderate
2019,9,Sant Andreu,57,la Trinitat Vella,3,466.07,11565.0,852,477,55.99,0.0403,Moderate
2019,9,Sant Andreu,57,la Trinitat Vella,4,479.47,12791.0,696,387,55.6,0.0375,Affordable
2019,9,Sant Andreu,57,la Trinitat Vella,5,537.37,16987.0,754,242,32.1,0.0316,Affordable
2019,9,Sant Andreu,58,Baró de Viver,6,389.68,12188.0,503,5,0.99,0.032,Affordable
2019,9,Sant Andreu,58,Baró de Viver,7,410.22,11856.0,609,210,34.48,0.0346,Affordable
2019,9,Sant Andreu,59,el Bon Pastor,8,1042.86,24116.0,784,93,11.86,0.0432,Pressured
2019,9,Sant Andreu,59,el Bon Pastor,9,505.94,17900.0,605,201,33.22,0.0283,Affordable
2019,9,Sant Andreu,59,el Bon Pastor,10,634.18,15852.0,774,97,12.53,0.04,Moderate
2019,9,Sant Andreu,59,el Bon Pastor,11,527.13,13847.0,871,630,72.33,0.0381,Moderate
2019,9,Sant Andreu,59,el Bon Pastor,13,501.3,11883.0,805,218,27.08,0.0422,Pressured
2019,9,Sant Andreu,59,el Bon Pastor,14,507.51,13364.0,675,424,62.81,0.038,Moderate
2019,9,Sant Andreu,59,el Bon Pastor,15,530.18,14505.0,819,404,49.33,0.0366,Affordable
2019,9,Sant Andreu,60,Sant Andreu,16,824.55,20903.0,566,96,16.96,0.0394,Moderate
2019,9,Sant Andreu,60,Sant Andreu,17,859.41,21472.0,715,276,38.6,0.04,Moderate
2019,9,Sant Andreu,60,Sant Andreu,18,884.7,19512.0,644,119,18.48,0.0453,Pressured
2019,9,Sant Andreu,60,Sant Andreu,19,871.7,22420.0,1046,16,1.53,0.0389,Moderate
2019,9,Sant Andreu,60,Sant Andreu,20,853.28,21134.0,564,127,22.52,0.0404,Moderate
2019,9,Sant Andreu,60,Sant Andreu,21,877.36,23270.0,752,239,31.78,0.0377,Moderate
2019,9,Sant Andreu,60,Sant Andreu,22,816.54,22722.0,743,319,42.93,0.0359,Affordable
2019,9,Sant Andreu,60,Sant Andreu,23,817.94,23004.0,740,375,50.68,0.0356,Affordable
2019,9,Sant Andreu,60,Sant Andreu,24,851.03,21370.0,547,109,19.93,0.0398,Moderate
2019,9,Sant Andreu,60,Sant Andreu,25,833.06,22615.0,718,218,30.36,0.0368,Affordable
2019,9,Sant Andreu,60,Sant Andreu,26,852.59,22949.0,713,131,18.37,0.0372,Affordable
2019,9,Sant Andreu,60,Sant Andreu,27,846.27,22532.0,562,59,10.5,0.0376,Affordable
2019,9,Sant Andreu,60,Sant Andreu,28,986.17,25177.0,611,45,7.36,0.0392,Moderate
2019,9,Sant Andreu,60,Sant Andreu,29,814.86,21103.0,525,123,23.43,0.0386,Moderate
2019,9,Sant Andreu,60,Sant Andreu,30,930.38,23046.0,643,212,32.97,0.0404,Moderate
2019,9,Sant Andreu,60,Sant Andreu,31,964.67,23553.0,491,116,23.63,0.041,Moderate
2019,9,Sant Andreu,60,Sant Andreu,32,793.12,16911.0,942,124,13.16,0.0469,Critical
2019,9,Sant Andreu,60,Sant Andreu,33,774.65,19664.0,1541,597,38.74,0.0394,Moderate
2019,9,Sant Andreu,60,Sant Andreu,34,751.03,18162.0,663,168,25.34,0.0414,Moderate
2019,9,Sant Andreu,60,Sant Andreu,35,741.36,20300.0,792,359,45.33,0.0365,Affordable
2019,9,Sant Andreu,60,Sant Andreu,36,789.15,21012.0,644,121,18.79,0.0376,Affordable
2019,9,Sant Andreu,60,Sant Andreu,37,792.28,16923.0,861,578,67.13,0.0468,Critical
2019,9,Sant Andreu,60,Sant Andreu,38,846.26,22692.0,682,99,14.52,0.0373,Affordable
2019,9,Sant Andreu,60,Sant Andreu,39,824.33,21039.0,800,338,42.25,0.0392,Moderate
2019,9,Sant Andreu,60,Sant Andreu,40,867.35,21778.0,909,450,49.5,0.0398,Moderate
2019,9,Sant Andreu,60,Sant Andreu,41,835.54,20241.0,799,328,41.05,0.0413,Moderate
2019,9,Sant Andreu,60,Sant Andreu,42,802.32,22730.0,731,279,38.17,0.0353,Affordable
2019,9,Sant Andreu,60,Sant Andreu,43,836.91,20500.0,814,468,57.49,0.0408,Moderate
2019,9,Sant Andreu,60,Sant Andreu,44,812.49,21492.0,1000,557,55.7,0.0378,Moderate
2019,9,Sant Andreu,60,Sant Andreu,45,848.93,21525.0,755,336,44.5,0.0394,Moderate
2019,9,Sant Andreu,60,Sant Andreu,46,828.51,21941.0,694,238,34.29,0.0378,Moderate
2019,9,Sant Andreu,60,Sant Andreu,47,821.15,23613.0,1042,507,48.66,0.0348,Affordable
2019,9,Sant Andreu,60,Sant Andreu,48,849.9,21089.0,646,180,27.86,0.0403,Moderate
2019,9,Sant Andreu,60,Sant Andreu,49,860.51,19455.0,563,124,22.02,0.0442,Pressured
2019,9,Sant Andreu,60,Sant Andreu,50,857.18,22500.0,855,342,40.0,0.0381,Moderate
2019,9,Sant Andreu,60,Sant Andreu,51,834.33,22760.0,782,330,42.2,0.0367,Affordable
2019,9,Sant Andreu,60,Sant Andreu,52,842.77,21773.0,583,128,21.96,0.0387,Moderate
2019,9,Sant Andreu,60,Sant Andreu,53,857.07,23423.0,908,284,31.28,0.0366,Affordable
2019,9,Sant Andreu,60,Sant Andreu,54,859.46,22749.0,534,15,2.81,0.0378,Moderate
2019,9,Sant Andreu,61,la Sagrera,55,743.78,17441.0,656,0,0.0,0.0426,Pressured
2019,9,Sant Andreu,61,la Sagrera,56,873.66,21242.0,522,21,4.02,0.0411,Moderate
2019,9,Sant Andreu,61,la Sagrera,57,816.25,18498.0,760,119,15.66,0.0441,Pressured
2019,9,Sant Andreu,61,la Sagrera,58,907.19,21784.0,793,309,38.97,0.0416,Pressured
2019,9,Sant Andreu,61,la Sagrera,59,882.87,19674.0,666,277,41.59,0.0449,Pressured
2019,9,Sant Andreu,61,la Sagrera,60,871.14,20805.0,727,245,33.7,0.0419,Pressured
2019,9,Sant Andreu,61,la Sagrera,61,948.46,22589.0,749,171,22.83,0.042,Pressured
2019,9,Sant Andreu,61,la Sagrera,62,886.57,18584.0,578,293,50.69,0.0477,Critical
2019,9,Sant Andreu,61,la Sagrera,63,970.62,23323.0,583,198,33.96,0.0416,Pressured
2019,9,Sant Andreu,61,la Sagrera,64,851.06,22178.0,491,5,1.02,0.0384,Moderate
2019,9,Sant Andreu,61,la Sagrera,65,851.15,19469.0,883,81,9.17,0.0437,Pressured
2019,9,Sant Andreu,61,la Sagrera,66,897.8,21809.0,643,71,11.04,0.0412,Moderate
2019,9,Sant Andreu,61,la Sagrera,67,848.36,18538.0,696,185,26.58,0.0458,Critical
2019,9,Sant Andreu,61,la Sagrera,68,881.86,21989.0,718,126,17.55,0.0401,Moderate
2019,9,Sant Andreu,61,la Sagrera,69,823.48,20210.0,440,0,0.0,0.0407,Moderate
2019,9,Sant Andreu,61,la Sagrera,70,766.14,15404.0,836,703,84.09,0.0497,Critical
2019,9,Sant Andreu,61,la Sagrera,71,770.41,19152.0,844,240,28.44,0.0402,Moderate
2019,9,Sant Andreu,61,la Sagrera,72,719.06,16478.0,728,476,65.38,0.0436,Pressured
2019,9,Sant Andreu,61,la Sagrera,73,801.47,20292.0,651,45,6.91,0.0395,Moderate
2019,9,Sant Andreu,61,la Sagrera,156,734.82,19306.0,524,0,0.0,0.0381,Moderate
2019,9,Sant Andreu,62,el Congrés i els Indians,74,764.0,19743.0,816,152,18.63,0.0387,Moderate
2019,9,Sant Andreu,62,el Congrés i els Indians,75,720.21,18636.0,644,116,18.01,0.0386,Moderate
2019,9,Sant Andreu,62,el Congrés i els Indians,76,760.48,19061.0,722,52,7.2,0.0399,Moderate
2019,9,Sant Andreu,62,el Congrés i els Indians,77,780.68,19499.0,811,239,29.47,0.04,Moderate
2019,9,Sant Andreu,62,el Congrés i els Indians,78,790.47,19929.0,690,228,33.04,0.0397,Moderate
2019,9,Sant Andreu,62,el Congrés i els Indians,79,813.7,21006.0,818,286,34.96,0.0387,Moderate
2019,9,Sant Andreu,62,el Congrés i els Indians,80,787.55,22170.0,636,151,23.74,0.0355,Affordable
2019,9,Sant Andreu,62,el Congrés i els Indians,81,820.93,20920.0,894,380,42.51,0.0392,Moderate
2019,9,Sant Andreu,62,el Congrés i els Indians,82,779.29,19743.0,1000,368,36.8,0.0395,Moderate
2019,9,Sant Andreu,63,Navas,83,787.66,20308.0,828,270,32.61,0.0388,Moderate
2019,9,Sant Andreu,63,Navas,84,815.35,22990.0,891,149,16.72,0.0355,Affordable
2019,9,Sant Andreu,63,Navas,85,787.04,21562.0,835,188,22.51,0.0365,Affordable
2019,9,Sant Andreu,63,Navas,86,762.66,20376.0,666,135,20.27,0.0374,Affordable
2019,9,Sant Andreu,63,Navas,87,801.85,22034.0,576,34,5.9,0.0364,Affordable
2019,9,Sant Andreu,63,Navas,88,832.93,19506.0,976,382,39.14,0.0427,Pressured
2019,9,Sant Andreu,63,Navas,89,737.26,19130.0,720,236,32.78,0.0385,Moderate
2019,9,Sant Andreu,63,Navas,90,832.66,19418.0,714,140,19.61,0.0429,Pressured
2019,9,Sant Andreu,63,Navas,91,845.68,20248.0,790,52,6.58,0.0418,Pressured
2019,9,Sant Andreu,63,Navas,92,848.53,18803.0,835,82,9.82,0.0451,Pressured
2019,9,Sant Andreu,63,Navas,93,853.43,20488.0,586,68,11.6,0.0417,Pressured
2019,9,Sant Andreu,63,Navas,94,866.57,20495.0,927,111,11.97,0.0423,Pressured
2019,9,Sant Andreu,63,Navas,95,875.75,19535.0,931,169,18.15,0.0448,Pressured
2019,10,Sant Martí,64,Camp de l'Arpa del Clot,1,832.15,18378.0,801,295,36.83,0.0453,Pressured
2019,10,Sant Martí,64,Camp de l'Arpa del Clot,2,843.45,19296.0,912,346,37.94,0.0437,Pressured
2019,10,Sant Martí,64,Camp de l'Arpa del Clot,3,858.25,20993.0,812,350,43.1,0.0409,Moderate
2019,10,Sant Martí,64,Camp de l'Arpa del Clot,4,835.45,20557.0,733,208,28.38,0.0406,Moderate
2019,10,Sant Martí,64,Camp de l'Arpa del Clot,5,885.93,21426.0,774,221,28.55,0.0413,Moderate
2019,10,Sant Martí,64,Camp de l'Arpa del Clot,6,857.47,22895.0,907,235,25.91,0.0375,Affordable
2019,10,Sant Martí,64,Camp de l'Arpa del Clot,7,874.37,26407.0,673,87,12.93,0.0331,Affordable
2019,10,Sant Martí,64,Camp de l'Arpa del Clot,8,903.03,20865.0,947,391,41.29,0.0433,Pressured
2019,10,Sant Martí,64,Camp de l'Arpa del Clot,9,892.8,21382.0,932,414,44.42,0.0418,Pressured
2019,10,Sant Martí,64,Camp de l'Arpa del Clot,10,870.73,20144.0,976,435,44.57,0.0432,Pressured
2019,10,Sant Martí,64,Camp de l'Arpa del Clot,11,945.09,23574.0,648,217,33.49,0.0401,Moderate
2019,10,Sant Martí,64,Camp de l'Arpa del Clot,12,903.85,22441.0,909,214,23.54,0.0403,Moderate
2019,10,Sant Martí,64,Camp de l'Arpa del Clot,13,845.4,20504.0,775,250,32.26,0.0412,Moderate
2019,10,Sant Martí,64,Camp de l'Arpa del Clot,14,852.23,19657.0,783,193,24.65,0.0434,Pressured
2019,10,Sant Martí,64,Camp de l'Arpa del Clot,15,928.22,21393.0,974,195,20.02,0.0434,Pressured
2019,10,Sant Martí,64,Camp de l'Arpa del Clot,16,909.76,22350.0,577,144,24.96,0.0407,Moderate
2019,10,Sant Martí,64,Camp de l'Arpa del Clot,17,878.32,20844.0,846,123,14.54,0.0421,Pressured
2019,10,Sant Martí,64,Camp de l'Arpa del Clot,18,858.4,19899.0,781,349,44.69,0.0431,Pressured
2019,10,Sant Martí,64,Camp de l'Arpa del Clot,19,870.97,20456.0,778,204,26.22,0.0426,Pressured
2019,10,Sant Martí,64,Camp de l'Arpa del Clot,20,827.42,18799.0,698,196,28.08,0.044,Pressured
2019,10,Sant Martí,64,Camp de l'Arpa del Clot,21,826.41,19085.0,673,221,32.84,0.0433,Pressured
2019,10,Sant Martí,64,Camp de l'Arpa del Clot,22,837.46,20486.0,747,301,40.29,0.0409,Moderate
2019,10,Sant Martí,64,Camp de l'Arpa del Clot,23,827.61,19589.0,746,301,40.35,0.0422,Pressured
2019,10,Sant Martí,64,Camp de l'Arpa del Clot,24,856.55,21587.0,764,355,46.47,0.0397,Moderate
2019,10,Sant Martí,64,Camp de l'Arpa del Clot,25,868.16,20491.0,704,269,38.21,0.0424,Pressured
2019,10,Sant Martí,65,el Clot,26,892.25,21815.0,758,250,32.98,0.0409,Moderate
2019,10,Sant Martí,65,el Clot,27,891.45,21154.0,768,254,33.07,0.0421,Pressured
2019,10,Sant Martí,65,el Clot,28,894.84,20081.0,803,264,32.88,0.0446,Pressured
2019,10,Sant Martí,65,el Clot,29,855.33,19638.0,636,139,21.86,0.0436,Pressured
2019,10,Sant Martí,65,el Clot,30,855.7,19882.0,752,41,5.45,0.043,Pressured
2019,10,Sant Martí,65,el Clot,31,874.14,20601.0,823,474,57.59,0.0424,Pressured
2019,10,Sant Martí,65,el Clot,32,826.93,21840.0,626,120,19.17,0.0379,Moderate
2019,10,Sant Martí,65,el Clot,33,924.12,24345.0,423,96,22.7,0.038,Moderate
2019,10,Sant Martí,65,el Clot,34,870.6,19614.0,785,135,17.2,0.0444,Pressured
2019,10,Sant Martí,65,el Clot,35,1005.08,22742.0,778,129,16.58,0.0442,Pressured
2019,10,Sant Martí,65,el Clot,36,959.24,23851.0,642,212,33.02,0.0402,Moderate
2019,10,Sant Martí,65,el Clot,37,854.16,16478.0,452,56,12.39,0.0518,Critical
2019,10,Sant Martí,65,el Clot,38,861.47,21044.0,806,188,23.33,0.0409,Moderate
2019,10,Sant Martí,65,el Clot,39,845.88,18846.0,868,212,24.42,0.0449,Pressured
2019,10,Sant Martí,65,el Clot,40,875.07,20338.0,908,363,39.98,0.043,Pressured
2019,10,Sant Martí,65,el Clot,41,867.98,20874.0,786,182,23.16,0.0416,Pressured
2019,10,Sant Martí,65,el Clot,234,916.96,19256.0,800,22,2.75,0.0476,Critical
2019,10,Sant Martí,66,el Parc i la Llacuna del Poblenou,42,832.51,18155.0,1171,296,25.28,0.0459,Critical
2019,10,Sant Martí,66,el Parc i la Llacuna del Poblenou,43,636.42,19594.0,951,338,35.54,0.0325,Affordable
2019,10,Sant Martí,66,el Parc i la Llacuna del Poblenou,44,801.22,20945.0,796,173,21.73,0.0383,Moderate
2019,10,Sant Martí,66,el Parc i la Llacuna del Poblenou,45,1054.86,24425.0,589,81,13.75,0.0432,Pressured
2019,10,Sant Martí,66,el Parc i la Llacuna del Poblenou,46,1068.36,23959.0,639,111,17.37,0.0446,Pressured
2019,10,Sant Martí,66,el Parc i la Llacuna del Poblenou,47,1131.5,24267.0,792,97,12.25,0.0466,Critical
2019,10,Sant Martí,66,el Parc i la Llacuna del Poblenou,48,976.77,23351.0,860,241,28.02,0.0418,Pressured
2019,10,Sant Martí,66,el Parc i la Llacuna del Poblenou,49,888.01,22014.0,572,57,9.97,0.0403,Moderate
2019,10,Sant Martí,66,el Parc i la Llacuna del Poblenou,50,953.22,23312.0,713,38,5.33,0.0409,Moderate
2019,10,Sant Martí,67,la Vila Olímpica del Poblenou,51,1207.33,23873.0,727,96,13.2,0.0506,Critical
2019,10,Sant Martí,67,la Vila Olímpica del Poblenou,52,1272.15,32611.0,1319,609,46.17,0.039,Moderate
2019,10,Sant Martí,67,la Vila Olímpica del Poblenou,53,1396.53,37105.0,971,323,33.26,0.0376,Affordable
2019,10,Sant Martí,67,la Vila Olímpica del Poblenou,54,1187.19,32142.0,483,42,8.7,0.0369,Affordable
2019,10,Sant Martí,67,la Vila Olímpica del Poblenou,55,1508.17,34345.0,1153,64,5.55,0.0439,Pressured
2019,10,Sant Martí,68,el Poblenou,56,508.95,19562.0,1066,505,47.37,0.026,Affordable
2019,10,Sant Martí,68,el Poblenou,57,571.03,19753.0,745,375,50.34,0.0289,Affordable
2019,10,Sant Martí,68,el Poblenou,58,556.14,19012.0,580,259,44.66,0.0293,Affordable
2019,10,Sant Martí,68,el Poblenou,59,1467.18,23897.0,975,475,48.72,0.0614,Critical
2019,10,Sant Martí,68,el Poblenou,60,1020.96,19286.0,950,440,46.32,0.0529,Critical
2019,10,Sant Martí,68,el Poblenou,61,1019.5,24259.0,854,137,16.04,0.042,Pressured
2019,10,Sant Martí,68,el Poblenou,62,1028.93,24025.0,746,109,14.61,0.0428,Pressured
2019,10,Sant Martí,68,el Poblenou,63,1020.29,22861.0,500,105,21.0,0.0446,Pressured
2019,10,Sant Martí,68,el Poblenou,64,939.45,23929.0,898,216,24.05,0.0393,Moderate
2019,10,Sant Martí,68,el Poblenou,65,1023.9,23736.0,821,188,22.9,0.0431,Pressured
2019,10,Sant Martí,68,el Poblenou,66,1035.08,23527.0,965,241,24.97,0.044,Pressured
2019,10,Sant Martí,68,el Poblenou,67,1284.27,29676.0,766,88,11.49,0.0433,Pressured
2019,10,Sant Martí,68,el Poblenou,68,1214.51,25277.0,653,73,11.18,0.048,Critical
2019,10,Sant Martí,68,el Poblenou,69,1080.4,25105.0,1168,546,46.75,0.043,Pressured
2019,10,Sant Martí,68,el Poblenou,70,1021.76,21358.0,822,416,50.61,0.0478,Critical
2019,10,Sant Martí,68,el Poblenou,71,1150.03,25017.0,751,121,16.11,0.046,Critical
2019,10,Sant Martí,68,el Poblenou,72,1025.32,20668.0,975,400,41.03,0.0496,Critical
2019,10,Sant Martí,68,el Poblenou,73,1002.52,19342.0,709,206,29.06,0.0518,Critical
2019,10,Sant Martí,68,el Poblenou,74,1006.27,20292.0,832,320,38.46,0.0496,Critical
2019,10,Sant Martí,68,el Poblenou,75,1003.57,19357.0,660,244,36.97,0.0518,Critical
2019,10,Sant Martí,69,Diagonal Mar i el Front Marítim del Poblenou,76,995.76,25406.0,855,226,26.43,0.0392,Moderate
2019,10,Sant Martí,69,Diagonal Mar i el Front Marítim del Poblenou,77,1128.63,28024.0,901,204,22.64,0.0403,Moderate
2019,10,Sant Martí,69,Diagonal Mar i el Front Marítim del Poblenou,78,1680.47,28106.0,1081,82,7.59,0.0598,Critical
2019,10,Sant Martí,69,Diagonal Mar i el Front Marítim del Poblenou,79,1302.02,23800.0,702,31,4.42,0.0547,Critical
2019,10,Sant Martí,69,Diagonal Mar i el Front Marítim del Poblenou,80,2057.02,34838.0,1301,14,1.08,0.059,Critical
2019,10,Sant Martí,69,Diagonal Mar i el Front Marítim del Poblenou,235,845.84,17192.0,677,228,33.68,0.0492,Critical
2019,10,Sant Martí,69,Diagonal Mar i el Front Marítim del Poblenou,236,816.63,18325.0,781,70,8.96,0.0446,Pressured
2019,10,Sant Martí,70,el Besòs i el Maresme,81,607.39,15496.0,857,443,51.69,0.0392,Moderate
2019,10,Sant Martí,70,el Besòs i el Maresme,82,436.14,9561.0,720,661,91.81,0.0456,Critical
2019,10,Sant Martí,70,el Besòs i el Maresme,83,453.95,8534.0,789,633,80.23,0.0532,Critical
2019,10,Sant Martí,70,el Besòs i el Maresme,84,488.16,11635.0,649,420,64.71,0.042,Pressured
2019,10,Sant Martí,70,el Besòs i el Maresme,85,465.49,10612.0,868,461,53.11,0.0439,Pressured
2019,10,Sant Martí,70,el Besòs i el Maresme,86,507.85,12501.0,954,447,46.86,0.0406,Moderate
2019,10,Sant Martí,70,el Besòs i el Maresme,87,485.05,12602.0,779,181,23.23,0.0385,Moderate
2019,10,Sant Martí,70,el Besòs i el Maresme,88,739.01,16997.0,680,3,0.44,0.0435,Pressured
2019,10,Sant Martí,70,el Besòs i el Maresme,89,445.9,12524.0,747,493,66.0,0.0356,Affordable
2019,10,Sant Martí,70,el Besòs i el Maresme,90,496.01,14788.0,596,16,2.68,0.0335,Affordable
2019,10,Sant Martí,70,el Besòs i el Maresme,91,511.08,15855.0,889,52,5.85,0.0322,Affordable
2019,10,Sant Martí,70,el Besòs i el Maresme,92,824.01,19000.0,617,1,0.16,0.0434,Pressured
2019,10,Sant Martí,70,el Besòs i el Maresme,93,525.27,19666.0,500,45,9.0,0.0267,Affordable
2019,10,Sant Martí,71,Provençals del Poblenou,94,873.59,23622.0,1461,428,29.3,0.037,Affordable
2019,10,Sant Martí,71,Provençals del Poblenou,95,959.02,17572.0,599,230,38.4,0.0546,Critical
2019,10,Sant Martí,71,Provençals del Poblenou,96,1039.7,23314.0,702,44,6.27,0.0446,Pressured
2019,10,Sant Martí,71,Provençals del Poblenou,97,998.98,24014.0,701,122,17.4,0.0416,Pressured
2019,10,Sant Martí,71,Provençals del Poblenou,98,989.14,21130.0,685,12,1.75,0.0468,Critical
2019,10,Sant Martí,71,Provençals del Poblenou,99,1022.49,15598.0,430,8,1.86,0.0656,Critical
2019,10,Sant Martí,71,Provençals del Poblenou,100,545.6,17799.0,777,84,10.81,0.0307,Affordable
2019,10,Sant Martí,71,Provençals del Poblenou,101,694.25,17663.0,718,156,21.73,0.0393,Moderate
2019,10,Sant Martí,71,Provençals del Poblenou,102,696.79,16862.0,1186,106,8.94,0.0413,Moderate
2019,10,Sant Martí,71,Provençals del Poblenou,103,734.66,18946.0,956,50,5.23,0.0388,Moderate
2019,10,Sant Martí,71,Provençals del Poblenou,104,733.48,21830.0,635,0,0.0,0.0336,Affordable
2019,10,Sant Martí,71,Provençals del Poblenou,237,668.8,16533.0,344,197,57.27,0.0405,Moderate
2019,10,Sant Martí,72,Sant Martí de Provençals,105,770.2,20365.0,948,284,29.96,0.0378,Moderate
2019,10,Sant Martí,72,Sant Martí de Provençals,106,705.28,19267.0,461,73,15.84,0.0366,Affordable
2019,10,Sant Martí,72,Sant Martí de Provençals,107,778.68,24608.0,700,102,14.57,0.0316,Affordable
2019,10,Sant Martí,72,Sant Martí de Provençals,108,738.84,18119.0,623,90,14.45,0.0408,Moderate
2019,10,Sant Martí,72,Sant Martí de Provençals,109,694.56,17250.0,706,146,20.68,0.0403,Moderate
2019,10,Sant Martí,72,Sant Martí de Provençals,110,696.88,17330.0,758,153,20.18,0.0402,Moderate
2019,10,Sant Martí,72,Sant Martí de Provençals,111,697.66,18200.0,582,21,3.61,0.0383,Moderate
2019,10,Sant Martí,72,Sant Martí de Provençals,112,642.06,22777.0,632,1,0.16,0.0282,Affordable
2019,10,Sant Martí,72,Sant Martí de Provençals,113,656.37,18218.0,508,16,3.15,0.036,Affordable
2019,10,Sant Martí,72,Sant Martí de Provençals,114,628.21,16226.0,638,2,0.31,0.0387,Moderate
2019,10,Sant Martí,72,Sant Martí de Provençals,115,649.9,17597.0,621,19,3.06,0.0369,Affordable
2019,10,Sant Martí,72,Sant Martí de Provençals,116,621.33,15724.0,868,264,30.41,0.0395,Moderate
2019,10,Sant Martí,72,Sant Martí de Provençals,117,649.71,17919.0,568,1,0.18,0.0363,Affordable
2019,10,Sant Martí,72,Sant Martí de Provençals,118,695.13,22371.0,409,1,0.24,0.0311,Affordable
2019,10,Sant Martí,72,Sant Martí de Provençals,119,690.54,16423.0,576,447,77.6,0.042,Pressured
2019,10,Sant Martí,72,Sant Martí de Provençals,120,668.32,17512.0,750,74,9.87,0.0382,Moderate
2019,10,Sant Martí,72,Sant Martí de Provençals,121,662.3,17563.0,733,157,21.42,0.0377,Moderate
2019,10,Sant Martí,72,Sant Martí de Provençals,122,710.08,21652.0,611,0,0.0,0.0328,Affordable
2019,10,Sant Martí,73,la Verneda i la Pau,123,701.94,18391.0,593,175,29.51,0.0382,Moderate
2019,10,Sant Martí,73,la Verneda i la Pau,124,755.81,19748.0,462,1,0.22,0.0383,Moderate
2019,10,Sant Martí,73,la Verneda i la Pau,125,729.07,17463.0,489,40,8.18,0.0417,Pressured
2019,10,Sant Martí,73,la Verneda i la Pau,126,569.22,18839.0,440,7,1.59,0.0302,Affordable
2019,10,Sant Martí,73,la Verneda i la Pau,127,826.31,20225.0,435,145,33.33,0.0409,Moderate
2019,10,Sant Martí,73,la Verneda i la Pau,128,744.2,20281.0,740,27,3.65,0.0367,Affordable
2019,10,Sant Martí,73,la Verneda i la Pau,129,684.5,20015.0,479,0,0.0,0.0342,Affordable
2019,10,Sant Martí,73,la Verneda i la Pau,130,618.92,18226.0,581,1,0.17,0.034,Affordable
2019,10,Sant Martí,73,la Verneda i la Pau,131,685.3,21624.0,432,0,0.0,0.0317,Affordable
2019,10,Sant Martí,73,la Verneda i la Pau,132,627.34,17206.0,524,1,0.19,0.0365,Affordable
2019,10,Sant Martí,73,la Verneda i la Pau,133,628.88,16680.0,867,125,14.42,0.0377,Moderate
2019,10,Sant Martí,73,la Verneda i la Pau,134,620.93,16550.0,798,548,68.67,0.0375,Affordable
2019,10,Sant Martí,73,la Verneda i la Pau,135,612.79,16568.0,560,56,10.0,0.037,Affordable
2019,10,Sant Martí,73,la Verneda i la Pau,136,497.98,17088.0,599,9,1.5,0.0291,Affordable
2019,10,Sant Martí,73,la Verneda i la Pau,137,479.08,15001.0,645,37,5.74,0.0319,Affordable
2019,10,Sant Martí,73,la Verneda i la Pau,138,490.07,13852.0,776,442,56.96,0.0354,Affordable
2019,10,Sant Martí,73,la Verneda i la Pau,139,495.17,14619.0,764,545,71.34,0.0339,Affordable
2019,10,Sant Martí,73,la Verneda i la Pau,140,464.57,14857.0,690,161,23.33,0.0313,Affordable
2019,10,Sant Martí,73,la Verneda i la Pau,141,525.66,15014.0,473,90,19.03,0.035,Affordable
2019,10,Sant Martí,73,la Verneda i la Pau,142,501.31,13375.0,671,326,48.58,0.0375,Affordable
2019,10,Sant Martí,73,la Verneda i la Pau,143,454.12,15628.0,1045,475,45.45,0.0291,Affordable
2020,1,Ciutat Vella,1,el Raval,1,975.7,13072.0,815,435,53.37,0.0746,Critical
2020,1,Ciutat Vella,1,el Raval,2,901.13,10006.0,713,368,51.61,0.0901,Critical
2020,1,Ciutat Vella,1,el Raval,3,846.38,10189.0,1334,845,63.34,0.0831,Critical
2020,1,Ciutat Vella,1,el Raval,4,873.23,12748.0,1460,749,51.3,0.0685,Critical
2020,1,Ciutat Vella,1,el Raval,5,893.67,10964.0,1266,460,36.33,0.0815,Critical
2020,1,Ciutat Vella,1,el Raval,6,781.27,11827.0,909,394,43.34,0.0661,Critical
2020,1,Ciutat Vella,1,el Raval,7,828.16,11184.0,887,421,47.46,0.074,Critical
2020,1,Ciutat Vella,1,el Raval,8,806.24,8401.0,1254,950,75.76,0.096,Critical
2020,1,Ciutat Vella,1,el Raval,9,822.75,11569.0,1047,625,59.69,0.0711,Critical
2020,1,Ciutat Vella,1,el Raval,10,765.6,8970.0,961,755,78.56,0.0854,Critical
2020,1,Ciutat Vella,1,el Raval,11,842.38,8852.0,1545,1178,76.25,0.0952,Critical
2020,1,Ciutat Vella,1,el Raval,12,902.52,11925.0,1055,706,66.92,0.0757,Critical
2020,1,Ciutat Vella,1,el Raval,13,916.27,12182.0,621,241,38.81,0.0752,Critical
2020,1,Ciutat Vella,1,el Raval,14,851.16,11160.0,815,473,58.04,0.0763,Critical
2020,1,Ciutat Vella,1,el Raval,15,867.56,11577.0,1090,671,61.56,0.0749,Critical
2020,1,Ciutat Vella,1,el Raval,16,860.53,10926.0,1048,683,65.17,0.0788,Critical
2020,1,Ciutat Vella,1,el Raval,17,803.32,10572.0,1186,840,70.83,0.076,Critical
2020,1,Ciutat Vella,1,el Raval,18,912.26,10743.0,685,310,45.26,0.0849,Critical
2020,1,Ciutat Vella,1,el Raval,19,960.19,11049.0,1606,894,55.67,0.0869,Critical
2020,1,Ciutat Vella,1,el Raval,20,935.29,17361.0,1325,365,27.55,0.0539,Critical
2020,1,Ciutat Vella,1,el Raval,21,1194.68,16743.0,1580,615,38.92,0.0714,Critical
2020,1,Ciutat Vella,2,el Gòtic,22,1535.75,20772.0,888,195,21.96,0.0739,Critical
2020,1,Ciutat Vella,2,el Gòtic,23,1230.35,17755.0,1561,556,35.62,0.0693,Critical
2020,1,Ciutat Vella,2,el Gòtic,25,1042.87,15921.0,1095,378,34.52,0.0655,Critical
2020,1,Ciutat Vella,2,el Gòtic,26,929.23,17361.0,1073,412,38.4,0.0535,Critical
2020,1,Ciutat Vella,2,el Gòtic,27,931.69,15792.0,1034,326,31.53,0.059,Critical
2020,1,Ciutat Vella,2,el Gòtic,28,1133.41,15179.0,1327,507,38.21,0.0747,Critical
2020,1,Ciutat Vella,2,el Gòtic,29,896.47,12057.0,890,307,34.49,0.0744,Critical
2020,1,Ciutat Vella,2,el Gòtic,30,940.35,13553.0,1369,365,26.66,0.0694,Critical
2020,1,Ciutat Vella,2,el Gòtic,31,930.37,13048.0,1116,403,36.11,0.0713,Critical
2020,1,Ciutat Vella,3,la Barceloneta,32,1222.88,17287.0,1234,960,77.8,0.0707,Critical
2020,1,Ciutat Vella,3,la Barceloneta,33,1229.23,14041.0,706,586,83.0,0.0875,Critical
2020,1,Ciutat Vella,3,la Barceloneta,34,1195.74,14994.0,695,638,91.8,0.0797,Critical
2020,1,Ciutat Vella,3,la Barceloneta,35,1181.03,14739.0,771,710,92.09,0.0801,Critical
2020,1,Ciutat Vella,3,la Barceloneta,36,1366.33,16084.0,788,519,65.86,0.0849,Critical
2020,1,Ciutat Vella,3,la Barceloneta,37,1159.9,14904.0,672,381,56.7,0.0778,Critical
2020,1,Ciutat Vella,3,la Barceloneta,38,1171.42,13825.0,928,858,92.46,0.0847,Critical
2020,1,Ciutat Vella,3,la Barceloneta,39,1182.7,14886.0,783,454,57.98,0.0795,Critical
2020,1,Ciutat Vella,3,la Barceloneta,40,1275.17,16069.0,702,578,82.34,0.0794,Critical
2020,1,Ciutat Vella,3,la Barceloneta,41,1184.92,13619.0,1012,926,91.5,0.087,Critical
2020,1,Ciutat Vella,3,la Barceloneta,42,1266.86,15604.0,854,425,49.77,0.0812,Critical
2020,1,Ciutat Vella,4,"Sant Pere, Santa Caterina i la Ribera",43,1208.49,22110.0,1152,345,29.95,0.0547,Critical
2020,1,Ciutat Vella,4,"Sant Pere, Santa Caterina i la Ribera",44,1111.22,20406.0,950,311,32.74,0.0545,Critical
2020,1,Ciutat Vella,4,"Sant Pere, Santa Caterina i la Ribera",45,1016.33,16879.0,1472,745,50.61,0.0602,Critical
2020,1,Ciutat Vella,4,"Sant Pere, Santa Caterina i la Ribera",46,1098.08,14866.0,1257,580,46.14,0.0739,Critical
2020,1,Ciutat Vella,4,"Sant Pere, Santa Caterina i la Ribera",47,967.19,15690.0,1255,739,58.88,0.0616,Critical
2020,1,Ciutat Vella,4,"Sant Pere, Santa Caterina i la Ribera",48,945.4,12108.0,1348,766,56.82,0.0781,Critical
2020,1,Ciutat Vella,4,"Sant Pere, Santa Caterina i la Ribera",49,1041.26,15763.0,768,226,29.43,0.0661,Critical
2020,1,Ciutat Vella,4,"Sant Pere, Santa Caterina i la Ribera",50,937.55,15565.0,922,483,52.39,0.0602,Critical
2020,1,Ciutat Vella,4,"Sant Pere, Santa Caterina i la Ribera",51,913.11,13741.0,1114,716,64.27,0.0665,Critical
2020,1,Ciutat Vella,4,"Sant Pere, Santa Caterina i la Ribera",52,1073.09,21696.0,1359,294,21.63,0.0495,Critical
2020,1,Ciutat Vella,4,"Sant Pere, Santa Caterina i la Ribera",53,974.37,14526.0,1333,802,60.17,0.0671,Critical
2020,1,Ciutat Vella,4,"Sant Pere, Santa Caterina i la Ribera",54,1037.08,16356.0,867,547,63.09,0.0634,Critical
2020,1,Ciutat Vella,4,"Sant Pere, Santa Caterina i la Ribera",55,1070.69,20029.0,684,176,25.73,0.0535,Critical
2020,2,Eixample,5,el Fort Pienc,1,1113.67,21821.0,595,186,31.26,0.051,Critical
2020,2,Eixample,5,el Fort Pienc,2,1108.08,21298.0,896,221,24.67,0.052,Critical
2020,2,Eixample,5,el Fort Pienc,3,1082.29,23568.0,536,147,27.43,0.0459,Pressured
2020,2,Eixample,5,el Fort Pienc,4,1037.72,18072.0,621,36,5.8,0.0574,Critical
2020,2,Eixample,5,el Fort Pienc,5,1086.85,23139.0,1001,61,6.09,0.047,Pressured
2020,2,Eixample,5,el Fort Pienc,6,1189.8,23826.0,829,64,7.72,0.0499,Critical
2020,2,Eixample,5,el Fort Pienc,7,1186.82,25507.0,612,136,22.22,0.0465,Pressured
2020,2,Eixample,5,el Fort Pienc,8,1085.19,24052.0,847,49,5.79,0.0451,Pressured
2020,2,Eixample,5,el Fort Pienc,9,1087.39,22323.0,815,194,23.8,0.0487,Pressured
2020,2,Eixample,5,el Fort Pienc,10,1000.1,20974.0,543,31,5.71,0.0477,Pressured
2020,2,Eixample,5,el Fort Pienc,11,1085.27,22186.0,564,113,20.04,0.0489,Critical
2020,2,Eixample,5,el Fort Pienc,12,1044.41,17604.0,679,91,13.4,0.0593,Critical
2020,2,Eixample,5,el Fort Pienc,13,955.68,18822.0,598,259,43.31,0.0508,Critical
2020,2,Eixample,5,el Fort Pienc,14,974.09,18276.0,689,103,14.95,0.0533,Critical
2020,2,Eixample,5,el Fort Pienc,15,987.71,19042.0,759,197,25.96,0.0519,Critical
2020,2,Eixample,5,el Fort Pienc,16,1053.58,23219.0,940,212,22.55,0.0454,Pressured
2020,2,Eixample,5,el Fort Pienc,17,1150.35,23710.0,933,100,10.72,0.0485,Pressured
2020,2,Eixample,5,el Fort Pienc,18,1151.65,23142.0,940,129,13.72,0.0498,Critical
2020,2,Eixample,5,el Fort Pienc,19,1094.92,21225.0,955,99,10.37,0.0516,Critical
2020,2,Eixample,5,el Fort Pienc,20,1041.24,19593.0,816,397,48.65,0.0531,Critical
2020,2,Eixample,6,la Sagrada Família,21,956.16,19401.0,812,270,33.25,0.0493,Critical
2020,2,Eixample,6,la Sagrada Família,22,981.93,20610.0,629,124,19.71,0.0476,Pressured
2020,2,Eixample,6,la Sagrada Família,23,1027.12,21598.0,538,170,31.6,0.0476,Pressured
2020,2,Eixample,6,la Sagrada Família,24,957.21,20202.0,609,138,22.66,0.0474,Pressured
2020,2,Eixample,6,la Sagrada Família,25,1032.01,19121.0,666,241,36.19,0.054,Critical
2020,2,Eixample,6,la Sagrada Família,26,1040.23,20750.0,1058,280,26.47,0.0501,Critical
2020,2,Eixample,6,la Sagrada Família,27,1027.53,21399.0,994,110,11.07,0.048,Pressured
2020,2,Eixample,6,la Sagrada Família,28,1017.97,21023.0,1114,409,36.71,0.0484,Pressured
2020,2,Eixample,6,la Sagrada Família,29,1017.4,21476.0,608,91,14.97,0.0474,Pressured
2020,2,Eixample,6,la Sagrada Família,30,993.96,17027.0,629,92,14.63,0.0584,Critical
2020,2,Eixample,6,la Sagrada Família,31,1069.12,23193.0,508,70,13.78,0.0461,Pressured
2020,2,Eixample,6,la Sagrada Família,32,923.8,22824.0,541,132,24.4,0.0405,Affordable
2020,2,Eixample,6,la Sagrada Família,33,1026.4,20691.0,637,255,40.03,0.0496,Critical
2020,2,Eixample,6,la Sagrada Família,34,1014.82,20110.0,651,258,39.63,0.0505,Critical
2020,2,Eixample,6,la Sagrada Família,35,1028.62,23208.0,694,92,13.26,0.0443,Moderate
2020,2,Eixample,6,la Sagrada Família,36,1023.85,23768.0,585,148,25.3,0.0431,Moderate
2020,2,Eixample,6,la Sagrada Família,37,1060.03,24946.0,579,121,20.9,0.0425,Moderate
2020,2,Eixample,6,la Sagrada Família,38,1072.11,23860.0,784,253,32.27,0.0449,Pressured
2020,2,Eixample,6,la Sagrada Família,39,1035.83,21117.0,922,225,24.4,0.0491,Critical
2020,2,Eixample,6,la Sagrada Família,40,1017.29,18936.0,840,401,47.74,0.0537,Critical
2020,2,Eixample,6,la Sagrada Família,41,1045.26,20628.0,831,251,30.2,0.0507,Critical
2020,2,Eixample,6,la Sagrada Família,42,1048.5,25545.0,785,58,7.39,0.041,Moderate
2020,2,Eixample,6,la Sagrada Família,43,1109.6,22527.0,686,105,15.31,0.0493,Critical
2020,2,Eixample,6,la Sagrada Família,44,1041.17,19103.0,582,140,24.05,0.0545,Critical
2020,2,Eixample,6,la Sagrada Família,45,1061.73,23224.0,574,188,32.75,0.0457,Pressured
2020,2,Eixample,6,la Sagrada Família,46,979.49,19576.0,1023,122,11.93,0.05,Critical
2020,2,Eixample,6,la Sagrada Família,47,1069.33,20463.0,895,186,20.78,0.0523,Critical
2020,2,Eixample,6,la Sagrada Família,48,1061.3,21500.0,609,119,19.54,0.0494,Critical
2020,2,Eixample,6,la Sagrada Família,49,1088.99,19054.0,1095,475,43.38,0.0572,Critical
2020,2,Eixample,6,la Sagrada Família,50,1010.97,21120.0,924,347,37.55,0.0479,Pressured
2020,2,Eixample,6,la Sagrada Família,51,904.67,18757.0,1046,248,23.71,0.0482,Pressured
2020,2,Eixample,6,la Sagrada Família,52,1153.02,22058.0,1023,296,28.93,0.0523,Critical
2020,2,Eixample,6,la Sagrada Família,53,1142.78,23138.0,1076,306,28.44,0.0494,Critical
2020,2,Eixample,6,la Sagrada Família,54,1121.94,22511.0,966,196,20.29,0.0498,Critical
2020,2,Eixample,7,la Dreta de l'Eixample,55,1153.58,22954.0,1017,177,17.4,0.0503,Critical
2020,2,Eixample,7,la Dreta de l'Eixample,56,1187.06,23659.0,736,141,19.16,0.0502,Critical
2020,2,Eixample,7,la Dreta de l'Eixample,57,1247.87,29562.0,602,44,7.31,0.0422,Moderate
2020,2,Eixample,7,la Dreta de l'Eixample,58,1230.14,27582.0,761,67,8.8,0.0446,Pressured
2020,2,Eixample,7,la Dreta de l'Eixample,59,1233.58,28684.0,773,59,7.63,0.043,Moderate
2020,2,Eixample,7,la Dreta de l'Eixample,60,1167.44,23397.0,915,113,12.35,0.0499,Critical
2020,2,Eixample,7,la Dreta de l'Eixample,61,1214.85,22660.0,722,222,30.75,0.0536,Critical
2020,2,Eixample,7,la Dreta de l'Eixample,62,1256.76,27482.0,839,79,9.42,0.0457,Pressured
2020,2,Eixample,7,la Dreta de l'Eixample,63,1330.61,33182.0,653,47,7.2,0.0401,Affordable
2020,2,Eixample,7,la Dreta de l'Eixample,64,1294.66,31252.0,665,42,6.32,0.0414,Moderate
2020,2,Eixample,7,la Dreta de l'Eixample,65,1253.99,25811.0,958,138,14.41,0.0486,Pressured
2020,2,Eixample,7,la Dreta de l'Eixample,66,1153.59,24362.0,908,158,17.4,0.0474,Pressured
2020,2,Eixample,7,la Dreta de l'Eixample,67,1131.24,21398.0,1036,307,29.63,0.0529,Critical
2020,2,Eixample,7,la Dreta de l'Eixample,68,1172.73,22359.0,881,174,19.75,0.0525,Critical
2020,2,Eixample,7,la Dreta de l'Eixample,69,1273.86,26666.0,717,85,11.85,0.0478,Pressured
2020,2,Eixample,7,la Dreta de l'Eixample,70,1234.09,26889.0,750,127,16.93,0.0459,Pressured
2020,2,Eixample,7,la Dreta de l'Eixample,71,1268.79,28284.0,892,65,7.29,0.0449,Pressured
2020,2,Eixample,7,la Dreta de l'Eixample,72,1302.42,32143.0,603,46,7.63,0.0405,Affordable
2020,2,Eixample,7,la Dreta de l'Eixample,73,1242.45,28067.0,884,119,13.46,0.0443,Moderate
2020,2,Eixample,7,la Dreta de l'Eixample,74,1180.28,27124.0,711,55,7.74,0.0435,Moderate
2020,2,Eixample,7,la Dreta de l'Eixample,75,1211.76,26082.0,727,98,13.48,0.0465,Pressured
2020,2,Eixample,7,la Dreta de l'Eixample,76,1258.48,29838.0,879,90,10.24,0.0422,Moderate
2020,2,Eixample,7,la Dreta de l'Eixample,77,1818.88,26335.0,1142,150,13.13,0.0691,Critical
2020,2,Eixample,7,la Dreta de l'Eixample,78,2009.15,29798.0,987,179,18.14,0.0674,Critical
2020,2,Eixample,7,la Dreta de l'Eixample,79,1797.27,34602.0,1005,114,11.34,0.0519,Critical
2020,2,Eixample,7,la Dreta de l'Eixample,80,1793.8,30449.0,1001,119,11.89,0.0589,Critical
2020,2,Eixample,7,la Dreta de l'Eixample,81,1797.17,30050.0,1498,149,9.95,0.0598,Critical
2020,2,Eixample,7,la Dreta de l'Eixample,82,1816.12,29753.0,697,59,8.46,0.061,Critical
2020,2,Eixample,7,la Dreta de l'Eixample,83,1780.75,34567.0,1431,209,14.61,0.0515,Critical
2020,2,Eixample,8,l'Antiga Esquerra de l'Eixample,84,1268.73,25910.0,1197,183,15.29,0.049,Critical
2020,2,Eixample,8,l'Antiga Esquerra de l'Eixample,85,1292.09,27444.0,1022,113,11.06,0.0471,Pressured
2020,2,Eixample,8,l'Antiga Esquerra de l'Eixample,86,1254.65,29798.0,849,72,8.48,0.0421,Moderate
2020,2,Eixample,8,l'Antiga Esquerra de l'Eixample,87,1252.87,26578.0,844,132,15.64,0.0471,Pressured
2020,2,Eixample,8,l'Antiga Esquerra de l'Eixample,88,1297.48,29323.0,969,158,16.31,0.0442,Moderate
2020,2,Eixample,8,l'Antiga Esquerra de l'Eixample,89,1264.91,26359.0,1093,170,15.55,0.048,Pressured
2020,2,Eixample,8,l'Antiga Esquerra de l'Eixample,90,1248.56,24212.0,946,173,18.29,0.0516,Critical
2020,2,Eixample,8,l'Antiga Esquerra de l'Eixample,91,1260.5,25725.0,1091,158,14.48,0.049,Critical
2020,2,Eixample,8,l'Antiga Esquerra de l'Eixample,92,1227.19,23776.0,972,171,17.59,0.0516,Critical
2020,2,Eixample,8,l'Antiga Esquerra de l'Eixample,93,1273.47,26967.0,862,132,15.31,0.0472,Pressured
2020,2,Eixample,8,l'Antiga Esquerra de l'Eixample,94,1301.35,24846.0,756,99,13.1,0.0524,Critical
2020,2,Eixample,8,l'Antiga Esquerra de l'Eixample,95,1220.27,23915.0,793,149,18.79,0.051,Critical
2020,2,Eixample,8,l'Antiga Esquerra de l'Eixample,96,1253.81,22646.0,735,152,20.68,0.0554,Critical
2020,2,Eixample,8,l'Antiga Esquerra de l'Eixample,97,1250.78,22499.0,657,181,27.55,0.0556,Critical
2020,2,Eixample,8,l'Antiga Esquerra de l'Eixample,98,1236.08,24316.0,832,82,9.86,0.0508,Critical
2020,2,Eixample,8,l'Antiga Esquerra de l'Eixample,99,1246.07,26992.0,763,120,15.73,0.0462,Pressured
2020,2,Eixample,8,l'Antiga Esquerra de l'Eixample,100,1344.39,25530.0,732,138,18.85,0.0527,Critical
2020,2,Eixample,8,l'Antiga Esquerra de l'Eixample,101,1279.77,24059.0,1119,164,14.66,0.0532,Critical
2020,2,Eixample,8,l'Antiga Esquerra de l'Eixample,102,1274.35,29803.0,736,76,10.33,0.0428,Moderate
2020,2,Eixample,8,l'Antiga Esquerra de l'Eixample,103,1281.86,22509.0,958,291,30.38,0.0569,Critical
2020,2,Eixample,8,l'Antiga Esquerra de l'Eixample,104,1343.36,26269.0,591,9,1.52,0.0511,Critical
2020,2,Eixample,8,l'Antiga Esquerra de l'Eixample,105,1250.11,22700.0,1165,99,8.5,0.0551,Critical
2020,2,Eixample,8,l'Antiga Esquerra de l'Eixample,106,1282.25,27038.0,830,220,26.51,0.0474,Pressured
2020,2,Eixample,8,l'Antiga Esquerra de l'Eixample,107,1334.02,27905.0,969,87,8.98,0.0478,Pressured
2020,2,Eixample,8,l'Antiga Esquerra de l'Eixample,108,1410.49,32091.0,889,122,13.72,0.044,Moderate
2020,2,Eixample,8,l'Antiga Esquerra de l'Eixample,109,1398.51,30796.0,1162,68,5.85,0.0454,Pressured
2020,2,Eixample,9,la Nova Esquerra de l'Eixample,110,1243.62,23546.0,1109,295,26.6,0.0528,Critical
2020,2,Eixample,9,la Nova Esquerra de l'Eixample,111,1216.95,24674.0,1001,251,25.07,0.0493,Critical
2020,2,Eixample,9,la Nova Esquerra de l'Eixample,112,1395.16,31012.0,652,17,2.61,0.045,Pressured
2020,2,Eixample,9,la Nova Esquerra de l'Eixample,113,1244.64,28814.0,1123,48,4.27,0.0432,Moderate
2020,2,Eixample,9,la Nova Esquerra de l'Eixample,114,1160.08,23707.0,882,80,9.07,0.0489,Critical
2020,2,Eixample,9,la Nova Esquerra de l'Eixample,115,1107.43,22422.0,752,165,21.94,0.0494,Critical
2020,2,Eixample,9,la Nova Esquerra de l'Eixample,116,1211.92,30268.0,498,28,5.62,0.04,Affordable
2020,2,Eixample,9,la Nova Esquerra de l'Eixample,117,1223.26,23882.0,612,44,7.19,0.0512,Critical
2020,2,Eixample,9,la Nova Esquerra de l'Eixample,118,1281.99,26697.0,697,69,9.9,0.048,Pressured
2020,2,Eixample,9,la Nova Esquerra de l'Eixample,119,1143.4,25231.0,636,44,6.92,0.0453,Pressured
2020,2,Eixample,9,la Nova Esquerra de l'Eixample,120,1143.46,23193.0,629,156,24.8,0.0493,Critical
2020,2,Eixample,9,la Nova Esquerra de l'Eixample,121,1170.9,24900.0,642,163,25.39,0.047,Pressured
2020,2,Eixample,9,la Nova Esquerra de l'Eixample,122,1189.94,26316.0,537,120,22.35,0.0452,Pressured
2020,2,Eixample,9,la Nova Esquerra de l'Eixample,123,1140.6,24155.0,640,199,31.09,0.0472,Pressured
2020,2,Eixample,9,la Nova Esquerra de l'Eixample,124,1141.44,26731.0,569,70,12.3,0.0427,Moderate
2020,2,Eixample,9,la Nova Esquerra de l'Eixample,125,1259.26,24515.0,824,59,7.16,0.0514,Critical
2020,2,Eixample,9,la Nova Esquerra de l'Eixample,126,1212.46,25659.0,736,53,7.2,0.0473,Pressured
2020,2,Eixample,9,la Nova Esquerra de l'Eixample,127,1127.55,22616.0,731,273,37.35,0.0499,Critical
2020,2,Eixample,9,la Nova Esquerra de l'Eixample,128,1163.56,21300.0,695,267,38.42,0.0546,Critical
2020,2,Eixample,9,la Nova Esquerra de l'Eixample,129,1196.38,24062.0,778,208,26.74,0.0497,Critical
2020,2,Eixample,9,la Nova Esquerra de l'Eixample,130,1384.57,32176.0,499,6,1.2,0.043,Moderate
2020,2,Eixample,9,la Nova Esquerra de l'Eixample,131,1139.28,22684.0,609,66,10.84,0.0502,Critical
2020,2,Eixample,9,la Nova Esquerra de l'Eixample,132,1158.43,24638.0,537,149,27.75,0.047,Pressured
2020,2,Eixample,9,la Nova Esquerra de l'Eixample,133,1182.77,24090.0,442,15,3.39,0.0491,Critical
2020,2,Eixample,9,la Nova Esquerra de l'Eixample,134,1190.73,21813.0,756,223,29.5,0.0546,Critical
2020,2,Eixample,9,la Nova Esquerra de l'Eixample,135,1116.68,20334.0,1128,385,34.13,0.0549,Critical
2020,2,Eixample,9,la Nova Esquerra de l'Eixample,136,1142.86,23632.0,432,92,21.3,0.0484,Pressured
2020,2,Eixample,9,la Nova Esquerra de l'Eixample,137,1150.87,20559.0,711,175,24.61,0.056,Critical
2020,2,Eixample,9,la Nova Esquerra de l'Eixample,138,1161.59,23778.0,960,115,11.98,0.0489,Critical
2020,2,Eixample,9,la Nova Esquerra de l'Eixample,139,1150.0,21988.0,969,339,34.98,0.0523,Critical
2020,2,Eixample,9,la Nova Esquerra de l'Eixample,140,1090.96,23464.0,962,114,11.85,0.0465,Pressured
2020,2,Eixample,9,la Nova Esquerra de l'Eixample,141,1070.73,22178.0,584,95,16.27,0.0483,Pressured
2020,2,Eixample,9,la Nova Esquerra de l'Eixample,142,1113.93,19510.0,1073,259,24.14,0.0571,Critical
2020,2,Eixample,9,la Nova Esquerra de l'Eixample,143,1082.73,22337.0,728,141,19.37,0.0485,Pressured
2020,2,Eixample,9,la Nova Esquerra de l'Eixample,144,1106.36,24841.0,742,27,3.64,0.0445,Pressured
2020,2,Eixample,9,la Nova Esquerra de l'Eixample,145,1116.9,23285.0,612,81,13.24,0.048,Pressured
2020,2,Eixample,9,la Nova Esquerra de l'Eixample,146,1144.2,22891.0,532,43,8.08,0.05,Critical
2020,2,Eixample,9,la Nova Esquerra de l'Eixample,147,1128.26,21942.0,1032,252,24.42,0.0514,Critical
2020,2,Eixample,9,la Nova Esquerra de l'Eixample,148,1135.54,23689.0,850,140,16.47,0.0479,Pressured
2020,2,Eixample,9,la Nova Esquerra de l'Eixample,149,1111.27,21913.0,865,125,14.45,0.0507,Critical
2020,2,Eixample,10,Sant Antoni,150,1065.95,20494.0,717,169,23.57,0.052,Critical
2020,2,Eixample,10,Sant Antoni,151,1066.72,21811.0,758,155,20.45,0.0489,Critical
2020,2,Eixample,10,Sant Antoni,152,1073.16,24008.0,631,106,16.8,0.0447,Pressured
2020,2,Eixample,10,Sant Antoni,153,1087.37,23324.0,658,96,14.59,0.0466,Pressured
2020,2,Eixample,10,Sant Antoni,154,1048.94,18258.0,526,146,27.76,0.0575,Critical
2020,2,Eixample,10,Sant Antoni,155,1053.47,19492.0,852,135,15.85,0.054,Critical
2020,2,Eixample,10,Sant Antoni,156,1113.76,21422.0,600,32,5.33,0.052,Critical
2020,2,Eixample,10,Sant Antoni,157,1051.31,20495.0,593,157,26.48,0.0513,Critical
2020,2,Eixample,10,Sant Antoni,158,1054.44,21301.0,786,113,14.38,0.0495,Critical
2020,2,Eixample,10,Sant Antoni,159,1023.05,23244.0,866,80,9.24,0.044,Moderate
2020,2,Eixample,10,Sant Antoni,160,1054.02,23607.0,1063,211,19.85,0.0446,Pressured
2020,2,Eixample,10,Sant Antoni,161,1032.28,19965.0,615,99,16.1,0.0517,Critical
2020,2,Eixample,10,Sant Antoni,162,1045.12,20032.0,712,217,30.48,0.0522,Critical
2020,2,Eixample,10,Sant Antoni,163,1115.73,23253.0,949,88,9.27,0.048,Pressured
2020,2,Eixample,10,Sant Antoni,164,999.05,22267.0,957,191,19.96,0.0449,Pressured
2020,2,Eixample,10,Sant Antoni,165,1021.91,21636.0,938,221,23.56,0.0472,Pressured
2020,2,Eixample,10,Sant Antoni,166,1023.7,20427.0,1119,281,25.11,0.0501,Critical
2020,2,Eixample,10,Sant Antoni,167,1036.6,22000.0,1018,181,17.78,0.0471,Pressured
2020,2,Eixample,10,Sant Antoni,168,1039.9,20557.0,1188,350,29.46,0.0506,Critical
2020,2,Eixample,10,Sant Antoni,169,996.36,20617.0,790,187,23.67,0.0483,Pressured
2020,2,Eixample,10,Sant Antoni,170,1023.78,19866.0,761,89,11.7,0.0515,Critical
2020,2,Eixample,10,Sant Antoni,171,1070.37,18030.0,809,251,31.03,0.0594,Critical
2020,2,Eixample,10,Sant Antoni,172,1014.8,19534.0,805,280,34.78,0.052,Critical
2020,2,Eixample,10,Sant Antoni,173,1056.5,20819.0,777,306,39.38,0.0507,Critical
2020,3,Sants-Montjuïc,11,el Poble Sec,1,960.84,17347.0,801,186,23.22,0.0554,Critical
2020,3,Sants-Montjuïc,11,el Poble Sec,2,856.23,15707.0,982,603,61.41,0.0545,Critical
2020,3,Sants-Montjuïc,11,el Poble Sec,3,913.77,14197.0,749,452,60.35,0.0644,Critical
2020,3,Sants-Montjuïc,11,el Poble Sec,4,922.75,17927.0,779,358,45.96,0.0515,Critical
2020,3,Sants-Montjuïc,11,el Poble Sec,5,878.71,15711.0,667,280,41.98,0.0559,Critical
2020,3,Sants-Montjuïc,11,el Poble Sec,6,868.36,15519.0,656,303,46.19,0.056,Critical
2020,3,Sants-Montjuïc,11,el Poble Sec,7,883.8,15961.0,774,413,53.36,0.0554,Critical
2020,3,Sants-Montjuïc,11,el Poble Sec,8,847.94,15811.0,602,369,61.3,0.0536,Critical
2020,3,Sants-Montjuïc,11,el Poble Sec,9,948.2,17225.0,546,222,40.66,0.055,Critical
2020,3,Sants-Montjuïc,11,el Poble Sec,10,842.64,14830.0,692,225,32.51,0.0568,Critical
2020,3,Sants-Montjuïc,11,el Poble Sec,11,823.57,12677.0,830,612,73.73,0.065,Critical
2020,3,Sants-Montjuïc,11,el Poble Sec,12,847.8,15760.0,993,470,47.33,0.0538,Critical
2020,3,Sants-Montjuïc,11,el Poble Sec,13,787.21,14800.0,890,551,61.91,0.0532,Critical
2020,3,Sants-Montjuïc,11,el Poble Sec,14,830.4,14346.0,823,475,57.72,0.0579,Critical
2020,3,Sants-Montjuïc,11,el Poble Sec,15,855.85,14501.0,1406,597,42.46,0.059,Critical
2020,3,Sants-Montjuïc,11,el Poble Sec,16,866.21,14077.0,532,159,29.89,0.0615,Critical
2020,3,Sants-Montjuïc,11,el Poble Sec,17,832.74,13902.0,769,488,63.46,0.0599,Critical
2020,3,Sants-Montjuïc,11,el Poble Sec,18,892.38,15268.0,715,221,30.91,0.0584,Critical
2020,3,Sants-Montjuïc,11,el Poble Sec,19,837.36,14770.0,673,270,40.12,0.0567,Critical
2020,3,Sants-Montjuïc,11,el Poble Sec,20,927.77,18581.0,549,25,4.55,0.0499,Critical
2020,3,Sants-Montjuïc,11,el Poble Sec,21,925.86,17824.0,484,113,23.35,0.0519,Critical
2020,3,Sants-Montjuïc,11,el Poble Sec,22,912.04,16984.0,692,281,40.61,0.0537,Critical
2020,3,Sants-Montjuïc,11,el Poble Sec,23,873.61,14938.0,833,489,58.7,0.0585,Critical
2020,3,Sants-Montjuïc,11,el Poble Sec,24,840.14,15370.0,1132,672,59.36,0.0547,Critical
2020,3,Sants-Montjuïc,12,la Marina del Prat Vermell,25,617.53,13510.0,776,243,31.31,0.0457,Pressured
2020,3,Sants-Montjuïc,13,la Marina de Port,26,677.68,16436.0,463,8,1.73,0.0412,Moderate
2020,3,Sants-Montjuïc,13,la Marina de Port,27,844.13,17606.0,778,279,35.86,0.0479,Pressured
2020,3,Sants-Montjuïc,13,la Marina de Port,28,956.74,19834.0,1156,275,23.79,0.0482,Pressured
2020,3,Sants-Montjuïc,13,la Marina de Port,29,771.31,15476.0,531,1,0.19,0.0498,Critical
2020,3,Sants-Montjuïc,13,la Marina de Port,30,706.28,17424.0,704,52,7.39,0.0405,Affordable
2020,3,Sants-Montjuïc,13,la Marina de Port,31,703.82,15563.0,1017,109,10.72,0.0452,Pressured
2020,3,Sants-Montjuïc,13,la Marina de Port,32,774.45,14205.0,773,272,35.19,0.0545,Critical
2020,3,Sants-Montjuïc,13,la Marina de Port,33,667.82,12150.0,646,278,43.03,0.055,Critical
2020,3,Sants-Montjuïc,13,la Marina de Port,34,752.89,15771.0,619,94,15.19,0.0477,Pressured
2020,3,Sants-Montjuïc,13,la Marina de Port,35,719.28,17378.0,933,12,1.29,0.0414,Moderate
2020,3,Sants-Montjuïc,13,la Marina de Port,36,855.06,19037.0,1285,616,47.94,0.0449,Pressured
2020,3,Sants-Montjuïc,13,la Marina de Port,37,806.31,17997.0,484,145,29.96,0.0448,Pressured
2020,3,Sants-Montjuïc,13,la Marina de Port,38,529.85,12054.0,389,6,1.54,0.044,Moderate
2020,3,Sants-Montjuïc,13,la Marina de Port,39,593.15,11790.0,1040,291,27.98,0.0503,Critical
2020,3,Sants-Montjuïc,13,la Marina de Port,211,790.64,17134.0,557,34,6.1,0.0461,Pressured
2020,3,Sants-Montjuïc,13,la Marina de Port,212,726.71,15782.0,1029,67,6.51,0.046,Pressured
2020,3,Sants-Montjuïc,13,la Marina de Port,213,671.85,12819.0,931,177,19.01,0.0524,Critical
2020,3,Sants-Montjuïc,14,la Font de la Guatlla,40,877.28,21689.0,751,56,7.46,0.0404,Affordable
2020,3,Sants-Montjuïc,14,la Font de la Guatlla,41,840.17,18457.0,631,117,18.54,0.0455,Pressured
2020,3,Sants-Montjuïc,14,la Font de la Guatlla,42,904.62,17353.0,734,383,52.18,0.0521,Critical
2020,3,Sants-Montjuïc,14,la Font de la Guatlla,43,858.3,20538.0,666,118,17.72,0.0418,Moderate
2020,3,Sants-Montjuïc,14,la Font de la Guatlla,44,842.68,17088.0,900,199,22.11,0.0493,Critical
2020,3,Sants-Montjuïc,14,la Font de la Guatlla,45,858.19,19732.0,564,219,38.83,0.0435,Moderate
2020,3,Sants-Montjuïc,14,la Font de la Guatlla,46,920.08,22766.0,671,76,11.33,0.0404,Affordable
2020,3,Sants-Montjuïc,15,Hostafrancs,47,897.82,17899.0,890,306,34.38,0.0502,Critical
2020,3,Sants-Montjuïc,15,Hostafrancs,48,921.71,21471.0,750,241,32.13,0.0429,Moderate
2020,3,Sants-Montjuïc,15,Hostafrancs,49,896.82,19474.0,866,329,37.99,0.0461,Pressured
2020,3,Sants-Montjuïc,15,Hostafrancs,50,881.94,19769.0,866,356,41.11,0.0446,Pressured
2020,3,Sants-Montjuïc,15,Hostafrancs,51,825.54,16200.0,890,388,43.6,0.051,Critical
2020,3,Sants-Montjuïc,15,Hostafrancs,52,822.35,17767.0,672,290,43.15,0.0463,Pressured
2020,3,Sants-Montjuïc,15,Hostafrancs,53,849.0,16655.0,1073,392,36.53,0.051,Critical
2020,3,Sants-Montjuïc,15,Hostafrancs,54,884.28,20150.0,790,169,21.39,0.0439,Moderate
2020,3,Sants-Montjuïc,15,Hostafrancs,55,886.83,18696.0,788,249,31.6,0.0474,Pressured
2020,3,Sants-Montjuïc,15,Hostafrancs,56,847.72,17390.0,453,195,43.05,0.0487,Pressured
2020,3,Sants-Montjuïc,16,la Bordeta,57,821.64,18081.0,724,141,19.48,0.0454,Pressured
2020,3,Sants-Montjuïc,16,la Bordeta,58,922.75,23285.0,745,117,15.7,0.0396,Affordable
2020,3,Sants-Montjuïc,16,la Bordeta,59,827.85,17549.0,547,143,26.14,0.0472,Pressured
2020,3,Sants-Montjuïc,16,la Bordeta,60,865.33,20215.0,616,158,25.65,0.0428,Moderate
2020,3,Sants-Montjuïc,16,la Bordeta,61,816.3,17682.0,607,165,27.18,0.0462,Pressured
2020,3,Sants-Montjuïc,16,la Bordeta,62,766.45,18641.0,814,362,44.47,0.0411,Moderate
2020,3,Sants-Montjuïc,16,la Bordeta,63,827.19,17972.0,820,245,29.88,0.046,Pressured
2020,3,Sants-Montjuïc,16,la Bordeta,64,890.89,19542.0,523,43,8.22,0.0456,Pressured
2020,3,Sants-Montjuïc,16,la Bordeta,65,866.1,19863.0,595,88,14.79,0.0436,Moderate
2020,3,Sants-Montjuïc,16,la Bordeta,66,809.91,17773.0,1019,118,11.58,0.0456,Pressured
2020,3,Sants-Montjuïc,16,la Bordeta,67,844.45,18805.0,735,74,10.07,0.0449,Pressured
2020,3,Sants-Montjuïc,16,la Bordeta,68,824.67,16932.0,563,141,25.04,0.0487,Pressured
2020,3,Sants-Montjuïc,16,la Bordeta,69,864.29,20078.0,531,113,21.28,0.043,Moderate
2020,3,Sants-Montjuïc,17,Sants - Badal,70,768.05,15676.0,582,183,31.44,0.049,Critical
2020,3,Sants-Montjuïc,17,Sants - Badal,71,772.79,16135.0,670,357,53.28,0.0479,Pressured
2020,3,Sants-Montjuïc,17,Sants - Badal,72,758.5,16802.0,668,300,44.91,0.0451,Pressured
2020,3,Sants-Montjuïc,17,Sants - Badal,73,819.73,20049.0,810,292,36.05,0.0409,Moderate
2020,3,Sants-Montjuïc,17,Sants - Badal,74,813.12,18627.0,835,260,31.14,0.0437,Moderate
2020,3,Sants-Montjuïc,17,Sants - Badal,75,787.58,17443.0,748,264,35.29,0.0452,Pressured
2020,3,Sants-Montjuïc,17,Sants - Badal,76,769.8,16850.0,485,118,24.33,0.0457,Pressured
2020,3,Sants-Montjuïc,17,Sants - Badal,77,768.56,17311.0,652,233,35.74,0.0444,Pressured
2020,3,Sants-Montjuïc,17,Sants - Badal,78,780.4,16658.0,778,263,33.8,0.0468,Pressured
2020,3,Sants-Montjuïc,17,Sants - Badal,79,781.84,15636.0,842,407,48.34,0.05,Critical
2020,3,Sants-Montjuïc,17,Sants - Badal,80,829.62,18228.0,742,227,30.59,0.0455,Pressured
2020,3,Sants-Montjuïc,17,Sants - Badal,81,940.65,18402.0,917,174,18.97,0.0511,Critical
2020,3,Sants-Montjuïc,17,Sants - Badal,82,951.66,21452.0,937,270,28.82,0.0444,Pressured
2020,3,Sants-Montjuïc,17,Sants - Badal,83,887.68,20736.0,679,207,30.49,0.0428,Moderate
2020,3,Sants-Montjuïc,17,Sants - Badal,84,938.13,20273.0,678,97,14.31,0.0463,Pressured
2020,3,Sants-Montjuïc,17,Sants - Badal,85,937.27,21181.0,723,295,40.8,0.0443,Moderate
2020,3,Sants-Montjuïc,18,Sants,86,1031.28,24697.0,603,39,6.47,0.0418,Moderate
2020,3,Sants-Montjuïc,18,Sants,87,908.95,22426.0,714,112,15.69,0.0405,Affordable
2020,3,Sants-Montjuïc,18,Sants,88,906.19,19936.0,720,168,23.33,0.0455,Pressured
2020,3,Sants-Montjuïc,18,Sants,89,911.94,21763.0,639,164,25.67,0.0419,Moderate
2020,3,Sants-Montjuïc,18,Sants,90,890.9,25138.0,498,82,16.47,0.0354,Affordable
2020,3,Sants-Montjuïc,18,Sants,91,808.52,21149.0,719,244,33.94,0.0382,Affordable
2020,3,Sants-Montjuïc,18,Sants,92,823.11,21793.0,653,329,50.38,0.0378,Affordable
2020,3,Sants-Montjuïc,18,Sants,93,909.26,21318.0,750,342,45.6,0.0427,Moderate
2020,3,Sants-Montjuïc,18,Sants,94,896.63,22009.0,685,265,38.69,0.0407,Moderate
2020,3,Sants-Montjuïc,18,Sants,95,851.63,19904.0,841,410,48.75,0.0428,Moderate
2020,3,Sants-Montjuïc,18,Sants,96,818.95,18543.0,795,374,47.04,0.0442,Moderate
2020,3,Sants-Montjuïc,18,Sants,97,796.4,14627.0,837,520,62.13,0.0544,Critical
2020,3,Sants-Montjuïc,18,Sants,98,797.43,16842.0,706,321,45.47,0.0473,Pressured
2020,3,Sants-Montjuïc,18,Sants,99,698.51,19443.0,598,296,49.5,0.0359,Affordable
2020,3,Sants-Montjuïc,18,Sants,100,774.82,19148.0,710,241,33.94,0.0405,Affordable
2020,3,Sants-Montjuïc,18,Sants,101,800.09,19425.0,695,288,41.44,0.0412,Moderate
2020,3,Sants-Montjuïc,18,Sants,102,817.69,19828.0,679,320,47.13,0.0412,Moderate
2020,3,Sants-Montjuïc,18,Sants,103,875.59,18850.0,573,120,20.94,0.0465,Pressured
2020,3,Sants-Montjuïc,18,Sants,104,806.8,18447.0,740,233,31.49,0.0437,Moderate
2020,3,Sants-Montjuïc,18,Sants,105,842.03,18478.0,675,236,34.96,0.0456,Pressured
2020,3,Sants-Montjuïc,18,Sants,106,787.17,19896.0,712,289,40.59,0.0396,Affordable
2020,3,Sants-Montjuïc,18,Sants,107,900.15,21000.0,803,264,32.88,0.0429,Moderate
2020,3,Sants-Montjuïc,18,Sants,108,845.27,19215.0,865,261,30.17,0.044,Moderate
2020,3,Sants-Montjuïc,18,Sants,109,864.81,20546.0,845,338,40.0,0.0421,Moderate
2020,3,Sants-Montjuïc,18,Sants,110,884.76,21765.0,864,393,45.49,0.0407,Moderate
2020,3,Sants-Montjuïc,18,Sants,111,952.91,20952.0,695,236,33.96,0.0455,Pressured
2020,3,Sants-Montjuïc,18,Sants,112,1043.15,23621.0,937,165,17.61,0.0442,Moderate
2020,3,Sants-Montjuïc,18,Sants,113,920.26,25851.0,778,46,5.91,0.0356,Affordable
2020,3,Sants-Montjuïc,18,Sants,114,1207.25,23894.0,716,56,7.82,0.0505,Critical
2020,4,Les Corts,19,les Corts,1,1166.31,23017.0,617,157,25.45,0.0507,Critical
2020,4,Les Corts,19,les Corts,2,1226.87,26831.0,915,101,11.04,0.0457,Pressured
2020,4,Les Corts,19,les Corts,3,1095.22,24672.0,526,94,17.87,0.0444,Pressured
2020,4,Les Corts,19,les Corts,4,1091.51,24414.0,543,145,26.7,0.0447,Pressured
2020,4,Les Corts,19,les Corts,5,1087.0,23063.0,601,95,15.81,0.0471,Pressured
2020,4,Les Corts,19,les Corts,6,1074.84,24415.0,630,190,30.16,0.044,Moderate
2020,4,Les Corts,19,les Corts,7,1091.46,20143.0,525,238,45.33,0.0542,Critical
2020,4,Les Corts,19,les Corts,8,1083.65,21697.0,577,254,44.02,0.0499,Critical
2020,4,Les Corts,19,les Corts,9,1079.46,24362.0,764,349,45.68,0.0443,Moderate
2020,4,Les Corts,19,les Corts,10,1258.6,27610.0,415,70,16.87,0.0456,Pressured
2020,4,Les Corts,19,les Corts,11,1288.15,27276.0,839,26,3.1,0.0472,Pressured
2020,4,Les Corts,19,les Corts,12,1206.86,26727.0,664,27,4.07,0.0452,Pressured
2020,4,Les Corts,19,les Corts,13,1227.28,27500.0,598,82,13.71,0.0446,Pressured
2020,4,Les Corts,19,les Corts,14,1293.97,30379.0,434,158,36.41,0.0426,Moderate
2020,4,Les Corts,19,les Corts,15,1245.03,26163.0,921,218,23.67,0.0476,Pressured
2020,4,Les Corts,19,les Corts,16,1214.63,27479.0,530,83,15.66,0.0442,Moderate
2020,4,Les Corts,19,les Corts,17,1263.76,26635.0,651,136,20.89,0.0474,Pressured
2020,4,Les Corts,19,les Corts,18,1301.77,28835.0,766,69,9.01,0.0451,Pressured
2020,4,Les Corts,19,les Corts,19,1434.53,34556.0,678,35,5.16,0.0415,Moderate
2020,4,Les Corts,19,les Corts,20,1302.58,28496.0,671,18,2.68,0.0457,Pressured
2020,4,Les Corts,19,les Corts,21,1421.62,33157.0,799,187,23.4,0.0429,Moderate
2020,4,Les Corts,19,les Corts,22,1251.71,28620.0,932,344,36.91,0.0437,Moderate
2020,4,Les Corts,19,les Corts,23,1902.31,41189.0,455,10,2.2,0.0462,Pressured
2020,4,Les Corts,19,les Corts,24,1878.69,40660.0,417,29,6.95,0.0462,Pressured
2020,4,Les Corts,19,les Corts,25,1193.97,25063.0,660,215,32.58,0.0476,Pressured
2020,4,Les Corts,19,les Corts,26,1202.15,25659.0,636,148,23.27,0.0469,Pressured
2020,4,Les Corts,19,les Corts,27,1214.21,28307.0,831,227,27.32,0.0429,Moderate
2020,4,Les Corts,19,les Corts,28,1186.39,25943.0,693,114,16.45,0.0457,Pressured
2020,4,Les Corts,19,les Corts,29,1302.0,31098.0,566,41,7.24,0.0419,Moderate
2020,4,Les Corts,19,les Corts,30,1275.74,27765.0,824,66,8.01,0.0459,Pressured
2020,4,Les Corts,19,les Corts,31,1129.35,23815.0,764,300,39.27,0.0474,Pressured
2020,4,Les Corts,19,les Corts,32,1104.46,23416.0,764,146,19.11,0.0472,Pressured
2020,4,Les Corts,19,les Corts,33,1097.65,24058.0,614,152,24.76,0.0456,Pressured
2020,4,Les Corts,19,les Corts,34,1281.06,29124.0,620,25,4.03,0.044,Moderate
2020,4,Les Corts,19,les Corts,35,1123.22,27638.0,674,2,0.3,0.0406,Moderate
2020,4,Les Corts,20,la Maternitat i Sant Ramon,36,957.97,21564.0,860,46,5.35,0.0444,Pressured
2020,4,Les Corts,20,la Maternitat i Sant Ramon,37,1002.94,23803.0,996,45,4.52,0.0421,Moderate
2020,4,Les Corts,20,la Maternitat i Sant Ramon,38,979.5,23649.0,591,83,14.04,0.0414,Moderate
2020,4,Les Corts,20,la Maternitat i Sant Ramon,39,986.57,22086.0,619,266,42.97,0.0447,Pressured
2020,4,Les Corts,20,la Maternitat i Sant Ramon,40,921.01,18380.0,848,363,42.81,0.0501,Critical
2020,4,Les Corts,20,la Maternitat i Sant Ramon,41,924.5,20128.0,703,283,40.26,0.0459,Pressured
2020,4,Les Corts,20,la Maternitat i Sant Ramon,42,965.19,19370.0,908,180,19.82,0.0498,Critical
2020,4,Les Corts,20,la Maternitat i Sant Ramon,43,1172.11,28197.0,784,28,3.57,0.0416,Moderate
2020,4,Les Corts,20,la Maternitat i Sant Ramon,44,1025.37,22274.0,888,304,34.23,0.046,Pressured
2020,4,Les Corts,20,la Maternitat i Sant Ramon,45,1103.32,21445.0,655,79,12.06,0.0514,Critical
2020,4,Les Corts,20,la Maternitat i Sant Ramon,46,1168.7,29563.0,1083,11,1.02,0.0395,Affordable
2020,4,Les Corts,20,la Maternitat i Sant Ramon,47,1129.54,25679.0,903,94,10.41,0.044,Moderate
2020,4,Les Corts,20,la Maternitat i Sant Ramon,48,1196.49,27338.0,717,63,8.79,0.0438,Moderate
2020,4,Les Corts,20,la Maternitat i Sant Ramon,49,1430.11,34853.0,533,27,5.07,0.041,Moderate
2020,4,Les Corts,20,la Maternitat i Sant Ramon,84,1251.86,29158.0,650,26,4.0,0.0429,Moderate
2020,4,Les Corts,21,Pedralbes,50,1687.47,41619.0,852,38,4.46,0.0405,Affordable
2020,4,Les Corts,21,Pedralbes,51,1658.29,30151.0,842,57,6.77,0.055,Critical
2020,4,Les Corts,21,Pedralbes,52,1695.24,41396.0,1011,69,6.82,0.041,Moderate
2020,4,Les Corts,21,Pedralbes,53,1648.27,26918.0,744,95,12.77,0.0612,Critical
2020,4,Les Corts,21,Pedralbes,54,1661.94,37496.0,506,42,8.3,0.0443,Moderate
2020,4,Les Corts,21,Pedralbes,55,1377.94,41530.0,770,58,7.53,0.0332,Affordable
2020,4,Les Corts,21,Pedralbes,56,1850.99,41787.0,1374,445,32.39,0.0443,Moderate
2020,5,Sarrià-Sant Gervasi,22,"Vallvidrera, el Tibidabo i les Planes",1,853.26,19341.0,1254,722,57.58,0.0441,Moderate
2020,5,Sarrià-Sant Gervasi,22,"Vallvidrera, el Tibidabo i les Planes",2,1022.06,30142.0,987,211,21.38,0.0339,Affordable
2020,5,Sarrià-Sant Gervasi,22,"Vallvidrera, el Tibidabo i les Planes",3,1024.55,28149.0,803,200,24.91,0.0364,Affordable
2020,5,Sarrià-Sant Gervasi,23,Sarrià,4,1465.63,42057.0,648,128,19.75,0.0348,Affordable
2020,5,Sarrià-Sant Gervasi,23,Sarrià,5,1417.36,33629.0,773,329,42.56,0.0421,Moderate
2020,5,Sarrià-Sant Gervasi,23,Sarrià,6,1660.64,41509.0,846,82,9.69,0.04,Affordable
2020,5,Sarrià-Sant Gervasi,23,Sarrià,7,1391.5,31211.0,784,253,32.27,0.0446,Pressured
2020,5,Sarrià-Sant Gervasi,23,Sarrià,8,1594.52,40785.0,917,257,28.03,0.0391,Affordable
2020,5,Sarrià-Sant Gervasi,23,Sarrià,9,1472.24,30201.0,878,284,32.35,0.0487,Pressured
2020,5,Sarrià-Sant Gervasi,23,Sarrià,10,1398.54,28896.0,802,258,32.17,0.0484,Pressured
2020,5,Sarrià-Sant Gervasi,23,Sarrià,11,1350.99,31470.0,789,227,28.77,0.0429,Moderate
2020,5,Sarrià-Sant Gervasi,23,Sarrià,12,1395.56,27450.0,817,252,30.84,0.0508,Critical
2020,5,Sarrià-Sant Gervasi,23,Sarrià,13,1450.06,31481.0,892,293,32.85,0.0461,Pressured
2020,5,Sarrià-Sant Gervasi,23,Sarrià,14,1580.23,34478.0,918,285,31.05,0.0458,Pressured
2020,5,Sarrià-Sant Gervasi,23,Sarrià,15,1539.69,30460.0,765,91,11.9,0.0505,Critical
2020,5,Sarrià-Sant Gervasi,23,Sarrià,16,1522.2,26107.0,908,23,2.53,0.0583,Critical
2020,5,Sarrià-Sant Gervasi,23,Sarrià,17,1516.77,41687.0,690,30,4.35,0.0364,Affordable
2020,5,Sarrià-Sant Gervasi,23,Sarrià,18,1685.92,29901.0,552,21,3.8,0.0564,Critical
2020,5,Sarrià-Sant Gervasi,23,Sarrià,19,1613.76,37452.0,676,20,2.96,0.0431,Moderate
2020,5,Sarrià-Sant Gervasi,24,les Tres Torres,20,1586.47,34843.0,592,242,40.88,0.0455,Pressured
2020,5,Sarrià-Sant Gervasi,24,les Tres Torres,21,1939.91,41559.0,659,40,6.07,0.0467,Pressured
2020,5,Sarrià-Sant Gervasi,24,les Tres Torres,22,1638.86,41640.0,766,117,15.27,0.0394,Affordable
2020,5,Sarrià-Sant Gervasi,24,les Tres Torres,23,1549.88,27296.0,769,120,15.6,0.0568,Critical
2020,5,Sarrià-Sant Gervasi,24,les Tres Torres,24,1561.95,41908.0,838,91,10.86,0.0373,Affordable
2020,5,Sarrià-Sant Gervasi,24,les Tres Torres,25,1500.9,40959.0,505,29,5.74,0.0366,Affordable
2020,5,Sarrià-Sant Gervasi,24,les Tres Torres,26,1529.23,41546.0,586,38,6.48,0.0368,Affordable
2020,5,Sarrià-Sant Gervasi,24,les Tres Torres,27,1528.1,41860.0,580,27,4.66,0.0365,Affordable
2020,5,Sarrià-Sant Gervasi,24,les Tres Torres,28,1546.25,39672.0,558,24,4.3,0.039,Affordable
2020,5,Sarrià-Sant Gervasi,24,les Tres Torres,29,1557.26,41956.0,645,29,4.5,0.0371,Affordable
2020,5,Sarrià-Sant Gervasi,24,les Tres Torres,30,1549.11,41270.0,536,23,4.29,0.0375,Affordable
2020,5,Sarrià-Sant Gervasi,25,Sant Gervasi - la Bonanova,31,1654.16,40358.0,764,108,14.14,0.041,Moderate
2020,5,Sarrià-Sant Gervasi,25,Sant Gervasi - la Bonanova,32,2011.22,42036.0,1068,164,15.36,0.0478,Pressured
2020,5,Sarrià-Sant Gervasi,25,Sant Gervasi - la Bonanova,33,1671.13,39409.0,802,110,13.72,0.0424,Moderate
2020,5,Sarrià-Sant Gervasi,25,Sant Gervasi - la Bonanova,34,1420.75,30738.0,619,70,11.31,0.0462,Pressured
2020,5,Sarrià-Sant Gervasi,25,Sant Gervasi - la Bonanova,35,1299.65,40922.0,493,24,4.87,0.0318,Affordable
2020,5,Sarrià-Sant Gervasi,25,Sant Gervasi - la Bonanova,36,1299.06,38063.0,713,21,2.95,0.0341,Affordable
2020,5,Sarrià-Sant Gervasi,25,Sant Gervasi - la Bonanova,37,1276.94,29834.0,698,109,15.62,0.0428,Moderate
2020,5,Sarrià-Sant Gervasi,25,Sant Gervasi - la Bonanova,38,1321.1,28500.0,759,277,36.5,0.0464,Pressured
2020,5,Sarrià-Sant Gervasi,25,Sant Gervasi - la Bonanova,39,1311.93,35421.0,622,19,3.05,0.037,Affordable
2020,5,Sarrià-Sant Gervasi,25,Sant Gervasi - la Bonanova,40,1298.8,25787.0,833,271,32.53,0.0504,Critical
2020,5,Sarrià-Sant Gervasi,25,Sant Gervasi - la Bonanova,41,1314.43,29972.0,837,252,30.11,0.0439,Moderate
2020,5,Sarrià-Sant Gervasi,25,Sant Gervasi - la Bonanova,42,1331.08,30462.0,699,180,25.75,0.0437,Moderate
2020,5,Sarrià-Sant Gervasi,25,Sant Gervasi - la Bonanova,43,1314.04,30801.0,830,194,23.37,0.0427,Moderate
2020,5,Sarrià-Sant Gervasi,25,Sant Gervasi - la Bonanova,44,1243.64,28660.0,686,125,18.22,0.0434,Moderate
2020,5,Sarrià-Sant Gervasi,25,Sant Gervasi - la Bonanova,45,1349.59,34808.0,684,67,9.8,0.0388,Affordable
2020,5,Sarrià-Sant Gervasi,25,Sant Gervasi - la Bonanova,46,1609.12,41230.0,436,16,3.67,0.039,Affordable
2020,5,Sarrià-Sant Gervasi,25,Sant Gervasi - la Bonanova,47,1377.91,37805.0,517,32,6.19,0.0364,Affordable
2020,5,Sarrià-Sant Gervasi,25,Sant Gervasi - la Bonanova,48,1364.49,37055.0,598,109,18.23,0.0368,Affordable
2020,5,Sarrià-Sant Gervasi,26,Sant Gervasi - Galvany,49,1382.38,41959.0,741,79,10.66,0.0329,Affordable
2020,5,Sarrià-Sant Gervasi,26,Sant Gervasi - Galvany,50,1292.98,31929.0,860,125,14.53,0.0405,Affordable
2020,5,Sarrià-Sant Gervasi,26,Sant Gervasi - Galvany,51,1302.2,36347.0,720,34,4.72,0.0358,Affordable
2020,5,Sarrià-Sant Gervasi,26,Sant Gervasi - Galvany,52,1366.63,41508.0,617,37,6.0,0.0329,Affordable
2020,5,Sarrià-Sant Gervasi,26,Sant Gervasi - Galvany,53,1653.92,41605.0,601,11,1.83,0.0398,Affordable
2020,5,Sarrià-Sant Gervasi,26,Sant Gervasi - Galvany,54,1617.3,41856.0,429,7,1.63,0.0386,Affordable
2020,5,Sarrià-Sant Gervasi,26,Sant Gervasi - Galvany,55,1690.36,41504.0,563,9,1.6,0.0407,Moderate
2020,5,Sarrià-Sant Gervasi,26,Sant Gervasi - Galvany,56,1694.71,40945.0,644,24,3.73,0.0414,Moderate
2020,5,Sarrià-Sant Gervasi,26,Sant Gervasi - Galvany,57,1716.23,40983.0,927,28,3.02,0.0419,Moderate
2020,5,Sarrià-Sant Gervasi,26,Sant Gervasi - Galvany,58,1752.74,42131.0,755,11,1.46,0.0416,Moderate
2020,5,Sarrià-Sant Gervasi,26,Sant Gervasi - Galvany,59,1711.41,38289.0,996,131,13.15,0.0447,Pressured
2020,5,Sarrià-Sant Gervasi,26,Sant Gervasi - Galvany,60,1564.75,41890.0,524,12,2.29,0.0374,Affordable
2020,5,Sarrià-Sant Gervasi,26,Sant Gervasi - Galvany,61,1381.49,28263.0,993,389,39.17,0.0489,Critical
2020,5,Sarrià-Sant Gervasi,26,Sant Gervasi - Galvany,62,1305.7,34881.0,880,216,24.55,0.0374,Affordable
2020,5,Sarrià-Sant Gervasi,26,Sant Gervasi - Galvany,63,1295.82,34580.0,851,102,11.99,0.0375,Affordable
2020,5,Sarrià-Sant Gervasi,26,Sant Gervasi - Galvany,64,1304.05,32167.0,967,273,28.23,0.0405,Affordable
2020,5,Sarrià-Sant Gervasi,26,Sant Gervasi - Galvany,65,1339.97,29656.0,921,105,11.4,0.0452,Pressured
2020,5,Sarrià-Sant Gervasi,26,Sant Gervasi - Galvany,66,1350.63,35129.0,775,68,8.77,0.0384,Affordable
2020,5,Sarrià-Sant Gervasi,26,Sant Gervasi - Galvany,67,1378.61,32864.0,789,56,7.1,0.0419,Moderate
2020,5,Sarrià-Sant Gervasi,26,Sant Gervasi - Galvany,68,1344.53,33258.0,1025,219,21.37,0.0404,Affordable
2020,5,Sarrià-Sant Gervasi,26,Sant Gervasi - Galvany,69,1274.77,30686.0,967,148,15.31,0.0415,Moderate
2020,5,Sarrià-Sant Gervasi,26,Sant Gervasi - Galvany,70,1297.22,29787.0,789,135,17.11,0.0435,Moderate
2020,5,Sarrià-Sant Gervasi,26,Sant Gervasi - Galvany,71,1272.06,28008.0,940,169,17.98,0.0454,Pressured
2020,5,Sarrià-Sant Gervasi,26,Sant Gervasi - Galvany,72,1266.88,31168.0,944,149,15.78,0.0406,Moderate
2020,5,Sarrià-Sant Gervasi,26,Sant Gervasi - Galvany,73,1215.55,29788.0,938,184,19.62,0.0408,Moderate
2020,5,Sarrià-Sant Gervasi,26,Sant Gervasi - Galvany,74,1298.23,37684.0,937,185,19.74,0.0345,Affordable
2020,5,Sarrià-Sant Gervasi,26,Sant Gervasi - Galvany,75,1273.93,29094.0,993,207,20.85,0.0438,Moderate
2020,5,Sarrià-Sant Gervasi,26,Sant Gervasi - Galvany,76,1315.83,31438.0,804,127,15.8,0.0419,Moderate
2020,5,Sarrià-Sant Gervasi,26,Sant Gervasi - Galvany,77,1348.96,33339.0,665,44,6.62,0.0405,Affordable
2020,5,Sarrià-Sant Gervasi,26,Sant Gervasi - Galvany,78,1330.96,29313.0,960,66,6.88,0.0454,Pressured
2020,5,Sarrià-Sant Gervasi,26,Sant Gervasi - Galvany,79,1294.36,29385.0,582,79,13.57,0.044,Moderate
2020,5,Sarrià-Sant Gervasi,27,el Putget i Farró,80,1153.15,27416.0,827,303,36.64,0.0421,Moderate
2020,5,Sarrià-Sant Gervasi,27,el Putget i Farró,81,1205.38,26766.0,892,208,23.32,0.045,Pressured
2020,5,Sarrià-Sant Gervasi,27,el Putget i Farró,82,1138.97,25800.0,910,199,21.87,0.0441,Moderate
2020,5,Sarrià-Sant Gervasi,27,el Putget i Farró,83,1162.19,24359.0,680,146,21.47,0.0477,Pressured
2020,5,Sarrià-Sant Gervasi,27,el Putget i Farró,84,1145.81,28673.0,759,212,27.93,0.04,Affordable
2020,5,Sarrià-Sant Gervasi,27,el Putget i Farró,85,1139.3,24556.0,716,209,29.19,0.0464,Pressured
2020,5,Sarrià-Sant Gervasi,27,el Putget i Farró,86,1137.37,26242.0,785,261,33.25,0.0433,Moderate
2020,5,Sarrià-Sant Gervasi,27,el Putget i Farró,87,1231.05,26345.0,918,303,33.01,0.0467,Pressured
2020,5,Sarrià-Sant Gervasi,27,el Putget i Farró,88,1121.37,29810.0,882,246,27.89,0.0376,Affordable
2020,5,Sarrià-Sant Gervasi,27,el Putget i Farró,89,1095.43,27839.0,936,208,22.22,0.0393,Affordable
2020,5,Sarrià-Sant Gervasi,27,el Putget i Farró,90,1070.46,25946.0,1231,466,37.86,0.0413,Moderate
2020,5,Sarrià-Sant Gervasi,27,el Putget i Farró,91,1052.55,27242.0,830,174,20.96,0.0386,Affordable
2020,5,Sarrià-Sant Gervasi,27,el Putget i Farró,92,1181.79,35922.0,804,125,15.55,0.0329,Affordable
2020,5,Sarrià-Sant Gervasi,27,el Putget i Farró,93,1193.93,34387.0,664,196,29.52,0.0347,Affordable
2020,5,Sarrià-Sant Gervasi,27,el Putget i Farró,94,1228.29,31934.0,1299,124,9.55,0.0385,Affordable
2020,5,Sarrià-Sant Gervasi,27,el Putget i Farró,95,1155.01,23998.0,862,189,21.93,0.0481,Pressured
2020,5,Sarrià-Sant Gervasi,27,el Putget i Farró,96,1090.14,25520.0,630,116,18.41,0.0427,Moderate
2020,5,Sarrià-Sant Gervasi,27,el Putget i Farró,97,1097.08,28158.0,842,142,16.86,0.039,Affordable
2020,5,Sarrià-Sant Gervasi,27,el Putget i Farró,98,1131.84,24954.0,847,282,33.29,0.0454,Pressured
2020,6,Gràcia,28,Vallcarca i els Penitents,1,1008.15,21169.0,683,166,24.3,0.0476,Pressured
2020,6,Gràcia,28,Vallcarca i els Penitents,2,976.49,21632.0,843,296,35.11,0.0451,Pressured
2020,6,Gràcia,28,Vallcarca i els Penitents,3,906.96,20824.0,1218,496,40.72,0.0436,Moderate
2020,6,Gràcia,28,Vallcarca i els Penitents,4,852.55,23049.0,868,355,40.9,0.037,Affordable
2020,6,Gràcia,28,Vallcarca i els Penitents,6,1033.15,27466.0,541,117,21.63,0.0376,Affordable
2020,6,Gràcia,28,Vallcarca i els Penitents,7,1110.51,25664.0,932,195,20.92,0.0433,Moderate
2020,6,Gràcia,28,Vallcarca i els Penitents,8,1052.67,22594.0,1021,214,20.96,0.0466,Pressured
2020,6,Gràcia,28,Vallcarca i els Penitents,9,1164.66,30906.0,916,349,38.1,0.0377,Affordable
2020,6,Gràcia,28,Vallcarca i els Penitents,10,1043.71,25982.0,565,104,18.41,0.0402,Affordable
2020,6,Gràcia,28,Vallcarca i els Penitents,11,918.23,24696.0,764,127,16.62,0.0372,Affordable
2020,6,Gràcia,28,Vallcarca i els Penitents,12,985.59,26753.0,689,204,29.61,0.0368,Affordable
2020,6,Gràcia,29,el Coll,13,741.43,21392.0,958,349,36.43,0.0347,Affordable
2020,6,Gràcia,29,el Coll,14,868.28,19651.0,678,141,20.8,0.0442,Moderate
2020,6,Gràcia,29,el Coll,15,805.21,18970.0,755,327,43.31,0.0424,Moderate
2020,6,Gràcia,29,el Coll,16,710.88,17547.0,813,375,46.13,0.0405,Affordable
2020,6,Gràcia,29,el Coll,17,696.42,18729.0,755,315,41.72,0.0372,Affordable
2020,6,Gràcia,30,la Salut,18,895.18,20123.0,762,298,39.11,0.0445,Pressured
2020,6,Gràcia,30,la Salut,19,926.19,21071.0,764,192,25.13,0.044,Moderate
2020,6,Gràcia,30,la Salut,20,967.87,22210.0,659,220,33.38,0.0436,Moderate
2020,6,Gràcia,30,la Salut,21,988.47,25432.0,647,133,20.56,0.0389,Affordable
2020,6,Gràcia,30,la Salut,22,945.28,23248.0,731,421,57.59,0.0407,Moderate
2020,6,Gràcia,30,la Salut,23,1033.07,28915.0,564,51,9.04,0.0357,Affordable
2020,6,Gràcia,30,la Salut,24,986.57,23754.0,852,155,18.19,0.0415,Moderate
2020,6,Gràcia,30,la Salut,25,1088.78,24978.0,722,72,9.97,0.0436,Moderate
2020,6,Gràcia,30,la Salut,26,1122.11,23646.0,560,148,26.43,0.0475,Pressured
2020,6,Gràcia,30,la Salut,27,1018.58,25037.0,629,172,27.34,0.0407,Moderate
2020,6,Gràcia,31,Vila de Gràcia,28,1100.21,21093.0,793,296,37.33,0.0522,Critical
2020,6,Gràcia,31,Vila de Gràcia,29,1110.6,23314.0,826,273,33.05,0.0476,Pressured
2020,6,Gràcia,31,Vila de Gràcia,30,1078.79,21732.0,790,368,46.58,0.0496,Critical
2020,6,Gràcia,31,Vila de Gràcia,31,1088.19,23217.0,714,342,47.9,0.0469,Pressured
2020,6,Gràcia,31,Vila de Gràcia,32,1105.41,20817.0,677,286,42.25,0.0531,Critical
2020,6,Gràcia,31,Vila de Gràcia,33,1087.22,22596.0,786,310,39.44,0.0481,Pressured
2020,6,Gràcia,31,Vila de Gràcia,34,1082.62,25170.0,689,240,34.83,0.043,Moderate
2020,6,Gràcia,31,Vila de Gràcia,35,1083.09,26769.0,606,117,19.31,0.0405,Affordable
2020,6,Gràcia,31,Vila de Gràcia,36,1061.02,24547.0,764,157,20.55,0.0432,Moderate
2020,6,Gràcia,31,Vila de Gràcia,37,1065.7,23251.0,542,92,16.97,0.0458,Pressured
2020,6,Gràcia,31,Vila de Gràcia,38,1091.49,22394.0,892,284,31.84,0.0487,Pressured
2020,6,Gràcia,31,Vila de Gràcia,39,1088.41,20759.0,990,421,42.53,0.0524,Critical
2020,6,Gràcia,31,Vila de Gràcia,40,1133.33,24418.0,887,125,14.09,0.0464,Pressured
2020,6,Gràcia,31,Vila de Gràcia,41,1137.75,25373.0,996,278,27.91,0.0448,Pressured
2020,6,Gràcia,31,Vila de Gràcia,42,1160.95,29465.0,1092,330,30.22,0.0394,Affordable
2020,6,Gràcia,31,Vila de Gràcia,43,1098.93,24640.0,768,257,33.46,0.0446,Pressured
2020,6,Gràcia,31,Vila de Gràcia,44,1228.65,30417.0,1126,356,31.62,0.0404,Affordable
2020,6,Gràcia,31,Vila de Gràcia,45,1101.75,23220.0,893,285,31.91,0.0474,Pressured
2020,6,Gràcia,31,Vila de Gràcia,46,1072.93,21564.0,677,255,37.67,0.0498,Critical
2020,6,Gràcia,31,Vila de Gràcia,47,1040.96,19696.0,880,456,51.82,0.0529,Critical
2020,6,Gràcia,31,Vila de Gràcia,48,1046.11,20089.0,814,322,39.56,0.0521,Critical
2020,6,Gràcia,31,Vila de Gràcia,49,1078.0,22821.0,746,272,36.46,0.0472,Pressured
2020,6,Gràcia,31,Vila de Gràcia,50,1044.96,18960.0,875,363,41.49,0.0551,Critical
2020,6,Gràcia,31,Vila de Gràcia,51,1048.78,22401.0,781,338,43.28,0.0468,Pressured
2020,6,Gràcia,31,Vila de Gràcia,52,1073.76,21716.0,966,301,31.16,0.0494,Critical
2020,6,Gràcia,31,Vila de Gràcia,53,1045.28,22270.0,939,378,40.26,0.0469,Pressured
2020,6,Gràcia,31,Vila de Gràcia,54,1082.37,20722.0,987,434,43.97,0.0522,Critical
2020,6,Gràcia,31,Vila de Gràcia,55,1055.61,23104.0,783,279,35.63,0.0457,Pressured
2020,6,Gràcia,31,Vila de Gràcia,56,1031.67,20446.0,1059,599,56.56,0.0505,Critical
2020,6,Gràcia,31,Vila de Gràcia,57,1100.23,20399.0,980,514,52.45,0.0539,Critical
2020,6,Gràcia,31,Vila de Gràcia,58,1103.09,22652.0,1171,575,49.1,0.0487,Pressured
2020,6,Gràcia,31,Vila de Gràcia,59,1113.33,21877.0,939,425,45.26,0.0509,Critical
2020,6,Gràcia,31,Vila de Gràcia,60,1088.91,21937.0,1090,433,39.72,0.0496,Critical
2020,6,Gràcia,31,Vila de Gràcia,61,1102.11,22197.0,758,321,42.35,0.0497,Critical
2020,6,Gràcia,31,Vila de Gràcia,62,1073.27,20441.0,720,253,35.14,0.0525,Critical
2020,6,Gràcia,31,Vila de Gràcia,63,1069.14,20812.0,898,409,45.55,0.0514,Critical
2020,6,Gràcia,32,el Camp d'en Grassot i Gràcia Nova,64,1177.59,22981.0,1017,154,15.14,0.0512,Critical
2020,6,Gràcia,32,el Camp d'en Grassot i Gràcia Nova,65,1178.2,27009.0,619,74,11.95,0.0436,Moderate
2020,6,Gràcia,32,el Camp d'en Grassot i Gràcia Nova,66,1108.59,20848.0,584,283,48.46,0.0532,Critical
2020,6,Gràcia,32,el Camp d'en Grassot i Gràcia Nova,67,1146.69,23110.0,1103,487,44.15,0.0496,Critical
2020,6,Gràcia,32,el Camp d'en Grassot i Gràcia Nova,68,1189.23,24939.0,962,215,22.35,0.0477,Pressured
2020,6,Gràcia,32,el Camp d'en Grassot i Gràcia Nova,69,1145.33,24764.0,572,65,11.36,0.0462,Pressured
2020,6,Gràcia,32,el Camp d'en Grassot i Gràcia Nova,70,1108.53,22189.0,1028,439,42.7,0.05,Critical
2020,6,Gràcia,32,el Camp d'en Grassot i Gràcia Nova,71,1079.45,23132.0,497,36,7.24,0.0467,Pressured
2020,6,Gràcia,32,el Camp d'en Grassot i Gràcia Nova,72,1165.29,25602.0,912,222,24.34,0.0455,Pressured
2020,6,Gràcia,32,el Camp d'en Grassot i Gràcia Nova,73,1130.76,22704.0,765,230,30.07,0.0498,Critical
2020,6,Gràcia,32,el Camp d'en Grassot i Gràcia Nova,74,1097.21,21438.0,529,139,26.28,0.0512,Critical
2020,6,Gràcia,32,el Camp d'en Grassot i Gràcia Nova,75,1153.48,25408.0,486,31,6.38,0.0454,Pressured
2020,6,Gràcia,32,el Camp d'en Grassot i Gràcia Nova,76,1094.05,23113.0,618,69,11.17,0.0473,Pressured
2020,6,Gràcia,32,el Camp d'en Grassot i Gràcia Nova,77,1045.06,20764.0,639,332,51.96,0.0503,Critical
2020,6,Gràcia,32,el Camp d'en Grassot i Gràcia Nova,78,1033.27,20860.0,757,418,55.22,0.0495,Critical
2020,6,Gràcia,32,el Camp d'en Grassot i Gràcia Nova,79,1027.23,22648.0,621,199,32.05,0.0454,Pressured
2020,6,Gràcia,32,el Camp d'en Grassot i Gràcia Nova,80,1062.6,22547.0,588,121,20.58,0.0471,Pressured
2020,6,Gràcia,32,el Camp d'en Grassot i Gràcia Nova,81,1105.48,22174.0,702,131,18.66,0.0499,Critical
2020,6,Gràcia,32,el Camp d'en Grassot i Gràcia Nova,82,1016.67,23408.0,931,158,16.97,0.0434,Moderate
2020,6,Gràcia,32,el Camp d'en Grassot i Gràcia Nova,83,1087.91,25630.0,869,163,18.76,0.0424,Moderate
2020,6,Gràcia,32,el Camp d'en Grassot i Gràcia Nova,84,1063.42,22228.0,810,274,33.83,0.0478,Pressured
2020,6,Gràcia,32,el Camp d'en Grassot i Gràcia Nova,85,1073.24,23351.0,689,176,25.54,0.046,Pressured
2020,6,Gràcia,32,el Camp d'en Grassot i Gràcia Nova,86,1134.4,26966.0,518,114,22.01,0.0421,Moderate
2020,6,Gràcia,32,el Camp d'en Grassot i Gràcia Nova,87,1129.94,26597.0,956,58,6.07,0.0425,Moderate
2020,6,Gràcia,32,el Camp d'en Grassot i Gràcia Nova,88,1121.49,23139.0,631,171,27.1,0.0485,Pressured
2020,7,Horta-Guinardó,33,el Baix Guinardó,1,877.88,22680.0,728,137,18.82,0.0387,Affordable
2020,7,Horta-Guinardó,33,el Baix Guinardó,2,972.26,19667.0,648,325,50.15,0.0494,Critical
2020,7,Horta-Guinardó,33,el Baix Guinardó,3,982.27,21164.0,613,125,20.39,0.0464,Pressured
2020,7,Horta-Guinardó,33,el Baix Guinardó,4,969.64,19117.0,783,388,49.55,0.0507,Critical
2020,7,Horta-Guinardó,33,el Baix Guinardó,5,896.73,20421.0,771,336,43.58,0.0439,Moderate
2020,7,Horta-Guinardó,33,el Baix Guinardó,6,899.62,23045.0,463,46,9.94,0.039,Affordable
2020,7,Horta-Guinardó,33,el Baix Guinardó,7,862.9,19228.0,641,154,24.02,0.0449,Pressured
2020,7,Horta-Guinardó,33,el Baix Guinardó,8,885.97,21038.0,591,25,4.23,0.0421,Moderate
2020,7,Horta-Guinardó,33,el Baix Guinardó,9,866.61,19018.0,591,178,30.12,0.0456,Pressured
2020,7,Horta-Guinardó,33,el Baix Guinardó,10,863.18,20755.0,651,239,36.71,0.0416,Moderate
2020,7,Horta-Guinardó,33,el Baix Guinardó,11,914.22,21057.0,660,374,56.67,0.0434,Moderate
2020,7,Horta-Guinardó,33,el Baix Guinardó,12,883.66,19282.0,787,363,46.12,0.0458,Pressured
2020,7,Horta-Guinardó,33,el Baix Guinardó,13,915.22,22755.0,538,41,7.62,0.0402,Affordable
2020,7,Horta-Guinardó,33,el Baix Guinardó,14,802.31,17808.0,448,254,56.7,0.0451,Pressured
2020,7,Horta-Guinardó,33,el Baix Guinardó,15,839.63,19008.0,615,145,23.58,0.0442,Moderate
2020,7,Horta-Guinardó,33,el Baix Guinardó,16,888.33,22659.0,607,52,8.57,0.0392,Affordable
2020,7,Horta-Guinardó,33,el Baix Guinardó,17,840.5,19738.0,851,93,10.93,0.0426,Moderate
2020,7,Horta-Guinardó,33,el Baix Guinardó,18,927.31,19607.0,767,196,25.55,0.0473,Pressured
2020,7,Horta-Guinardó,33,el Baix Guinardó,19,893.2,19877.0,755,150,19.87,0.0449,Pressured
2020,7,Horta-Guinardó,34,Can Baró,20,816.19,19521.0,828,297,35.87,0.0418,Moderate
2020,7,Horta-Guinardó,34,Can Baró,21,677.41,23891.0,516,86,16.67,0.0284,Affordable
2020,7,Horta-Guinardó,34,Can Baró,22,732.0,17865.0,546,119,21.79,0.041,Moderate
2020,7,Horta-Guinardó,34,Can Baró,23,629.04,16915.0,720,389,54.03,0.0372,Affordable
2020,7,Horta-Guinardó,34,Can Baró,24,712.36,19014.0,847,456,53.84,0.0375,Affordable
2020,7,Horta-Guinardó,34,Can Baró,25,670.34,18169.0,768,390,50.78,0.0369,Affordable
2020,7,Horta-Guinardó,34,Can Baró,26,662.72,19361.0,614,166,27.04,0.0342,Affordable
2020,7,Horta-Guinardó,35,el Guinardó,27,798.78,17111.0,863,147,17.03,0.0467,Pressured
2020,7,Horta-Guinardó,35,el Guinardó,28,804.68,19007.0,769,423,55.01,0.0423,Moderate
2020,7,Horta-Guinardó,35,el Guinardó,29,822.45,21646.0,715,299,41.82,0.038,Affordable
2020,7,Horta-Guinardó,35,el Guinardó,30,752.55,17171.0,744,449,60.35,0.0438,Moderate
2020,7,Horta-Guinardó,35,el Guinardó,31,811.39,17385.0,774,331,42.76,0.0467,Pressured
2020,7,Horta-Guinardó,35,el Guinardó,32,847.64,19897.0,685,188,27.45,0.0426,Moderate
2020,7,Horta-Guinardó,35,el Guinardó,33,833.96,20734.0,703,215,30.58,0.0402,Affordable
2020,7,Horta-Guinardó,35,el Guinardó,34,903.94,22138.0,899,233,25.92,0.0408,Moderate
2020,7,Horta-Guinardó,35,el Guinardó,35,834.72,22273.0,859,152,17.69,0.0375,Affordable
2020,7,Horta-Guinardó,35,el Guinardó,36,857.21,22992.0,714,189,26.47,0.0373,Affordable
2020,7,Horta-Guinardó,35,el Guinardó,37,836.39,19808.0,738,201,27.24,0.0422,Moderate
2020,7,Horta-Guinardó,35,el Guinardó,38,805.89,20026.0,643,204,31.73,0.0402,Affordable
2020,7,Horta-Guinardó,35,el Guinardó,39,843.59,21006.0,789,229,29.02,0.0402,Affordable
2020,7,Horta-Guinardó,35,el Guinardó,40,839.53,20352.0,869,412,47.41,0.0413,Moderate
2020,7,Horta-Guinardó,35,el Guinardó,41,827.16,19319.0,712,295,41.43,0.0428,Moderate
2020,7,Horta-Guinardó,35,el Guinardó,42,812.05,20375.0,803,260,32.38,0.0399,Affordable
2020,7,Horta-Guinardó,35,el Guinardó,43,835.48,20234.0,767,215,28.03,0.0413,Moderate
2020,7,Horta-Guinardó,35,el Guinardó,44,843.29,20491.0,668,214,32.04,0.0412,Moderate
2020,7,Horta-Guinardó,35,el Guinardó,45,820.92,19109.0,810,326,40.25,0.043,Moderate
2020,7,Horta-Guinardó,35,el Guinardó,46,816.29,19134.0,729,283,38.82,0.0427,Moderate
2020,7,Horta-Guinardó,35,el Guinardó,47,748.24,19286.0,715,233,32.59,0.0388,Affordable
2020,7,Horta-Guinardó,35,el Guinardó,48,769.32,19027.0,677,194,28.66,0.0404,Affordable
2020,7,Horta-Guinardó,35,el Guinardó,49,707.31,19717.0,605,197,32.56,0.0359,Affordable
2020,7,Horta-Guinardó,35,el Guinardó,50,712.72,18615.0,670,309,46.12,0.0383,Affordable
2020,7,Horta-Guinardó,35,el Guinardó,51,720.85,18893.0,900,375,41.67,0.0382,Affordable
2020,7,Horta-Guinardó,36,la Font d'en Fargues,52,840.88,25239.0,716,215,30.03,0.0333,Affordable
2020,7,Horta-Guinardó,36,la Font d'en Fargues,53,835.48,22168.0,705,129,18.3,0.0377,Affordable
2020,7,Horta-Guinardó,36,la Font d'en Fargues,54,826.92,26634.0,916,288,31.44,0.031,Affordable
2020,7,Horta-Guinardó,36,la Font d'en Fargues,55,846.39,25850.0,707,139,19.66,0.0327,Affordable
2020,7,Horta-Guinardó,36,la Font d'en Fargues,56,747.11,22054.0,757,389,51.39,0.0339,Affordable
2020,7,Horta-Guinardó,36,la Font d'en Fargues,57,805.41,21867.0,748,398,53.21,0.0368,Affordable
2020,7,Horta-Guinardó,36,la Font d'en Fargues,58,843.97,21611.0,774,454,58.66,0.0391,Affordable
2020,7,Horta-Guinardó,37,el Carmel,59,598.07,15271.0,794,499,62.85,0.0392,Affordable
2020,7,Horta-Guinardó,37,el Carmel,60,569.31,14890.0,1130,635,56.19,0.0382,Affordable
2020,7,Horta-Guinardó,37,el Carmel,61,572.17,15378.0,597,250,41.88,0.0372,Affordable
2020,7,Horta-Guinardó,37,el Carmel,62,581.31,15955.0,644,273,42.39,0.0364,Affordable
2020,7,Horta-Guinardó,37,el Carmel,63,556.9,13851.0,720,403,55.97,0.0402,Affordable
2020,7,Horta-Guinardó,37,el Carmel,64,562.32,13992.0,773,394,50.97,0.0402,Affordable
2020,7,Horta-Guinardó,37,el Carmel,65,533.45,12623.0,846,612,72.34,0.0423,Moderate
2020,7,Horta-Guinardó,37,el Carmel,66,527.76,13201.0,816,435,53.31,0.04,Affordable
2020,7,Horta-Guinardó,37,el Carmel,67,525.62,13210.0,731,368,50.34,0.0398,Affordable
2020,7,Horta-Guinardó,37,el Carmel,68,522.17,12846.0,559,338,60.47,0.0406,Moderate
2020,7,Horta-Guinardó,37,el Carmel,69,538.44,13846.0,681,394,57.86,0.0389,Affordable
2020,7,Horta-Guinardó,37,el Carmel,70,546.62,13871.0,629,262,41.65,0.0394,Affordable
2020,7,Horta-Guinardó,37,el Carmel,71,545.47,16421.0,634,230,36.28,0.0332,Affordable
2020,7,Horta-Guinardó,37,el Carmel,72,514.9,15629.0,661,251,37.97,0.0329,Affordable
2020,7,Horta-Guinardó,37,el Carmel,73,512.22,14135.0,558,349,62.54,0.0362,Affordable
2020,7,Horta-Guinardó,37,el Carmel,74,517.4,15475.0,783,389,49.68,0.0334,Affordable
2020,7,Horta-Guinardó,37,el Carmel,75,518.57,14319.0,536,222,41.42,0.0362,Affordable
2020,7,Horta-Guinardó,37,el Carmel,76,542.81,14458.0,672,284,42.26,0.0375,Affordable
2020,7,Horta-Guinardó,37,el Carmel,77,534.7,14048.0,621,381,61.35,0.0381,Affordable
2020,7,Horta-Guinardó,37,el Carmel,78,572.57,14150.0,634,309,48.74,0.0405,Affordable
2020,7,Horta-Guinardó,37,el Carmel,79,541.75,14237.0,732,449,61.34,0.0381,Affordable
2020,7,Horta-Guinardó,37,el Carmel,80,553.73,15317.0,757,315,41.61,0.0362,Affordable
2020,7,Horta-Guinardó,38,la Teixonera,81,604.71,16148.0,929,467,50.27,0.0374,Affordable
2020,7,Horta-Guinardó,38,la Teixonera,82,560.96,15764.0,645,297,46.05,0.0356,Affordable
2020,7,Horta-Guinardó,38,la Teixonera,83,535.41,15402.0,659,296,44.92,0.0348,Affordable
2020,7,Horta-Guinardó,38,la Teixonera,84,563.41,15510.0,707,358,50.64,0.0363,Affordable
2020,7,Horta-Guinardó,38,la Teixonera,85,564.91,16420.0,614,259,42.18,0.0344,Affordable
2020,7,Horta-Guinardó,38,la Teixonera,86,608.77,15596.0,754,391,51.86,0.039,Affordable
2020,7,Horta-Guinardó,38,la Teixonera,87,624.24,16274.0,831,381,45.85,0.0384,Affordable
2020,7,Horta-Guinardó,38,la Teixonera,88,674.05,16510.0,844,420,49.76,0.0408,Moderate
2020,7,Horta-Guinardó,39,Sant Genís dels Agudells,89,673.61,20221.0,675,138,20.44,0.0333,Affordable
2020,7,Horta-Guinardó,39,Sant Genís dels Agudells,90,602.31,16236.0,714,187,26.19,0.0371,Affordable
2020,7,Horta-Guinardó,39,Sant Genís dels Agudells,91,570.58,16897.0,640,235,36.72,0.0338,Affordable
2020,7,Horta-Guinardó,39,Sant Genís dels Agudells,92,513.77,14049.0,701,57,8.13,0.0366,Affordable
2020,7,Horta-Guinardó,39,Sant Genís dels Agudells,93,574.76,17006.0,739,20,2.71,0.0338,Affordable
2020,7,Horta-Guinardó,40,Montbau,94,560.89,18161.0,709,421,59.38,0.0309,Affordable
2020,7,Horta-Guinardó,40,Montbau,95,597.44,18937.0,748,269,35.96,0.0315,Affordable
2020,7,Horta-Guinardó,40,Montbau,96,592.43,17283.0,697,218,31.28,0.0343,Affordable
2020,7,Horta-Guinardó,40,Montbau,97,630.97,20718.0,408,145,35.54,0.0305,Affordable
2020,7,Horta-Guinardó,41,la Vall d'Hebron,98,967.26,25522.0,935,150,16.04,0.0379,Affordable
2020,7,Horta-Guinardó,41,la Vall d'Hebron,99,804.55,22131.0,480,80,16.67,0.0364,Affordable
2020,7,Horta-Guinardó,41,la Vall d'Hebron,100,740.03,19520.0,568,173,30.46,0.0379,Affordable
2020,7,Horta-Guinardó,41,la Vall d'Hebron,101,681.93,20012.0,672,374,55.65,0.0341,Affordable
2020,7,Horta-Guinardó,42,la Clota,102,732.27,18628.0,419,183,43.68,0.0393,Affordable
2020,7,Horta-Guinardó,43,Horta,103,683.72,18098.0,611,329,53.85,0.0378,Affordable
2020,7,Horta-Guinardó,43,Horta,104,754.78,16485.0,832,384,46.15,0.0458,Pressured
2020,7,Horta-Guinardó,43,Horta,105,794.6,20580.0,512,146,28.52,0.0386,Affordable
2020,7,Horta-Guinardó,43,Horta,106,773.05,20425.0,549,155,28.23,0.0378,Affordable
2020,7,Horta-Guinardó,43,Horta,107,817.15,22735.0,553,182,32.91,0.0359,Affordable
2020,7,Horta-Guinardó,43,Horta,108,787.0,20130.0,628,229,36.46,0.0391,Affordable
2020,7,Horta-Guinardó,43,Horta,109,739.06,16702.0,841,395,46.97,0.0442,Moderate
2020,7,Horta-Guinardó,43,Horta,110,766.2,23840.0,508,173,34.06,0.0321,Affordable
2020,7,Horta-Guinardó,43,Horta,111,748.1,23153.0,498,79,15.86,0.0323,Affordable
2020,7,Horta-Guinardó,43,Horta,112,770.43,20317.0,602,136,22.59,0.0379,Affordable
2020,7,Horta-Guinardó,43,Horta,113,725.0,18153.0,609,233,38.26,0.0399,Affordable
2020,7,Horta-Guinardó,43,Horta,114,762.61,21391.0,727,358,49.24,0.0357,Affordable
2020,7,Horta-Guinardó,43,Horta,115,754.34,23913.0,673,266,39.52,0.0315,Affordable
2020,7,Horta-Guinardó,43,Horta,116,784.35,18938.0,747,246,32.93,0.0414,Moderate
2020,7,Horta-Guinardó,43,Horta,117,719.03,19768.0,628,312,49.68,0.0364,Affordable
2020,7,Horta-Guinardó,43,Horta,118,711.29,20094.0,728,273,37.5,0.0354,Affordable
2020,7,Horta-Guinardó,43,Horta,119,655.17,17319.0,618,249,40.29,0.0378,Affordable
2020,7,Horta-Guinardó,43,Horta,120,689.0,17745.0,705,370,52.48,0.0388,Affordable
2020,7,Horta-Guinardó,43,Horta,121,655.64,16838.0,528,126,23.86,0.0389,Affordable
2020,7,Horta-Guinardó,43,Horta,122,683.58,18885.0,656,212,32.32,0.0362,Affordable
2020,7,Horta-Guinardó,43,Horta,123,671.3,20171.0,738,251,34.01,0.0333,Affordable
2020,8,Nou Barris,44,Vilapicina i la Torre Llobeta,1,726.48,18338.0,585,176,30.09,0.0396,Affordable
2020,8,Nou Barris,44,Vilapicina i la Torre Llobeta,2,724.22,19844.0,644,211,32.76,0.0365,Affordable
2020,8,Nou Barris,44,Vilapicina i la Torre Llobeta,3,718.3,17703.0,609,238,39.08,0.0406,Moderate
2020,8,Nou Barris,44,Vilapicina i la Torre Llobeta,4,688.75,16814.0,678,197,29.06,0.041,Moderate
2020,8,Nou Barris,44,Vilapicina i la Torre Llobeta,5,665.46,19130.0,593,243,40.98,0.0348,Affordable
2020,8,Nou Barris,44,Vilapicina i la Torre Llobeta,6,761.06,18667.0,750,247,32.93,0.0408,Moderate
2020,8,Nou Barris,44,Vilapicina i la Torre Llobeta,7,683.67,19385.0,519,161,31.02,0.0353,Affordable
2020,8,Nou Barris,44,Vilapicina i la Torre Llobeta,8,748.74,18916.0,730,193,26.44,0.0396,Affordable
2020,8,Nou Barris,44,Vilapicina i la Torre Llobeta,9,669.12,17533.0,811,68,8.38,0.0382,Affordable
2020,8,Nou Barris,44,Vilapicina i la Torre Llobeta,10,710.3,20009.0,574,162,28.22,0.0355,Affordable
2020,8,Nou Barris,44,Vilapicina i la Torre Llobeta,11,750.4,20437.0,508,46,9.06,0.0367,Affordable
2020,8,Nou Barris,44,Vilapicina i la Torre Llobeta,12,720.19,18904.0,618,57,9.22,0.0381,Affordable
2020,8,Nou Barris,44,Vilapicina i la Torre Llobeta,13,762.54,17758.0,535,116,21.68,0.0429,Moderate
2020,8,Nou Barris,44,Vilapicina i la Torre Llobeta,14,746.77,16772.0,609,144,23.65,0.0445,Pressured
2020,8,Nou Barris,44,Vilapicina i la Torre Llobeta,15,754.74,15952.0,709,394,55.57,0.0473,Pressured
2020,8,Nou Barris,44,Vilapicina i la Torre Llobeta,16,755.45,17515.0,561,155,27.63,0.0431,Moderate
2020,8,Nou Barris,44,Vilapicina i la Torre Llobeta,17,789.34,19482.0,688,237,34.45,0.0405,Affordable
2020,8,Nou Barris,44,Vilapicina i la Torre Llobeta,18,852.46,18481.0,699,126,18.03,0.0461,Pressured
2020,8,Nou Barris,44,Vilapicina i la Torre Llobeta,19,770.81,16249.0,847,484,57.14,0.0474,Pressured
2020,8,Nou Barris,45,Porta,20,795.58,17104.0,695,244,35.11,0.0465,Pressured
2020,8,Nou Barris,45,Porta,21,728.86,17601.0,697,236,33.86,0.0414,Moderate
2020,8,Nou Barris,45,Porta,22,703.91,17816.0,534,32,5.99,0.0395,Affordable
2020,8,Nou Barris,45,Porta,23,721.72,16136.0,676,252,37.28,0.0447,Pressured
2020,8,Nou Barris,45,Porta,24,744.12,17592.0,683,174,25.48,0.0423,Moderate
2020,8,Nou Barris,45,Porta,25,726.71,15673.0,614,317,51.63,0.0464,Pressured
2020,8,Nou Barris,45,Porta,26,763.68,17527.0,648,285,43.98,0.0436,Moderate
2020,8,Nou Barris,45,Porta,27,776.37,19146.0,655,149,22.75,0.0405,Affordable
2020,8,Nou Barris,45,Porta,28,670.01,16235.0,498,126,25.3,0.0413,Moderate
2020,8,Nou Barris,45,Porta,29,739.66,14867.0,677,163,24.08,0.0498,Critical
2020,8,Nou Barris,45,Porta,30,704.17,15464.0,633,146,23.06,0.0455,Pressured
2020,8,Nou Barris,45,Porta,31,686.57,16929.0,572,427,74.65,0.0406,Moderate
2020,8,Nou Barris,45,Porta,32,598.75,17353.0,575,151,26.26,0.0345,Affordable
2020,8,Nou Barris,45,Porta,33,676.69,14994.0,661,316,47.81,0.0451,Pressured
2020,8,Nou Barris,45,Porta,34,688.76,13386.0,564,268,47.52,0.0515,Critical
2020,8,Nou Barris,45,Porta,35,668.89,16392.0,711,352,49.51,0.0408,Moderate
2020,8,Nou Barris,45,Porta,36,654.93,13237.0,706,560,79.32,0.0495,Critical
2020,8,Nou Barris,45,Porta,37,718.17,15608.0,708,348,49.15,0.046,Pressured
2020,8,Nou Barris,46,el Turó de la Peira,38,644.09,14264.0,693,258,37.23,0.0452,Pressured
2020,8,Nou Barris,46,el Turó de la Peira,39,612.18,14221.0,735,256,34.83,0.043,Moderate
2020,8,Nou Barris,46,el Turó de la Peira,40,684.93,12926.0,814,177,21.74,0.053,Critical
2020,8,Nou Barris,46,el Turó de la Peira,41,557.62,10433.0,980,777,79.29,0.0534,Critical
2020,8,Nou Barris,46,el Turó de la Peira,42,606.95,17746.0,583,15,2.57,0.0342,Affordable
2020,8,Nou Barris,46,el Turó de la Peira,43,754.22,15199.0,551,3,0.54,0.0496,Critical
2020,8,Nou Barris,46,el Turó de la Peira,44,600.72,13105.0,612,332,54.25,0.0458,Pressured
2020,8,Nou Barris,46,el Turó de la Peira,45,566.95,12964.0,709,389,54.87,0.0437,Moderate
2020,8,Nou Barris,46,el Turó de la Peira,46,559.99,14435.0,702,464,66.1,0.0388,Affordable
2020,8,Nou Barris,46,el Turó de la Peira,47,553.21,11798.0,680,385,56.62,0.0469,Pressured
2020,8,Nou Barris,47,Can Peguera,48,515.32,10602.0,453,445,98.23,0.0486,Pressured
2020,8,Nou Barris,47,Can Peguera,49,775.03,13777.0,594,370,62.29,0.0563,Critical
2020,8,Nou Barris,48,la Guineueta,50,788.23,20000.0,612,0,0.0,0.0394,Affordable
2020,8,Nou Barris,48,la Guineueta,51,823.32,19289.0,595,205,34.45,0.0427,Moderate
2020,8,Nou Barris,48,la Guineueta,52,768.29,17885.0,408,161,39.46,0.043,Moderate
2020,8,Nou Barris,48,la Guineueta,53,740.13,19329.0,547,36,6.58,0.0383,Affordable
2020,8,Nou Barris,48,la Guineueta,54,743.06,17962.0,791,23,2.91,0.0414,Moderate
2020,8,Nou Barris,48,la Guineueta,55,737.84,22364.0,772,0,0.0,0.033,Affordable
2020,8,Nou Barris,48,la Guineueta,56,568.6,16271.0,697,240,34.43,0.0349,Affordable
2020,8,Nou Barris,48,la Guineueta,57,574.66,16509.0,596,89,14.93,0.0348,Affordable
2020,8,Nou Barris,48,la Guineueta,58,548.49,15061.0,736,362,49.18,0.0364,Affordable
2020,8,Nou Barris,48,la Guineueta,59,547.28,16296.0,460,133,28.91,0.0336,Affordable
2020,8,Nou Barris,48,la Guineueta,215,752.54,20193.0,587,1,0.17,0.0373,Affordable
2020,8,Nou Barris,49,Canyelles,60,604.36,18276.0,542,6,1.11,0.0331,Affordable
2020,8,Nou Barris,49,Canyelles,61,598.07,15717.0,676,0,0.0,0.0381,Affordable
2020,8,Nou Barris,49,Canyelles,62,604.36,17055.0,480,0,0.0,0.0354,Affordable
2020,8,Nou Barris,49,Canyelles,63,606.16,20559.0,480,0,0.0,0.0295,Affordable
2020,8,Nou Barris,49,Canyelles,64,593.89,15175.0,741,39,5.26,0.0391,Affordable
2020,8,Nou Barris,50,les Roquetes,65,448.35,11513.0,863,503,58.29,0.0389,Affordable
2020,8,Nou Barris,50,les Roquetes,66,443.79,10673.0,731,435,59.51,0.0416,Moderate
2020,8,Nou Barris,50,les Roquetes,67,510.11,14028.0,756,307,40.61,0.0364,Affordable
2020,8,Nou Barris,50,les Roquetes,68,510.94,11985.0,743,350,47.11,0.0426,Moderate
2020,8,Nou Barris,50,les Roquetes,69,516.23,12325.0,627,303,48.33,0.0419,Moderate
2020,8,Nou Barris,50,les Roquetes,70,495.03,11796.0,610,351,57.54,0.042,Moderate
2020,8,Nou Barris,50,les Roquetes,71,508.09,12867.0,701,354,50.5,0.0395,Affordable
2020,8,Nou Barris,50,les Roquetes,72,502.35,14405.0,505,207,40.99,0.0349,Affordable
2020,8,Nou Barris,50,les Roquetes,73,452.58,11712.0,839,813,96.9,0.0386,Affordable
2020,8,Nou Barris,50,les Roquetes,74,525.41,11925.0,708,433,61.16,0.0441,Moderate
2020,8,Nou Barris,51,Verdun,75,667.8,13841.0,936,636,67.95,0.0482,Pressured
2020,8,Nou Barris,51,Verdun,76,652.84,14902.0,783,462,59.0,0.0438,Moderate
2020,8,Nou Barris,51,Verdun,77,639.15,11679.0,609,77,12.64,0.0547,Critical
2020,8,Nou Barris,51,Verdun,78,510.82,12734.0,799,632,79.1,0.0401,Affordable
2020,8,Nou Barris,51,Verdun,79,604.4,12556.0,656,432,65.85,0.0481,Pressured
2020,8,Nou Barris,51,Verdun,80,626.87,14050.0,687,438,63.76,0.0446,Pressured
2020,8,Nou Barris,51,Verdun,81,611.7,12086.0,658,334,50.76,0.0506,Critical
2020,8,Nou Barris,51,Verdun,82,653.5,14326.0,790,468,59.24,0.0456,Pressured
2020,8,Nou Barris,52,la Prosperitat,83,652.79,14172.0,596,424,71.14,0.0461,Pressured
2020,8,Nou Barris,52,la Prosperitat,84,649.41,14901.0,490,158,32.24,0.0436,Moderate
2020,8,Nou Barris,52,la Prosperitat,85,602.32,14385.0,652,398,61.04,0.0419,Moderate
2020,8,Nou Barris,52,la Prosperitat,86,654.69,15104.0,779,441,56.61,0.0433,Moderate
2020,8,Nou Barris,52,la Prosperitat,87,615.15,14856.0,614,407,66.29,0.0414,Moderate
2020,8,Nou Barris,52,la Prosperitat,88,644.98,14551.0,578,328,56.75,0.0443,Moderate
2020,8,Nou Barris,52,la Prosperitat,89,645.62,14615.0,588,289,49.15,0.0442,Moderate
2020,8,Nou Barris,52,la Prosperitat,90,724.3,15642.0,581,290,49.91,0.0463,Pressured
2020,8,Nou Barris,52,la Prosperitat,91,620.05,14752.0,564,279,49.47,0.042,Moderate
2020,8,Nou Barris,52,la Prosperitat,92,685.26,16929.0,455,215,47.25,0.0405,Affordable
2020,8,Nou Barris,52,la Prosperitat,93,617.97,14017.0,599,395,65.94,0.0441,Moderate
2020,8,Nou Barris,52,la Prosperitat,94,657.71,15993.0,662,302,45.62,0.0411,Moderate
2020,8,Nou Barris,52,la Prosperitat,95,743.88,18388.0,494,0,0.0,0.0405,Affordable
2020,8,Nou Barris,52,la Prosperitat,96,687.42,15259.0,649,231,35.59,0.0451,Pressured
2020,8,Nou Barris,52,la Prosperitat,97,713.28,14533.0,600,318,53.0,0.0491,Critical
2020,8,Nou Barris,52,la Prosperitat,98,612.5,14198.0,561,320,57.04,0.0431,Moderate
2020,8,Nou Barris,52,la Prosperitat,99,618.7,14492.0,657,399,60.73,0.0427,Moderate
2020,8,Nou Barris,52,la Prosperitat,100,646.81,15148.0,618,350,56.63,0.0427,Moderate
2020,8,Nou Barris,52,la Prosperitat,101,710.41,15097.0,762,363,47.64,0.0471,Pressured
2020,8,Nou Barris,52,la Prosperitat,102,678.39,12759.0,698,481,68.91,0.0532,Critical
2020,8,Nou Barris,53,la Trinitat Nova,103,425.08,10785.0,757,731,96.57,0.0394,Affordable
2020,8,Nou Barris,53,la Trinitat Nova,104,491.75,11927.0,558,302,54.12,0.0412,Moderate
2020,8,Nou Barris,53,la Trinitat Nova,105,464.27,12006.0,719,211,29.35,0.0387,Affordable
2020,8,Nou Barris,53,la Trinitat Nova,106,423.67,11581.0,671,219,32.64,0.0366,Affordable
2020,8,Nou Barris,53,la Trinitat Nova,107,580.4,12061.0,945,339,35.87,0.0481,Pressured
2020,8,Nou Barris,54,Torre Baró,108,464.34,11252.0,1137,518,45.56,0.0413,Moderate
2020,8,Nou Barris,54,Torre Baró,109,313.58,10439.0,563,307,54.53,0.03,Affordable
2020,8,Nou Barris,55,Ciutat Meridiana,110,388.1,8636.0,745,705,94.63,0.0449,Pressured
2020,8,Nou Barris,55,Ciutat Meridiana,111,395.14,9877.0,607,394,64.91,0.04,Affordable
2020,8,Nou Barris,55,Ciutat Meridiana,112,389.95,10231.0,603,284,47.1,0.0381,Affordable
2020,8,Nou Barris,55,Ciutat Meridiana,113,394.57,9960.0,647,352,54.4,0.0396,Affordable
2020,8,Nou Barris,55,Ciutat Meridiana,114,398.91,10854.0,705,639,90.64,0.0368,Affordable
2020,8,Nou Barris,55,Ciutat Meridiana,115,392.98,10303.0,650,413,63.54,0.0381,Affordable
2020,8,Nou Barris,56,Vallbona,116,382.9,11481.0,845,364,43.08,0.0334,Affordable
2020,9,Sant Andreu,57,la Trinitat Vella,1,448.94,9384.0,1049,714,68.06,0.0478,Pressured
2020,9,Sant Andreu,57,la Trinitat Vella,2,459.06,10798.0,844,466,55.21,0.0425,Moderate
2020,9,Sant Andreu,57,la Trinitat Vella,3,466.04,10510.0,852,469,55.05,0.0443,Moderate
2020,9,Sant Andreu,57,la Trinitat Vella,4,479.6,12032.0,695,386,55.54,0.0399,Affordable
2020,9,Sant Andreu,57,la Trinitat Vella,5,537.34,15710.0,755,243,32.19,0.0342,Affordable
2020,9,Sant Andreu,58,Baró de Viver,6,389.68,11833.0,503,5,0.99,0.0329,Affordable
2020,9,Sant Andreu,58,Baró de Viver,7,410.22,11096.0,609,210,34.48,0.037,Affordable
2020,9,Sant Andreu,59,el Bon Pastor,8,1042.86,22623.0,784,93,11.86,0.0461,Pressured
2020,9,Sant Andreu,59,el Bon Pastor,9,505.94,16503.0,605,201,33.22,0.0307,Affordable
2020,9,Sant Andreu,59,el Bon Pastor,10,634.08,14802.0,775,97,12.52,0.0428,Moderate
2020,9,Sant Andreu,59,el Bon Pastor,11,536.91,12717.0,635,431,67.87,0.0422,Moderate
2020,9,Sant Andreu,59,el Bon Pastor,13,501.3,10981.0,805,218,27.08,0.0457,Pressured
2020,9,Sant Andreu,59,el Bon Pastor,14,507.51,12850.0,675,424,62.81,0.0395,Affordable
2020,9,Sant Andreu,59,el Bon Pastor,15,530.2,12885.0,818,403,49.27,0.0411,Moderate
2020,9,Sant Andreu,60,Sant Andreu,16,824.55,20373.0,566,96,16.96,0.0405,Affordable
2020,9,Sant Andreu,60,Sant Andreu,17,859.41,20148.0,715,276,38.6,0.0427,Moderate
2020,9,Sant Andreu,60,Sant Andreu,18,884.7,18759.0,644,119,18.48,0.0472,Pressured
2020,9,Sant Andreu,60,Sant Andreu,19,872.5,20650.0,1047,17,1.62,0.0423,Moderate
2020,9,Sant Andreu,60,Sant Andreu,20,853.28,20635.0,564,127,22.52,0.0414,Moderate
2020,9,Sant Andreu,60,Sant Andreu,21,877.36,21692.0,752,239,31.78,0.0404,Affordable
2020,9,Sant Andreu,60,Sant Andreu,22,816.54,21093.0,743,319,42.93,0.0387,Affordable
2020,9,Sant Andreu,60,Sant Andreu,23,819.8,20990.0,741,375,50.61,0.0391,Affordable
2020,9,Sant Andreu,60,Sant Andreu,24,851.03,20582.0,547,109,19.93,0.0413,Moderate
2020,9,Sant Andreu,60,Sant Andreu,25,833.81,21786.0,716,218,30.45,0.0383,Affordable
2020,9,Sant Andreu,60,Sant Andreu,26,853.65,21423.0,716,135,18.85,0.0398,Affordable
2020,9,Sant Andreu,60,Sant Andreu,27,846.27,21383.0,562,59,10.5,0.0396,Affordable
2020,9,Sant Andreu,60,Sant Andreu,28,986.17,23320.0,611,45,7.36,0.0423,Moderate
2020,9,Sant Andreu,60,Sant Andreu,29,814.86,19635.0,525,123,23.43,0.0415,Moderate
2020,9,Sant Andreu,60,Sant Andreu,30,930.38,21562.0,643,212,32.97,0.0431,Moderate
2020,9,Sant Andreu,60,Sant Andreu,31,964.67,21780.0,491,116,23.63,0.0443,Moderate
2020,9,Sant Andreu,60,Sant Andreu,32,793.12,16031.0,942,124,13.16,0.0495,Critical
2020,9,Sant Andreu,60,Sant Andreu,33,774.57,18644.0,1541,597,38.74,0.0415,Moderate
2020,9,Sant Andreu,60,Sant Andreu,34,750.46,16720.0,663,168,25.34,0.0449,Pressured
2020,9,Sant Andreu,60,Sant Andreu,35,745.77,19268.0,792,359,45.33,0.0387,Affordable
2020,9,Sant Andreu,60,Sant Andreu,36,789.15,19929.0,644,121,18.79,0.0396,Affordable
2020,9,Sant Andreu,60,Sant Andreu,37,802.3,15900.0,763,502,65.79,0.0505,Critical
2020,9,Sant Andreu,60,Sant Andreu,38,863.75,21173.0,763,105,13.76,0.0408,Moderate
2020,9,Sant Andreu,60,Sant Andreu,39,824.33,19852.0,800,338,42.25,0.0415,Moderate
2020,9,Sant Andreu,60,Sant Andreu,40,870.34,20798.0,955,459,48.06,0.0418,Moderate
2020,9,Sant Andreu,60,Sant Andreu,41,835.54,19594.0,799,328,41.05,0.0426,Moderate
2020,9,Sant Andreu,60,Sant Andreu,42,804.95,22060.0,756,288,38.1,0.0365,Affordable
2020,9,Sant Andreu,60,Sant Andreu,43,843.56,18842.0,818,487,59.54,0.0448,Pressured
2020,9,Sant Andreu,60,Sant Andreu,44,813.22,19882.0,993,552,55.59,0.0409,Moderate
2020,9,Sant Andreu,60,Sant Andreu,45,849.05,20776.0,759,340,44.8,0.0409,Moderate
2020,9,Sant Andreu,60,Sant Andreu,46,839.93,21754.0,720,246,34.17,0.0386,Affordable
2020,9,Sant Andreu,60,Sant Andreu,47,820.72,22510.0,1042,508,48.75,0.0365,Affordable
2020,9,Sant Andreu,60,Sant Andreu,48,849.9,19974.0,646,180,27.86,0.0426,Moderate
2020,9,Sant Andreu,60,Sant Andreu,49,860.51,18095.0,563,124,22.02,0.0476,Pressured
2020,9,Sant Andreu,60,Sant Andreu,50,857.18,21260.0,855,342,40.0,0.0403,Affordable
2020,9,Sant Andreu,60,Sant Andreu,51,835.87,21319.0,787,330,41.93,0.0392,Affordable
2020,9,Sant Andreu,60,Sant Andreu,52,843.67,19589.0,589,132,22.41,0.0431,Moderate
2020,9,Sant Andreu,60,Sant Andreu,53,857.15,21954.0,910,285,31.32,0.039,Affordable
2020,9,Sant Andreu,60,Sant Andreu,54,859.46,21579.0,534,15,2.81,0.0398,Affordable
2020,9,Sant Andreu,61,la Sagrera,55,743.78,16079.0,656,0,0.0,0.0463,Pressured
2020,9,Sant Andreu,61,la Sagrera,56,873.66,20098.0,522,21,4.02,0.0435,Moderate
2020,9,Sant Andreu,61,la Sagrera,57,816.16,17823.0,762,119,15.62,0.0458,Pressured
2020,9,Sant Andreu,61,la Sagrera,58,907.28,20812.0,793,309,38.97,0.0436,Moderate
2020,9,Sant Andreu,61,la Sagrera,59,882.87,18835.0,666,277,41.59,0.0469,Pressured
2020,9,Sant Andreu,61,la Sagrera,60,871.35,19592.0,730,247,33.84,0.0445,Pressured
2020,9,Sant Andreu,61,la Sagrera,61,948.67,21710.0,749,173,23.1,0.0437,Moderate
2020,9,Sant Andreu,61,la Sagrera,62,886.57,18876.0,578,293,50.69,0.047,Pressured
2020,9,Sant Andreu,61,la Sagrera,63,970.62,22014.0,583,198,33.96,0.0441,Moderate
2020,9,Sant Andreu,61,la Sagrera,64,851.06,20946.0,491,5,1.02,0.0406,Moderate
2020,9,Sant Andreu,61,la Sagrera,65,851.15,18688.0,883,81,9.17,0.0455,Pressured
2020,9,Sant Andreu,61,la Sagrera,66,897.8,20825.0,643,71,11.04,0.0431,Moderate
2020,9,Sant Andreu,61,la Sagrera,67,848.36,17718.0,696,185,26.58,0.0479,Pressured
2020,9,Sant Andreu,61,la Sagrera,68,881.86,20641.0,718,126,17.55,0.0427,Moderate
2020,9,Sant Andreu,61,la Sagrera,69,823.48,20504.0,440,0,0.0,0.0402,Affordable
2020,9,Sant Andreu,61,la Sagrera,70,766.14,14203.0,836,703,84.09,0.0539,Critical
2020,9,Sant Andreu,61,la Sagrera,71,770.41,17884.0,844,240,28.44,0.0431,Moderate
2020,9,Sant Andreu,61,la Sagrera,72,719.06,15029.0,728,476,65.38,0.0478,Pressured
2020,9,Sant Andreu,61,la Sagrera,73,801.47,19288.0,651,45,6.91,0.0416,Moderate
2020,9,Sant Andreu,61,la Sagrera,156,734.82,18030.0,524,0,0.0,0.0408,Moderate
2020,9,Sant Andreu,62,el Congrés i els Indians,74,764.0,18192.0,816,152,18.63,0.042,Moderate
2020,9,Sant Andreu,62,el Congrés i els Indians,75,720.21,17587.0,644,116,18.01,0.041,Moderate
2020,9,Sant Andreu,62,el Congrés i els Indians,76,760.48,18335.0,722,52,7.2,0.0415,Moderate
2020,9,Sant Andreu,62,el Congrés i els Indians,77,780.76,18869.0,812,240,29.56,0.0414,Moderate
2020,9,Sant Andreu,62,el Congrés i els Indians,78,790.47,17976.0,690,228,33.04,0.044,Moderate
2020,9,Sant Andreu,62,el Congrés i els Indians,79,813.98,19983.0,818,286,34.96,0.0407,Moderate
2020,9,Sant Andreu,62,el Congrés i els Indians,80,796.83,18749.0,655,156,23.82,0.0425,Moderate
2020,9,Sant Andreu,62,el Congrés i els Indians,81,821.07,19053.0,896,380,42.41,0.0431,Moderate
2020,9,Sant Andreu,62,el Congrés i els Indians,82,779.52,18603.0,1003,367,36.59,0.0419,Moderate
2020,9,Sant Andreu,63,Navas,83,787.61,20229.0,828,270,32.61,0.0389,Affordable
2020,9,Sant Andreu,63,Navas,84,815.34,21812.0,891,149,16.72,0.0374,Affordable
2020,9,Sant Andreu,63,Navas,85,788.45,20068.0,835,190,22.75,0.0393,Affordable
2020,9,Sant Andreu,63,Navas,86,762.66,18643.0,666,135,20.27,0.0409,Moderate
2020,9,Sant Andreu,63,Navas,87,801.85,20742.0,576,34,5.9,0.0387,Affordable
2020,9,Sant Andreu,63,Navas,88,832.92,17512.0,977,382,39.1,0.0476,Pressured
2020,9,Sant Andreu,63,Navas,89,737.26,17786.0,720,236,32.78,0.0415,Moderate
2020,9,Sant Andreu,63,Navas,90,832.66,18286.0,714,140,19.61,0.0455,Pressured
2020,9,Sant Andreu,63,Navas,91,845.68,19023.0,790,52,6.58,0.0445,Pressured
2020,9,Sant Andreu,63,Navas,92,848.53,18864.0,835,82,9.82,0.045,Pressured
2020,9,Sant Andreu,63,Navas,93,853.43,19364.0,586,68,11.6,0.0441,Moderate
2020,9,Sant Andreu,63,Navas,94,866.68,19011.0,928,111,11.96,0.0456,Pressured
2020,9,Sant Andreu,63,Navas,95,877.2,18992.0,927,167,18.02,0.0462,Pressured
2020,10,Sant Martí,64,Camp de l'Arpa del Clot,1,831.73,17511.0,800,295,36.88,0.0475,Pressured
2020,10,Sant Martí,64,Camp de l'Arpa del Clot,2,844.05,18915.0,909,349,38.39,0.0446,Pressured
2020,10,Sant Martí,64,Camp de l'Arpa del Clot,3,860.14,19553.0,829,362,43.67,0.044,Moderate
2020,10,Sant Martí,64,Camp de l'Arpa del Clot,4,840.13,19629.0,749,208,27.77,0.0428,Moderate
2020,10,Sant Martí,64,Camp de l'Arpa del Clot,5,885.93,19994.0,774,221,28.55,0.0443,Moderate
2020,10,Sant Martí,64,Camp de l'Arpa del Clot,6,859.46,22080.0,919,235,25.57,0.0389,Affordable
2020,10,Sant Martí,64,Camp de l'Arpa del Clot,7,874.37,25441.0,673,87,12.93,0.0344,Affordable
2020,10,Sant Martí,64,Camp de l'Arpa del Clot,8,909.22,19399.0,971,395,40.68,0.0469,Pressured
2020,10,Sant Martí,64,Camp de l'Arpa del Clot,9,892.8,20283.0,932,414,44.42,0.044,Moderate
2020,10,Sant Martí,64,Camp de l'Arpa del Clot,10,872.0,18830.0,984,436,44.31,0.0463,Pressured
2020,10,Sant Martí,64,Camp de l'Arpa del Clot,11,945.09,22635.0,648,217,33.49,0.0418,Moderate
2020,10,Sant Martí,64,Camp de l'Arpa del Clot,12,903.85,21239.0,910,216,23.74,0.0426,Moderate
2020,10,Sant Martí,64,Camp de l'Arpa del Clot,13,846.14,19745.0,773,261,33.76,0.0429,Moderate
2020,10,Sant Martí,64,Camp de l'Arpa del Clot,14,853.29,18912.0,783,193,24.65,0.0451,Pressured
2020,10,Sant Martí,64,Camp de l'Arpa del Clot,15,928.8,20361.0,976,199,20.39,0.0456,Pressured
2020,10,Sant Martí,64,Camp de l'Arpa del Clot,16,909.76,21320.0,577,144,24.96,0.0427,Moderate
2020,10,Sant Martí,64,Camp de l'Arpa del Clot,17,876.92,19592.0,844,123,14.57,0.0448,Pressured
2020,10,Sant Martí,64,Camp de l'Arpa del Clot,18,858.58,18818.0,791,349,44.12,0.0456,Pressured
2020,10,Sant Martí,64,Camp de l'Arpa del Clot,19,871.28,20182.0,778,198,25.45,0.0432,Moderate
2020,10,Sant Martí,64,Camp de l'Arpa del Clot,20,827.42,16873.0,698,196,28.08,0.049,Critical
2020,10,Sant Martí,64,Camp de l'Arpa del Clot,21,826.41,17927.0,673,221,32.84,0.0461,Pressured
2020,10,Sant Martí,64,Camp de l'Arpa del Clot,22,837.55,19449.0,748,301,40.24,0.0431,Moderate
2020,10,Sant Martí,64,Camp de l'Arpa del Clot,23,829.7,19090.0,751,303,40.35,0.0435,Moderate
2020,10,Sant Martí,64,Camp de l'Arpa del Clot,24,856.9,20864.0,764,355,46.47,0.0411,Moderate
2020,10,Sant Martí,64,Camp de l'Arpa del Clot,25,868.16,19058.0,704,269,38.21,0.0456,Pressured
2020,10,Sant Martí,65,el Clot,26,893.86,18518.0,756,250,33.07,0.0483,Pressured
2020,10,Sant Martí,65,el Clot,27,891.45,20347.0,768,254,33.07,0.0438,Moderate
2020,10,Sant Martí,65,el Clot,28,895.46,18868.0,807,265,32.84,0.0475,Pressured
2020,10,Sant Martí,65,el Clot,29,855.33,18231.0,636,139,21.86,0.0469,Pressured
2020,10,Sant Martí,65,el Clot,30,855.7,19044.0,752,41,5.45,0.0449,Pressured
2020,10,Sant Martí,65,el Clot,31,873.49,19699.0,823,474,57.59,0.0443,Moderate
2020,10,Sant Martí,65,el Clot,32,827.06,20695.0,629,124,19.71,0.04,Affordable
2020,10,Sant Martí,65,el Clot,33,924.12,22656.0,423,96,22.7,0.0408,Moderate
2020,10,Sant Martí,65,el Clot,34,870.6,18504.0,785,135,17.2,0.047,Pressured
2020,10,Sant Martí,65,el Clot,35,1005.08,21657.0,778,129,16.58,0.0464,Pressured
2020,10,Sant Martí,65,el Clot,36,959.14,22283.0,642,212,33.02,0.043,Moderate
2020,10,Sant Martí,65,el Clot,37,854.16,15169.0,452,56,12.39,0.0563,Critical
2020,10,Sant Martí,65,el Clot,38,863.91,19346.0,807,184,22.8,0.0447,Pressured
2020,10,Sant Martí,65,el Clot,39,844.89,17760.0,868,211,24.31,0.0476,Pressured
2020,10,Sant Martí,65,el Clot,40,875.09,19202.0,908,363,39.98,0.0456,Pressured
2020,10,Sant Martí,65,el Clot,41,867.98,18704.0,786,182,23.16,0.0464,Pressured
2020,10,Sant Martí,65,el Clot,234,916.96,19083.0,800,22,2.75,0.0481,Pressured
2020,10,Sant Martí,66,el Parc i la Llacuna del Poblenou,42,842.94,17525.0,1674,346,20.67,0.0481,Pressured
2020,10,Sant Martí,66,el Parc i la Llacuna del Poblenou,43,636.42,18361.0,951,338,35.54,0.0347,Affordable
2020,10,Sant Martí,66,el Parc i la Llacuna del Poblenou,44,801.22,20448.0,796,173,21.73,0.0392,Affordable
2020,10,Sant Martí,66,el Parc i la Llacuna del Poblenou,45,1054.86,22812.0,589,81,13.75,0.0462,Pressured
2020,10,Sant Martí,66,el Parc i la Llacuna del Poblenou,46,1068.04,22882.0,640,112,17.5,0.0467,Pressured
2020,10,Sant Martí,66,el Parc i la Llacuna del Poblenou,47,1131.64,22391.0,793,97,12.23,0.0505,Critical
2020,10,Sant Martí,66,el Parc i la Llacuna del Poblenou,48,976.77,23362.0,860,241,28.02,0.0418,Moderate
2020,10,Sant Martí,66,el Parc i la Llacuna del Poblenou,49,889.86,20761.0,573,57,9.95,0.0429,Moderate
2020,10,Sant Martí,66,el Parc i la Llacuna del Poblenou,50,954.56,21771.0,718,40,5.57,0.0438,Moderate
2020,10,Sant Martí,67,la Vila Olímpica del Poblenou,51,1207.33,23442.0,727,96,13.2,0.0515,Critical
2020,10,Sant Martí,67,la Vila Olímpica del Poblenou,52,1272.15,29160.0,1319,609,46.17,0.0436,Moderate
2020,10,Sant Martí,67,la Vila Olímpica del Poblenou,53,1396.53,34687.0,971,324,33.37,0.0403,Affordable
2020,10,Sant Martí,67,la Vila Olímpica del Poblenou,54,1187.19,28144.0,483,42,8.7,0.0422,Moderate
2020,10,Sant Martí,67,la Vila Olímpica del Poblenou,55,1508.17,30297.0,1153,64,5.55,0.0498,Critical
2020,10,Sant Martí,68,el Poblenou,56,508.75,17927.0,1068,506,47.38,0.0284,Affordable
2020,10,Sant Martí,68,el Poblenou,57,574.78,18906.0,751,376,50.07,0.0304,Affordable
2020,10,Sant Martí,68,el Poblenou,58,556.21,17999.0,581,259,44.58,0.0309,Affordable
2020,10,Sant Martí,68,el Poblenou,59,1465.14,20997.0,1024,501,48.93,0.0698,Critical
2020,10,Sant Martí,68,el Poblenou,60,1024.9,18546.0,959,440,45.88,0.0553,Critical
2020,10,Sant Martí,68,el Poblenou,61,1019.5,22841.0,854,137,16.04,0.0446,Pressured
2020,10,Sant Martí,68,el Poblenou,62,1028.93,22629.0,746,109,14.61,0.0455,Pressured
2020,10,Sant Martí,68,el Poblenou,63,1020.29,21941.0,500,105,21.0,0.0465,Pressured
2020,10,Sant Martí,68,el Poblenou,64,941.64,22796.0,899,222,24.69,0.0413,Moderate
2020,10,Sant Martí,68,el Poblenou,65,1025.08,21976.0,825,189,22.91,0.0466,Pressured
2020,10,Sant Martí,68,el Poblenou,66,1035.08,21172.0,965,241,24.97,0.0489,Critical
2020,10,Sant Martí,68,el Poblenou,67,1284.27,28211.0,766,88,11.49,0.0455,Pressured
2020,10,Sant Martí,68,el Poblenou,68,1214.49,24071.0,653,73,11.18,0.0505,Critical
2020,10,Sant Martí,68,el Poblenou,69,1078.12,24882.0,1251,558,44.6,0.0433,Moderate
2020,10,Sant Martí,68,el Poblenou,70,1030.01,19666.0,837,413,49.34,0.0524,Critical
2020,10,Sant Martí,68,el Poblenou,71,1147.28,22881.0,763,124,16.25,0.0501,Critical
2020,10,Sant Martí,68,el Poblenou,72,1025.56,20111.0,977,403,41.25,0.051,Critical
2020,10,Sant Martí,68,el Poblenou,73,1002.52,18302.0,709,206,29.06,0.0548,Critical
2020,10,Sant Martí,68,el Poblenou,74,1006.27,18364.0,832,320,38.46,0.0548,Critical
2020,10,Sant Martí,68,el Poblenou,75,1006.36,18038.0,678,244,35.99,0.0558,Critical
2020,10,Sant Martí,69,Diagonal Mar i el Front Marítim del Poblenou,76,995.76,23953.0,855,226,26.43,0.0416,Moderate
2020,10,Sant Martí,69,Diagonal Mar i el Front Marítim del Poblenou,77,1128.63,26114.0,901,204,22.64,0.0432,Moderate
2020,10,Sant Martí,69,Diagonal Mar i el Front Marítim del Poblenou,78,1680.47,26661.0,1081,82,7.59,0.063,Critical
2020,10,Sant Martí,69,Diagonal Mar i el Front Marítim del Poblenou,79,1302.01,22186.0,702,31,4.42,0.0587,Critical
2020,10,Sant Martí,69,Diagonal Mar i el Front Marítim del Poblenou,80,2057.02,32487.0,1301,14,1.08,0.0633,Critical
2020,10,Sant Martí,69,Diagonal Mar i el Front Marítim del Poblenou,235,846.51,16587.0,675,227,33.63,0.051,Critical
2020,10,Sant Martí,69,Diagonal Mar i el Front Marítim del Poblenou,236,816.63,17203.0,781,70,8.96,0.0475,Pressured
2020,10,Sant Martí,70,el Besòs i el Maresme,81,678.71,13980.0,1000,485,48.5,0.0485,Pressured
2020,10,Sant Martí,70,el Besòs i el Maresme,82,436.14,9083.0,720,661,91.81,0.048,Pressured
2020,10,Sant Martí,70,el Besòs i el Maresme,83,453.95,7652.0,789,633,80.23,0.0593,Critical
2020,10,Sant Martí,70,el Besòs i el Maresme,84,488.16,11024.0,649,420,64.71,0.0443,Moderate
2020,10,Sant Martí,70,el Besòs i el Maresme,85,465.49,9680.0,868,461,53.11,0.0481,Pressured
2020,10,Sant Martí,70,el Besòs i el Maresme,86,507.85,11677.0,954,447,46.86,0.0435,Moderate
2020,10,Sant Martí,70,el Besòs i el Maresme,87,485.05,11450.0,779,181,23.23,0.0424,Moderate
2020,10,Sant Martí,70,el Besòs i el Maresme,88,738.28,15858.0,690,14,2.03,0.0466,Pressured
2020,10,Sant Martí,70,el Besòs i el Maresme,89,452.67,11921.0,712,476,66.85,0.038,Affordable
2020,10,Sant Martí,70,el Besòs i el Maresme,90,496.01,13148.0,596,16,2.68,0.0377,Affordable
2020,10,Sant Martí,70,el Besòs i el Maresme,91,511.08,14909.0,889,52,5.85,0.0343,Affordable
2020,10,Sant Martí,70,el Besòs i el Maresme,92,824.01,18432.0,617,1,0.16,0.0447,Pressured
2020,10,Sant Martí,70,el Besòs i el Maresme,93,525.27,19095.0,500,45,9.0,0.0275,Affordable
2020,10,Sant Martí,71,Provençals del Poblenou,94,873.69,21361.0,1467,438,29.86,0.0409,Moderate
2020,10,Sant Martí,71,Provençals del Poblenou,95,959.02,16919.0,599,230,38.4,0.0567,Critical
2020,10,Sant Martí,71,Provençals del Poblenou,96,1036.27,22311.0,588,30,5.1,0.0464,Pressured
2020,10,Sant Martí,71,Provençals del Poblenou,97,1042.55,22575.0,466,121,25.97,0.0462,Pressured
2020,10,Sant Martí,71,Provençals del Poblenou,98,989.14,20552.0,685,12,1.75,0.0481,Pressured
2020,10,Sant Martí,71,Provençals del Poblenou,99,1022.57,14003.0,430,8,1.86,0.073,Critical
2020,10,Sant Martí,71,Provençals del Poblenou,100,543.41,16575.0,700,72,10.29,0.0328,Affordable
2020,10,Sant Martí,71,Provençals del Poblenou,101,693.21,16678.0,724,161,22.24,0.0416,Moderate
2020,10,Sant Martí,71,Provençals del Poblenou,102,696.79,16042.0,1186,106,8.94,0.0434,Moderate
2020,10,Sant Martí,71,Provençals del Poblenou,103,734.66,18026.0,956,50,5.23,0.0408,Moderate
2020,10,Sant Martí,71,Provençals del Poblenou,104,733.48,20541.0,635,0,0.0,0.0357,Affordable
2020,10,Sant Martí,71,Provençals del Poblenou,237,668.8,15844.0,344,197,57.27,0.0422,Moderate
2020,10,Sant Martí,72,Sant Martí de Provençals,105,770.2,18927.0,948,284,29.96,0.0407,Moderate
2020,10,Sant Martí,72,Sant Martí de Provençals,106,705.28,17965.0,461,73,15.84,0.0393,Affordable
2020,10,Sant Martí,72,Sant Martí de Provençals,107,779.21,23305.0,699,102,14.59,0.0334,Affordable
2020,10,Sant Martí,72,Sant Martí de Provençals,108,738.84,17291.0,623,90,14.45,0.0427,Moderate
2020,10,Sant Martí,72,Sant Martí de Provençals,109,694.56,16390.0,706,146,20.68,0.0424,Moderate
2020,10,Sant Martí,72,Sant Martí de Provençals,110,697.03,16033.0,759,153,20.16,0.0435,Moderate
2020,10,Sant Martí,72,Sant Martí de Provençals,111,697.66,16781.0,582,21,3.61,0.0416,Moderate
2020,10,Sant Martí,72,Sant Martí de Provençals,112,642.06,21604.0,632,1,0.16,0.0297,Affordable
2020,10,Sant Martí,72,Sant Martí de Provençals,113,656.36,17139.0,509,16,3.14,0.0383,Affordable
2020,10,Sant Martí,72,Sant Martí de Provençals,114,628.21,14588.0,638,2,0.31,0.0431,Moderate
2020,10,Sant Martí,72,Sant Martí de Provençals,115,649.9,15860.0,621,19,3.06,0.041,Moderate
2020,10,Sant Martí,72,Sant Martí de Provençals,116,622.35,14771.0,868,264,30.41,0.0421,Moderate
2020,10,Sant Martí,72,Sant Martí de Provençals,117,649.71,16925.0,568,1,0.18,0.0384,Affordable
2020,10,Sant Martí,72,Sant Martí de Provençals,118,695.13,21408.0,409,1,0.24,0.0325,Affordable
2020,10,Sant Martí,72,Sant Martí de Provençals,119,690.53,15500.0,577,448,77.64,0.0446,Pressured
2020,10,Sant Martí,72,Sant Martí de Provençals,120,668.32,16498.0,750,74,9.87,0.0405,Affordable
2020,10,Sant Martí,72,Sant Martí de Provençals,121,662.3,15771.0,733,157,21.42,0.042,Moderate
2020,10,Sant Martí,72,Sant Martí de Provençals,122,710.08,19735.0,611,0,0.0,0.036,Affordable
2020,10,Sant Martí,73,la Verneda i la Pau,123,701.94,17578.0,593,175,29.51,0.0399,Affordable
2020,10,Sant Martí,73,la Verneda i la Pau,124,755.81,18175.0,462,1,0.22,0.0416,Moderate
2020,10,Sant Martí,73,la Verneda i la Pau,125,729.07,16138.0,489,40,8.18,0.0452,Pressured
2020,10,Sant Martí,73,la Verneda i la Pau,126,569.22,17725.0,440,7,1.59,0.0321,Affordable
2020,10,Sant Martí,73,la Verneda i la Pau,127,826.31,18466.0,435,145,33.33,0.0447,Pressured
2020,10,Sant Martí,73,la Verneda i la Pau,128,744.2,18976.0,740,27,3.65,0.0392,Affordable
2020,10,Sant Martí,73,la Verneda i la Pau,129,684.5,19023.0,479,0,0.0,0.036,Affordable
2020,10,Sant Martí,73,la Verneda i la Pau,130,618.92,17691.0,581,1,0.17,0.035,Affordable
2020,10,Sant Martí,73,la Verneda i la Pau,131,685.07,21036.0,436,4,0.92,0.0326,Affordable
2020,10,Sant Martí,73,la Verneda i la Pau,132,627.34,16525.0,524,1,0.19,0.038,Affordable
2020,10,Sant Martí,73,la Verneda i la Pau,133,628.88,15129.0,867,125,14.42,0.0416,Moderate
2020,10,Sant Martí,73,la Verneda i la Pau,134,620.93,15512.0,798,548,68.67,0.04,Affordable
2020,10,Sant Martí,73,la Verneda i la Pau,135,612.79,15768.0,560,56,10.0,0.0389,Affordable
2020,10,Sant Martí,73,la Verneda i la Pau,136,497.98,16512.0,599,9,1.5,0.0302,Affordable
2020,10,Sant Martí,73,la Verneda i la Pau,137,479.08,14113.0,645,37,5.74,0.0339,Affordable
2020,10,Sant Martí,73,la Verneda i la Pau,138,490.07,12409.0,776,442,56.96,0.0395,Affordable
2020,10,Sant Martí,73,la Verneda i la Pau,139,495.17,13584.0,764,545,71.34,0.0365,Affordable
2020,10,Sant Martí,73,la Verneda i la Pau,140,464.57,13591.0,690,161,23.33,0.0342,Affordable
2020,10,Sant Martí,73,la Verneda i la Pau,141,525.66,14069.0,473,90,19.03,0.0374,Affordable
2020,10,Sant Martí,73,la Verneda i la Pau,142,501.31,12887.0,671,326,48.58,0.0389,Affordable
2020,10,Sant Martí,73,la Verneda i la Pau,143,454.12,14683.0,1045,475,45.45,0.0309,Affordable
2021,1,Ciutat Vella,1,el Raval,1,978.89,14078.0,808,435,53.84,0.0695,Critical
2021,1,Ciutat Vella,1,el Raval,2,903.03,11484.0,728,383,52.61,0.0786,Critical
2021,1,Ciutat Vella,1,el Raval,3,847.35,11867.0,1338,847,63.3,0.0714,Critical
2021,1,Ciutat Vella,1,el Raval,4,873.36,13949.0,1462,749,51.23,0.0626,Critical
2021,1,Ciutat Vella,1,el Raval,5,895.52,12281.0,1291,473,36.64,0.0729,Critical
2021,1,Ciutat Vella,1,el Raval,6,785.27,12955.0,918,394,42.92,0.0606,Critical
2021,1,Ciutat Vella,1,el Raval,7,828.19,12622.0,888,422,47.52,0.0656,Critical
2021,1,Ciutat Vella,1,el Raval,8,806.7,9689.0,1258,950,75.52,0.0833,Critical
2021,1,Ciutat Vella,1,el Raval,9,823.14,12680.0,1049,627,59.77,0.0649,Critical
2021,1,Ciutat Vella,1,el Raval,10,767.55,11307.0,965,757,78.45,0.0679,Critical
2021,1,Ciutat Vella,1,el Raval,11,846.29,10282.0,1561,1185,75.91,0.0823,Critical
2021,1,Ciutat Vella,1,el Raval,12,911.08,13482.0,1057,702,66.41,0.0676,Critical
2021,1,Ciutat Vella,1,el Raval,13,916.56,13660.0,623,243,39.0,0.0671,Critical
2021,1,Ciutat Vella,1,el Raval,14,851.52,12805.0,811,470,57.95,0.0665,Critical
2021,1,Ciutat Vella,1,el Raval,15,868.45,13307.0,1089,670,61.52,0.0653,Critical
2021,1,Ciutat Vella,1,el Raval,16,865.18,12296.0,1093,724,66.24,0.0704,Critical
2021,1,Ciutat Vella,1,el Raval,17,803.38,11515.0,1186,839,70.74,0.0698,Critical
2021,1,Ciutat Vella,1,el Raval,18,912.1,12492.0,699,312,44.64,0.073,Critical
2021,1,Ciutat Vella,1,el Raval,19,961.31,12257.0,1603,898,56.02,0.0784,Critical
2021,1,Ciutat Vella,1,el Raval,20,937.12,18752.0,1350,385,28.52,0.05,Critical
2021,1,Ciutat Vella,1,el Raval,21,1196.48,18319.0,1572,609,38.74,0.0653,Critical
2021,1,Ciutat Vella,2,el Gòtic,22,1496.55,18620.0,905,211,23.31,0.0804,Critical
2021,1,Ciutat Vella,2,el Gòtic,23,1232.32,19182.0,1564,555,35.49,0.0642,Critical
2021,1,Ciutat Vella,2,el Gòtic,25,1044.86,17927.0,1098,379,34.52,0.0583,Critical
2021,1,Ciutat Vella,2,el Gòtic,26,938.0,18698.0,1075,418,38.88,0.0502,Critical
2021,1,Ciutat Vella,2,el Gòtic,27,932.76,17056.0,1039,325,31.28,0.0547,Critical
2021,1,Ciutat Vella,2,el Gòtic,28,1134.14,15908.0,1334,511,38.31,0.0713,Critical
2021,1,Ciutat Vella,2,el Gòtic,29,897.29,14641.0,904,309,34.18,0.0613,Critical
2021,1,Ciutat Vella,2,el Gòtic,30,942.23,14322.0,1381,376,27.23,0.0658,Critical
2021,1,Ciutat Vella,2,el Gòtic,31,939.44,14769.0,1184,446,37.67,0.0636,Critical
2021,1,Ciutat Vella,3,la Barceloneta,32,1224.59,19389.0,1264,987,78.09,0.0632,Critical
2021,1,Ciutat Vella,3,la Barceloneta,33,1230.2,16538.0,709,589,83.07,0.0744,Critical
2021,1,Ciutat Vella,3,la Barceloneta,34,1196.15,16958.0,703,646,91.89,0.0705,Critical
2021,1,Ciutat Vella,3,la Barceloneta,35,1181.35,16658.0,773,712,92.11,0.0709,Critical
2021,1,Ciutat Vella,3,la Barceloneta,36,1365.77,17156.0,789,519,65.78,0.0796,Critical
2021,1,Ciutat Vella,3,la Barceloneta,37,1160.04,16969.0,673,382,56.76,0.0684,Critical
2021,1,Ciutat Vella,3,la Barceloneta,38,1170.93,15459.0,929,859,92.47,0.0757,Critical
2021,1,Ciutat Vella,3,la Barceloneta,39,1182.7,17049.0,783,454,57.98,0.0694,Critical
2021,1,Ciutat Vella,3,la Barceloneta,40,1277.46,16848.0,705,580,82.27,0.0758,Critical
2021,1,Ciutat Vella,3,la Barceloneta,41,1184.67,15394.0,1030,944,91.65,0.077,Critical
2021,1,Ciutat Vella,3,la Barceloneta,42,1270.68,17189.0,865,426,49.25,0.0739,Critical
2021,1,Ciutat Vella,4,"Sant Pere, Santa Caterina i la Ribera",43,1215.11,23062.0,1193,359,30.09,0.0527,Critical
2021,1,Ciutat Vella,4,"Sant Pere, Santa Caterina i la Ribera",44,1111.33,20646.0,962,320,33.26,0.0538,Critical
2021,1,Ciutat Vella,4,"Sant Pere, Santa Caterina i la Ribera",45,1017.58,18230.0,1489,760,51.04,0.0558,Critical
2021,1,Ciutat Vella,4,"Sant Pere, Santa Caterina i la Ribera",46,1096.62,15912.0,1261,574,45.52,0.0689,Critical
2021,1,Ciutat Vella,4,"Sant Pere, Santa Caterina i la Ribera",47,972.19,17115.0,1273,741,58.21,0.0568,Critical
2021,1,Ciutat Vella,4,"Sant Pere, Santa Caterina i la Ribera",48,946.58,13759.0,1359,776,57.1,0.0688,Critical
2021,1,Ciutat Vella,4,"Sant Pere, Santa Caterina i la Ribera",49,1040.9,16439.0,770,227,29.48,0.0633,Critical
2021,1,Ciutat Vella,4,"Sant Pere, Santa Caterina i la Ribera",50,943.53,17371.0,930,483,51.94,0.0543,Critical
2021,1,Ciutat Vella,4,"Sant Pere, Santa Caterina i la Ribera",51,913.03,15382.0,1119,722,64.52,0.0594,Critical
2021,1,Ciutat Vella,4,"Sant Pere, Santa Caterina i la Ribera",52,1074.63,22594.0,1367,294,21.51,0.0476,Critical
2021,1,Ciutat Vella,4,"Sant Pere, Santa Caterina i la Ribera",53,979.76,15936.0,1338,812,60.69,0.0615,Critical
2021,1,Ciutat Vella,4,"Sant Pere, Santa Caterina i la Ribera",54,1037.03,17440.0,867,546,62.98,0.0595,Critical
2021,1,Ciutat Vella,4,"Sant Pere, Santa Caterina i la Ribera",55,1070.43,21846.0,684,176,25.73,0.049,Critical
2021,2,Eixample,5,el Fort Pienc,1,1120.99,22212.0,601,186,30.95,0.0505,Critical
2021,2,Eixample,5,el Fort Pienc,2,1109.48,23104.0,905,226,24.97,0.048,Critical
2021,2,Eixample,5,el Fort Pienc,3,1082.86,26143.0,537,147,27.37,0.0414,Moderate
2021,2,Eixample,5,el Fort Pienc,4,1041.83,18609.0,658,38,5.78,0.056,Critical
2021,2,Eixample,5,el Fort Pienc,5,1089.05,25143.0,1015,66,6.5,0.0433,Pressured
2021,2,Eixample,5,el Fort Pienc,6,1192.39,25482.0,844,66,7.82,0.0468,Critical
2021,2,Eixample,5,el Fort Pienc,7,1193.88,26654.0,616,136,22.08,0.0448,Pressured
2021,2,Eixample,5,el Fort Pienc,8,1085.96,24362.0,851,49,5.76,0.0446,Pressured
2021,2,Eixample,5,el Fort Pienc,9,1091.81,24055.0,825,200,24.24,0.0454,Pressured
2021,2,Eixample,5,el Fort Pienc,10,1001.0,22418.0,546,31,5.68,0.0447,Pressured
2021,2,Eixample,5,el Fort Pienc,11,1086.24,23833.0,571,116,20.32,0.0456,Pressured
2021,2,Eixample,5,el Fort Pienc,12,1038.24,19562.0,713,91,12.76,0.0531,Critical
2021,2,Eixample,5,el Fort Pienc,13,957.37,20872.0,603,262,43.45,0.0459,Pressured
2021,2,Eixample,5,el Fort Pienc,14,974.8,19198.0,693,104,15.01,0.0508,Critical
2021,2,Eixample,5,el Fort Pienc,15,988.91,19464.0,766,201,26.24,0.0508,Critical
2021,2,Eixample,5,el Fort Pienc,16,1055.15,25178.0,949,215,22.66,0.0419,Moderate
2021,2,Eixample,5,el Fort Pienc,17,1151.87,24674.0,948,103,10.86,0.0467,Critical
2021,2,Eixample,5,el Fort Pienc,18,1154.43,24423.0,953,131,13.75,0.0473,Critical
2021,2,Eixample,5,el Fort Pienc,19,1098.06,23025.0,972,101,10.39,0.0477,Critical
2021,2,Eixample,5,el Fort Pienc,20,1041.82,20774.0,820,400,48.78,0.0502,Critical
2021,2,Eixample,6,la Sagrada Família,21,957.61,22338.0,817,273,33.41,0.0429,Pressured
2021,2,Eixample,6,la Sagrada Família,22,982.46,22629.0,630,124,19.68,0.0434,Pressured
2021,2,Eixample,6,la Sagrada Família,23,1027.51,24019.0,539,171,31.73,0.0428,Pressured
2021,2,Eixample,6,la Sagrada Família,24,947.81,21612.0,637,166,26.06,0.0439,Pressured
2021,2,Eixample,6,la Sagrada Família,25,1033.25,21850.0,673,244,36.26,0.0473,Critical
2021,2,Eixample,6,la Sagrada Família,26,1042.46,23112.0,1072,284,26.49,0.0451,Pressured
2021,2,Eixample,6,la Sagrada Família,27,1029.39,22491.0,1003,111,11.07,0.0458,Pressured
2021,2,Eixample,6,la Sagrada Família,28,1019.1,22451.0,1125,415,36.89,0.0454,Pressured
2021,2,Eixample,6,la Sagrada Família,29,1017.99,23699.0,610,91,14.92,0.043,Pressured
2021,2,Eixample,6,la Sagrada Família,30,996.32,18932.0,636,93,14.62,0.0526,Critical
2021,2,Eixample,6,la Sagrada Família,31,1069.6,23826.0,510,71,13.92,0.0449,Pressured
2021,2,Eixample,6,la Sagrada Família,32,925.12,23115.0,546,134,24.54,0.04,Moderate
2021,2,Eixample,6,la Sagrada Família,33,1028.2,22115.0,645,260,40.31,0.0465,Critical
2021,2,Eixample,6,la Sagrada Família,34,1018.06,20205.0,666,270,40.54,0.0504,Critical
2021,2,Eixample,6,la Sagrada Família,35,1030.47,22915.0,702,92,13.11,0.045,Pressured
2021,2,Eixample,6,la Sagrada Família,36,1026.0,24861.0,592,150,25.34,0.0413,Moderate
2021,2,Eixample,6,la Sagrada Família,37,1060.95,24638.0,584,122,20.89,0.0431,Pressured
2021,2,Eixample,6,la Sagrada Família,38,1072.31,25801.0,792,260,32.83,0.0416,Moderate
2021,2,Eixample,6,la Sagrada Família,39,1040.42,22122.0,932,232,24.89,0.047,Critical
2021,2,Eixample,6,la Sagrada Família,40,1021.61,20475.0,886,405,45.71,0.0499,Critical
2021,2,Eixample,6,la Sagrada Família,41,1047.22,22432.0,843,259,30.72,0.0467,Critical
2021,2,Eixample,6,la Sagrada Família,42,1049.1,25331.0,789,59,7.48,0.0414,Moderate
2021,2,Eixample,6,la Sagrada Família,43,1110.63,23801.0,691,107,15.48,0.0467,Critical
2021,2,Eixample,6,la Sagrada Família,44,1042.24,19817.0,588,144,24.49,0.0526,Critical
2021,2,Eixample,6,la Sagrada Família,45,1063.24,23485.0,579,191,32.99,0.0453,Pressured
2021,2,Eixample,6,la Sagrada Família,46,982.54,21091.0,1036,123,11.87,0.0466,Critical
2021,2,Eixample,6,la Sagrada Família,47,1073.18,21774.0,909,190,20.9,0.0493,Critical
2021,2,Eixample,6,la Sagrada Família,48,1066.19,21011.0,629,122,19.4,0.0507,Critical
2021,2,Eixample,6,la Sagrada Família,49,1085.79,20986.0,1147,489,42.63,0.0517,Critical
2021,2,Eixample,6,la Sagrada Família,50,1014.25,22580.0,950,363,38.21,0.0449,Pressured
2021,2,Eixample,6,la Sagrada Família,51,914.65,20006.0,1104,261,23.64,0.0457,Pressured
2021,2,Eixample,6,la Sagrada Família,52,1158.1,24098.0,1052,311,29.56,0.0481,Critical
2021,2,Eixample,6,la Sagrada Família,53,1151.73,24523.0,1120,320,28.57,0.047,Critical
2021,2,Eixample,6,la Sagrada Família,54,1127.65,22826.0,1017,204,20.06,0.0494,Critical
2021,2,Eixample,7,la Dreta de l'Eixample,55,1156.3,24007.0,1041,175,16.81,0.0482,Critical
2021,2,Eixample,7,la Dreta de l'Eixample,56,1187.49,24798.0,760,141,18.55,0.0479,Critical
2021,2,Eixample,7,la Dreta de l'Eixample,57,1259.39,26967.0,634,45,7.1,0.0467,Critical
2021,2,Eixample,7,la Dreta de l'Eixample,58,1231.23,27565.0,776,78,10.05,0.0447,Pressured
2021,2,Eixample,7,la Dreta de l'Eixample,59,1237.55,25711.0,830,65,7.83,0.0481,Critical
2021,2,Eixample,7,la Dreta de l'Eixample,60,1170.94,26057.0,934,117,12.53,0.0449,Pressured
2021,2,Eixample,7,la Dreta de l'Eixample,61,1220.89,24689.0,767,243,31.68,0.0495,Critical
2021,2,Eixample,7,la Dreta de l'Eixample,62,1257.66,28213.0,849,80,9.42,0.0446,Pressured
2021,2,Eixample,7,la Dreta de l'Eixample,63,1335.68,33059.0,667,47,7.05,0.0404,Moderate
2021,2,Eixample,7,la Dreta de l'Eixample,64,1296.82,31026.0,680,43,6.32,0.0418,Moderate
2021,2,Eixample,7,la Dreta de l'Eixample,65,1262.34,25900.0,1005,139,13.83,0.0487,Critical
2021,2,Eixample,7,la Dreta de l'Eixample,66,1155.27,25366.0,916,160,17.47,0.0455,Pressured
2021,2,Eixample,7,la Dreta de l'Eixample,67,1135.34,22974.0,1064,326,30.64,0.0494,Critical
2021,2,Eixample,7,la Dreta de l'Eixample,68,1180.15,22729.0,902,178,19.73,0.0519,Critical
2021,2,Eixample,7,la Dreta de l'Eixample,69,1277.9,27173.0,730,87,11.92,0.047,Critical
2021,2,Eixample,7,la Dreta de l'Eixample,70,1235.92,29594.0,777,132,16.99,0.0418,Moderate
2021,2,Eixample,7,la Dreta de l'Eixample,71,1269.87,29651.0,917,69,7.52,0.0428,Pressured
2021,2,Eixample,7,la Dreta de l'Eixample,72,1306.93,32269.0,614,46,7.49,0.0405,Moderate
2021,2,Eixample,7,la Dreta de l'Eixample,73,1243.71,28980.0,929,124,13.35,0.0429,Pressured
2021,2,Eixample,7,la Dreta de l'Eixample,74,1187.63,28142.0,729,58,7.96,0.0422,Pressured
2021,2,Eixample,7,la Dreta de l'Eixample,75,1220.44,27285.0,757,105,13.87,0.0447,Pressured
2021,2,Eixample,7,la Dreta de l'Eixample,76,1264.97,28973.0,919,97,10.55,0.0437,Pressured
2021,2,Eixample,7,la Dreta de l'Eixample,77,1847.19,25481.0,1307,195,14.92,0.0725,Critical
2021,2,Eixample,7,la Dreta de l'Eixample,78,2000.68,28068.0,1071,202,18.86,0.0713,Critical
2021,2,Eixample,7,la Dreta de l'Eixample,79,1808.69,31309.0,1140,133,11.67,0.0578,Critical
2021,2,Eixample,7,la Dreta de l'Eixample,80,1794.01,28545.0,1076,146,13.57,0.0628,Critical
2021,2,Eixample,7,la Dreta de l'Eixample,81,1844.63,29295.0,1632,161,9.87,0.063,Critical
2021,2,Eixample,7,la Dreta de l'Eixample,82,1813.82,28844.0,735,67,9.12,0.0629,Critical
2021,2,Eixample,7,la Dreta de l'Eixample,83,1784.59,30455.0,1460,218,14.93,0.0586,Critical
2021,2,Eixample,8,l'Antiga Esquerra de l'Eixample,84,1276.04,26867.0,1281,192,14.99,0.0475,Critical
2021,2,Eixample,8,l'Antiga Esquerra de l'Eixample,85,1298.25,28515.0,1056,118,11.17,0.0455,Pressured
2021,2,Eixample,8,l'Antiga Esquerra de l'Eixample,86,1256.31,29864.0,863,75,8.69,0.0421,Pressured
2021,2,Eixample,8,l'Antiga Esquerra de l'Eixample,87,1254.92,27825.0,851,133,15.63,0.0451,Pressured
2021,2,Eixample,8,l'Antiga Esquerra de l'Eixample,88,1301.07,29526.0,1019,183,17.96,0.0441,Pressured
2021,2,Eixample,8,l'Antiga Esquerra de l'Eixample,89,1269.67,28363.0,1136,186,16.37,0.0448,Pressured
2021,2,Eixample,8,l'Antiga Esquerra de l'Eixample,90,1251.62,23960.0,985,185,18.78,0.0522,Critical
2021,2,Eixample,8,l'Antiga Esquerra de l'Eixample,91,1265.84,26268.0,1150,181,15.74,0.0482,Critical
2021,2,Eixample,8,l'Antiga Esquerra de l'Eixample,92,1233.0,23993.0,1014,179,17.65,0.0514,Critical
2021,2,Eixample,8,l'Antiga Esquerra de l'Eixample,93,1275.29,26481.0,876,133,15.18,0.0482,Critical
2021,2,Eixample,8,l'Antiga Esquerra de l'Eixample,94,1302.03,26044.0,780,99,12.69,0.05,Critical
2021,2,Eixample,8,l'Antiga Esquerra de l'Eixample,95,1226.33,24969.0,805,153,19.01,0.0491,Critical
2021,2,Eixample,8,l'Antiga Esquerra de l'Eixample,96,1255.36,24587.0,751,155,20.64,0.0511,Critical
2021,2,Eixample,8,l'Antiga Esquerra de l'Eixample,97,1249.78,23614.0,686,208,30.32,0.0529,Critical
2021,2,Eixample,8,l'Antiga Esquerra de l'Eixample,98,1240.07,24930.0,857,84,9.8,0.0497,Critical
2021,2,Eixample,8,l'Antiga Esquerra de l'Eixample,99,1251.97,26995.0,798,125,15.66,0.0464,Critical
2021,2,Eixample,8,l'Antiga Esquerra de l'Eixample,100,1346.09,26707.0,742,143,19.27,0.0504,Critical
2021,2,Eixample,8,l'Antiga Esquerra de l'Eixample,101,1281.29,24782.0,1135,167,14.71,0.0517,Critical
2021,2,Eixample,8,l'Antiga Esquerra de l'Eixample,102,1275.63,28881.0,742,77,10.38,0.0442,Pressured
2021,2,Eixample,8,l'Antiga Esquerra de l'Eixample,103,1285.23,23385.0,1005,305,30.35,0.055,Critical
2021,2,Eixample,8,l'Antiga Esquerra de l'Eixample,104,1337.18,27819.0,595,11,1.85,0.0481,Critical
2021,2,Eixample,8,l'Antiga Esquerra de l'Eixample,105,1252.62,23308.0,1180,100,8.47,0.0537,Critical
2021,2,Eixample,8,l'Antiga Esquerra de l'Eixample,106,1282.39,28715.0,837,224,26.76,0.0447,Pressured
2021,2,Eixample,8,l'Antiga Esquerra de l'Eixample,107,1335.03,27926.0,975,87,8.92,0.0478,Critical
2021,2,Eixample,8,l'Antiga Esquerra de l'Eixample,108,1410.63,29334.0,893,123,13.77,0.0481,Critical
2021,2,Eixample,8,l'Antiga Esquerra de l'Eixample,109,1398.73,31469.0,1163,68,5.85,0.0444,Pressured
2021,2,Eixample,9,la Nova Esquerra de l'Eixample,110,1244.67,25222.0,1116,296,26.52,0.0493,Critical
2021,2,Eixample,9,la Nova Esquerra de l'Eixample,111,1217.99,25808.0,1004,251,25.0,0.0472,Critical
2021,2,Eixample,9,la Nova Esquerra de l'Eixample,112,1396.06,31712.0,654,17,2.6,0.044,Pressured
2021,2,Eixample,9,la Nova Esquerra de l'Eixample,113,1243.83,28898.0,1131,48,4.24,0.043,Pressured
2021,2,Eixample,9,la Nova Esquerra de l'Eixample,114,1161.4,25042.0,884,81,9.16,0.0464,Critical
2021,2,Eixample,9,la Nova Esquerra de l'Eixample,115,1108.15,24515.0,761,170,22.34,0.0452,Pressured
2021,2,Eixample,9,la Nova Esquerra de l'Eixample,116,1211.4,29896.0,501,29,5.79,0.0405,Moderate
2021,2,Eixample,9,la Nova Esquerra de l'Eixample,117,1223.62,24953.0,615,46,7.48,0.049,Critical
2021,2,Eixample,9,la Nova Esquerra de l'Eixample,118,1283.22,28135.0,701,70,9.99,0.0456,Pressured
2021,2,Eixample,9,la Nova Esquerra de l'Eixample,119,1143.6,26797.0,637,44,6.91,0.0427,Pressured
2021,2,Eixample,9,la Nova Esquerra de l'Eixample,120,1143.41,26045.0,629,156,24.8,0.0439,Pressured
2021,2,Eixample,9,la Nova Esquerra de l'Eixample,121,1172.37,26931.0,642,164,25.55,0.0435,Pressured
2021,2,Eixample,9,la Nova Esquerra de l'Eixample,122,1190.49,28023.0,541,123,22.74,0.0425,Pressured
2021,2,Eixample,9,la Nova Esquerra de l'Eixample,123,1141.15,26221.0,645,200,31.01,0.0435,Pressured
2021,2,Eixample,9,la Nova Esquerra de l'Eixample,124,1141.86,27144.0,571,72,12.61,0.0421,Pressured
2021,2,Eixample,9,la Nova Esquerra de l'Eixample,125,1260.8,24347.0,835,61,7.31,0.0518,Critical
2021,2,Eixample,9,la Nova Esquerra de l'Eixample,126,1204.0,25323.0,743,55,7.4,0.0475,Critical
2021,2,Eixample,9,la Nova Esquerra de l'Eixample,127,1128.01,24517.0,733,273,37.24,0.046,Pressured
2021,2,Eixample,9,la Nova Esquerra de l'Eixample,128,1163.67,22726.0,696,266,38.22,0.0512,Critical
2021,2,Eixample,9,la Nova Esquerra de l'Eixample,129,1197.39,24474.0,785,217,27.64,0.0489,Critical
2021,2,Eixample,9,la Nova Esquerra de l'Eixample,130,1384.35,34607.0,505,7,1.39,0.04,Moderate
2021,2,Eixample,9,la Nova Esquerra de l'Eixample,131,1139.56,24194.0,612,67,10.95,0.0471,Critical
2021,2,Eixample,9,la Nova Esquerra de l'Eixample,132,1158.57,25939.0,539,150,27.83,0.0447,Pressured
2021,2,Eixample,9,la Nova Esquerra de l'Eixample,133,1183.12,26593.0,443,15,3.39,0.0445,Pressured
2021,2,Eixample,9,la Nova Esquerra de l'Eixample,134,1190.95,23760.0,762,227,29.79,0.0501,Critical
2021,2,Eixample,9,la Nova Esquerra de l'Eixample,135,1118.31,22921.0,1143,390,34.12,0.0488,Critical
2021,2,Eixample,9,la Nova Esquerra de l'Eixample,136,1143.82,25908.0,438,97,22.15,0.0441,Pressured
2021,2,Eixample,9,la Nova Esquerra de l'Eixample,137,1151.51,22544.0,718,179,24.93,0.0511,Critical
2021,2,Eixample,9,la Nova Esquerra de l'Eixample,138,1162.24,24697.0,963,115,11.94,0.0471,Critical
2021,2,Eixample,9,la Nova Esquerra de l'Eixample,139,1154.68,23602.0,970,318,32.78,0.0489,Critical
2021,2,Eixample,9,la Nova Esquerra de l'Eixample,140,1102.38,24467.0,984,123,12.5,0.0451,Pressured
2021,2,Eixample,9,la Nova Esquerra de l'Eixample,141,1074.11,22558.0,617,124,20.1,0.0476,Critical
2021,2,Eixample,9,la Nova Esquerra de l'Eixample,142,1114.85,21474.0,1085,263,24.24,0.0519,Critical
2021,2,Eixample,9,la Nova Esquerra de l'Eixample,143,1084.57,23105.0,737,144,19.54,0.0469,Critical
2021,2,Eixample,9,la Nova Esquerra de l'Eixample,144,1110.41,26474.0,764,29,3.8,0.0419,Moderate
2021,2,Eixample,9,la Nova Esquerra de l'Eixample,145,1117.26,22442.0,629,84,13.35,0.0498,Critical
2021,2,Eixample,9,la Nova Esquerra de l'Eixample,146,1145.48,22879.0,538,43,7.99,0.0501,Critical
2021,2,Eixample,9,la Nova Esquerra de l'Eixample,147,1131.91,22816.0,1077,270,25.07,0.0496,Critical
2021,2,Eixample,9,la Nova Esquerra de l'Eixample,148,1134.46,25704.0,858,144,16.78,0.0441,Pressured
2021,2,Eixample,9,la Nova Esquerra de l'Eixample,149,1115.29,22617.0,901,133,14.76,0.0493,Critical
2021,2,Eixample,10,Sant Antoni,150,1069.79,20914.0,730,171,23.42,0.0512,Critical
2021,2,Eixample,10,Sant Antoni,151,1067.41,23467.0,765,156,20.39,0.0455,Pressured
2021,2,Eixample,10,Sant Antoni,152,1075.6,24730.0,638,107,16.77,0.0435,Pressured
2021,2,Eixample,10,Sant Antoni,153,1087.97,24418.0,659,96,14.57,0.0446,Pressured
2021,2,Eixample,10,Sant Antoni,154,1050.94,19818.0,531,146,27.5,0.053,Critical
2021,2,Eixample,10,Sant Antoni,155,1064.45,20923.0,885,139,15.71,0.0509,Critical
2021,2,Eixample,10,Sant Antoni,156,1123.91,23086.0,622,44,7.07,0.0487,Critical
2021,2,Eixample,10,Sant Antoni,157,1051.67,21638.0,594,157,26.43,0.0486,Critical
2021,2,Eixample,10,Sant Antoni,158,1056.74,22802.0,801,118,14.73,0.0463,Critical
2021,2,Eixample,10,Sant Antoni,159,1022.47,22363.0,931,96,10.31,0.0457,Pressured
2021,2,Eixample,10,Sant Antoni,160,1056.55,25518.0,1083,217,20.04,0.0414,Moderate
2021,2,Eixample,10,Sant Antoni,161,1033.46,22508.0,621,100,16.1,0.0459,Pressured
2021,2,Eixample,10,Sant Antoni,162,1045.87,21481.0,719,221,30.74,0.0487,Critical
2021,2,Eixample,10,Sant Antoni,163,1117.29,25116.0,995,96,9.65,0.0445,Pressured
2021,2,Eixample,10,Sant Antoni,164,1012.42,23542.0,1043,225,21.57,0.043,Pressured
2021,2,Eixample,10,Sant Antoni,165,1029.79,23323.0,993,243,24.47,0.0442,Pressured
2021,2,Eixample,10,Sant Antoni,166,1028.21,21918.0,1162,293,25.22,0.0469,Critical
2021,2,Eixample,10,Sant Antoni,167,1038.18,21697.0,1029,182,17.69,0.0478,Critical
2021,2,Eixample,10,Sant Antoni,168,1041.62,22593.0,1219,366,30.02,0.0461,Pressured
2021,2,Eixample,10,Sant Antoni,169,989.14,22389.0,831,212,25.51,0.0442,Pressured
2021,2,Eixample,10,Sant Antoni,170,1027.81,21670.0,786,96,12.21,0.0474,Critical
2021,2,Eixample,10,Sant Antoni,171,1072.33,20167.0,821,260,31.67,0.0532,Critical
2021,2,Eixample,10,Sant Antoni,172,1024.41,21268.0,871,318,36.51,0.0482,Critical
2021,2,Eixample,10,Sant Antoni,173,1057.97,22254.0,791,316,39.95,0.0475,Critical
2021,3,Sants-Montjuïc,11,el Poble Sec,1,962.98,18079.0,814,188,23.1,0.0533,Critical
2021,3,Sants-Montjuïc,11,el Poble Sec,2,859.98,16960.0,1006,618,61.43,0.0507,Critical
2021,3,Sants-Montjuïc,11,el Poble Sec,3,922.82,16095.0,782,473,60.49,0.0573,Critical
2021,3,Sants-Montjuïc,11,el Poble Sec,4,924.04,19162.0,790,366,46.33,0.0482,Critical
2021,3,Sants-Montjuïc,11,el Poble Sec,5,880.89,17691.0,678,286,42.18,0.0498,Critical
2021,3,Sants-Montjuïc,11,el Poble Sec,6,871.4,17516.0,668,310,46.41,0.0497,Critical
2021,3,Sants-Montjuïc,11,el Poble Sec,7,886.66,17955.0,790,427,54.05,0.0494,Critical
2021,3,Sants-Montjuïc,11,el Poble Sec,8,851.71,16563.0,616,379,61.53,0.0514,Critical
2021,3,Sants-Montjuïc,11,el Poble Sec,9,948.86,18654.0,566,231,40.81,0.0509,Critical
2021,3,Sants-Montjuïc,11,el Poble Sec,10,846.14,16074.0,702,229,32.62,0.0526,Critical
2021,3,Sants-Montjuïc,11,el Poble Sec,11,827.62,14722.0,872,653,74.89,0.0562,Critical
2021,3,Sants-Montjuïc,11,el Poble Sec,12,851.47,16897.0,1039,498,47.93,0.0504,Critical
2021,3,Sants-Montjuïc,11,el Poble Sec,13,791.3,16184.0,918,569,61.98,0.0489,Critical
2021,3,Sants-Montjuïc,11,el Poble Sec,14,832.2,15488.0,868,489,56.34,0.0537,Critical
2021,3,Sants-Montjuïc,11,el Poble Sec,15,862.19,16449.0,1460,634,43.42,0.0524,Critical
2021,3,Sants-Montjuïc,11,el Poble Sec,16,881.1,14998.0,595,205,34.45,0.0587,Critical
2021,3,Sants-Montjuïc,11,el Poble Sec,17,841.93,15010.0,851,559,65.69,0.0561,Critical
2021,3,Sants-Montjuïc,11,el Poble Sec,18,892.77,17743.0,722,226,31.3,0.0503,Critical
2021,3,Sants-Montjuïc,11,el Poble Sec,19,839.15,16535.0,690,287,41.59,0.0507,Critical
2021,3,Sants-Montjuïc,11,el Poble Sec,20,932.16,19877.0,566,25,4.42,0.0469,Critical
2021,3,Sants-Montjuïc,11,el Poble Sec,21,927.27,19139.0,491,116,23.63,0.0484,Critical
2021,3,Sants-Montjuïc,11,el Poble Sec,22,914.02,19205.0,718,299,41.64,0.0476,Critical
2021,3,Sants-Montjuïc,11,el Poble Sec,23,875.88,16449.0,846,498,58.87,0.0532,Critical
2021,3,Sants-Montjuïc,11,el Poble Sec,24,843.79,17206.0,1168,693,59.33,0.049,Critical
2021,3,Sants-Montjuïc,12,la Marina del Prat Vermell,25,627.73,15058.0,843,245,29.06,0.0417,Moderate
2021,3,Sants-Montjuïc,13,la Marina de Port,26,677.07,17451.0,464,8,1.72,0.0388,Moderate
2021,3,Sants-Montjuïc,13,la Marina de Port,27,844.13,19634.0,778,279,35.86,0.043,Pressured
2021,3,Sants-Montjuïc,13,la Marina de Port,28,956.74,21489.0,1156,275,23.79,0.0445,Pressured
2021,3,Sants-Montjuïc,13,la Marina de Port,29,771.31,16727.0,531,1,0.19,0.0461,Pressured
2021,3,Sants-Montjuïc,13,la Marina de Port,30,706.28,18904.0,704,52,7.39,0.0374,Affordable
2021,3,Sants-Montjuïc,13,la Marina de Port,31,703.82,17385.0,1017,109,10.72,0.0405,Moderate
2021,3,Sants-Montjuïc,13,la Marina de Port,32,771.29,16217.0,778,274,35.22,0.0476,Critical
2021,3,Sants-Montjuïc,13,la Marina de Port,33,669.14,13387.0,620,252,40.65,0.05,Critical
2021,3,Sants-Montjuïc,13,la Marina de Port,34,752.89,17197.0,619,94,15.19,0.0438,Pressured
2021,3,Sants-Montjuïc,13,la Marina de Port,35,719.28,19210.0,933,12,1.29,0.0374,Affordable
2021,3,Sants-Montjuïc,13,la Marina de Port,36,855.13,20796.0,1289,618,47.94,0.0411,Moderate
2021,3,Sants-Montjuïc,13,la Marina de Port,37,806.31,21003.0,484,145,29.96,0.0384,Moderate
2021,3,Sants-Montjuïc,13,la Marina de Port,38,529.85,13561.0,389,6,1.54,0.0391,Moderate
2021,3,Sants-Montjuïc,13,la Marina de Port,39,593.93,13002.0,1043,292,28.0,0.0457,Pressured
2021,3,Sants-Montjuïc,13,la Marina de Port,211,790.64,18373.0,557,34,6.1,0.043,Pressured
2021,3,Sants-Montjuïc,13,la Marina de Port,212,726.14,17071.0,1039,67,6.45,0.0425,Pressured
2021,3,Sants-Montjuïc,13,la Marina de Port,213,671.85,14529.0,931,177,19.01,0.0462,Critical
2021,3,Sants-Montjuïc,14,la Font de la Guatlla,40,878.14,22942.0,752,56,7.45,0.0383,Moderate
2021,3,Sants-Montjuïc,14,la Font de la Guatlla,41,840.54,19544.0,632,117,18.51,0.043,Pressured
2021,3,Sants-Montjuïc,14,la Font de la Guatlla,42,904.49,19252.0,742,390,52.56,0.047,Critical
2021,3,Sants-Montjuïc,14,la Font de la Guatlla,43,869.77,21312.0,758,195,25.73,0.0408,Moderate
2021,3,Sants-Montjuïc,14,la Font de la Guatlla,44,843.38,18204.0,913,202,22.12,0.0463,Critical
2021,3,Sants-Montjuïc,14,la Font de la Guatlla,45,859.2,21158.0,598,240,40.13,0.0406,Moderate
2021,3,Sants-Montjuïc,14,la Font de la Guatlla,46,920.09,23562.0,677,78,11.52,0.039,Moderate
2021,3,Sants-Montjuïc,15,Hostafrancs,47,894.77,19498.0,932,335,35.94,0.0459,Pressured
2021,3,Sants-Montjuïc,15,Hostafrancs,48,922.0,23314.0,761,247,32.46,0.0395,Moderate
2021,3,Sants-Montjuïc,15,Hostafrancs,49,896.66,20518.0,883,345,39.07,0.0437,Pressured
2021,3,Sants-Montjuïc,15,Hostafrancs,50,883.26,21637.0,881,362,41.09,0.0408,Moderate
2021,3,Sants-Montjuïc,15,Hostafrancs,51,827.24,17096.0,898,391,43.54,0.0484,Critical
2021,3,Sants-Montjuïc,15,Hostafrancs,52,823.46,19310.0,683,302,44.22,0.0426,Pressured
2021,3,Sants-Montjuïc,15,Hostafrancs,53,849.1,18329.0,1087,397,36.52,0.0463,Critical
2021,3,Sants-Montjuïc,15,Hostafrancs,54,884.54,20804.0,793,171,21.56,0.0425,Pressured
2021,3,Sants-Montjuïc,15,Hostafrancs,55,887.33,20174.0,798,251,31.45,0.044,Pressured
2021,3,Sants-Montjuïc,15,Hostafrancs,56,862.95,19727.0,476,198,41.6,0.0437,Pressured
2021,3,Sants-Montjuïc,16,la Bordeta,57,821.77,19835.0,735,151,20.54,0.0414,Moderate
2021,3,Sants-Montjuïc,16,la Bordeta,58,923.99,24806.0,776,117,15.08,0.0372,Affordable
2021,3,Sants-Montjuïc,16,la Bordeta,59,827.76,18730.0,549,145,26.41,0.0442,Pressured
2021,3,Sants-Montjuïc,16,la Bordeta,60,863.58,21666.0,617,159,25.77,0.0399,Moderate
2021,3,Sants-Montjuïc,16,la Bordeta,61,817.51,19309.0,610,167,27.38,0.0423,Pressured
2021,3,Sants-Montjuïc,16,la Bordeta,62,766.88,20414.0,821,367,44.7,0.0376,Affordable
2021,3,Sants-Montjuïc,16,la Bordeta,63,840.55,19606.0,865,252,29.13,0.0429,Pressured
2021,3,Sants-Montjuïc,16,la Bordeta,64,890.7,21521.0,524,43,8.21,0.0414,Moderate
2021,3,Sants-Montjuïc,16,la Bordeta,65,866.81,20676.0,599,90,15.03,0.0419,Moderate
2021,3,Sants-Montjuïc,16,la Bordeta,66,809.91,18967.0,1019,118,11.58,0.0427,Pressured
2021,3,Sants-Montjuïc,16,la Bordeta,67,844.63,20664.0,736,74,10.05,0.0409,Moderate
2021,3,Sants-Montjuïc,16,la Bordeta,68,824.92,18080.0,564,142,25.18,0.0456,Pressured
2021,3,Sants-Montjuïc,16,la Bordeta,69,864.21,21934.0,531,113,21.28,0.0394,Moderate
2021,3,Sants-Montjuïc,17,Sants - Badal,70,768.05,17358.0,582,183,31.44,0.0442,Pressured
2021,3,Sants-Montjuïc,17,Sants - Badal,71,774.01,17647.0,675,360,53.33,0.0439,Pressured
2021,3,Sants-Montjuïc,17,Sants - Badal,72,758.28,18042.0,675,304,45.04,0.042,Moderate
2021,3,Sants-Montjuïc,17,Sants - Badal,73,820.7,21563.0,814,293,36.0,0.0381,Affordable
2021,3,Sants-Montjuïc,17,Sants - Badal,74,817.37,21186.0,863,272,31.52,0.0386,Moderate
2021,3,Sants-Montjuïc,17,Sants - Badal,75,788.12,18755.0,754,265,35.15,0.042,Moderate
2021,3,Sants-Montjuïc,17,Sants - Badal,76,770.05,18764.0,486,119,24.49,0.041,Moderate
2021,3,Sants-Montjuïc,17,Sants - Badal,77,768.55,18411.0,653,234,35.83,0.0417,Moderate
2021,3,Sants-Montjuïc,17,Sants - Badal,78,780.8,18667.0,785,268,34.14,0.0418,Moderate
2021,3,Sants-Montjuïc,17,Sants - Badal,79,800.26,17105.0,900,464,51.56,0.0468,Critical
2021,3,Sants-Montjuïc,17,Sants - Badal,80,829.72,19419.0,745,230,30.87,0.0427,Pressured
2021,3,Sants-Montjuïc,17,Sants - Badal,81,940.5,20387.0,918,174,18.95,0.0461,Pressured
2021,3,Sants-Montjuïc,17,Sants - Badal,82,952.14,22622.0,939,271,28.86,0.0421,Pressured
2021,3,Sants-Montjuïc,17,Sants - Badal,83,887.81,22470.0,681,207,30.4,0.0395,Moderate
2021,3,Sants-Montjuïc,17,Sants - Badal,84,939.96,22251.0,678,97,14.31,0.0422,Pressured
2021,3,Sants-Montjuïc,17,Sants - Badal,85,937.52,22531.0,728,300,41.21,0.0416,Moderate
2021,3,Sants-Montjuïc,18,Sants,86,1031.46,25914.0,605,39,6.45,0.0398,Moderate
2021,3,Sants-Montjuïc,18,Sants,87,909.41,23831.0,716,113,15.78,0.0382,Moderate
2021,3,Sants-Montjuïc,18,Sants,88,906.35,20352.0,722,170,23.55,0.0445,Pressured
2021,3,Sants-Montjuïc,18,Sants,89,906.36,23212.0,651,167,25.65,0.039,Moderate
2021,3,Sants-Montjuïc,18,Sants,90,891.43,25837.0,503,84,16.7,0.0345,Affordable
2021,3,Sants-Montjuïc,18,Sants,91,812.44,22112.0,734,254,34.6,0.0367,Affordable
2021,3,Sants-Montjuïc,18,Sants,92,824.03,22129.0,657,329,50.08,0.0372,Affordable
2021,3,Sants-Montjuïc,18,Sants,93,909.38,22556.0,751,342,45.54,0.0403,Moderate
2021,3,Sants-Montjuïc,18,Sants,94,897.17,23565.0,699,276,39.48,0.0381,Affordable
2021,3,Sants-Montjuïc,18,Sants,95,852.6,21557.0,848,414,48.82,0.0396,Moderate
2021,3,Sants-Montjuïc,18,Sants,96,819.76,20304.0,810,379,46.79,0.0404,Moderate
2021,3,Sants-Montjuïc,18,Sants,97,796.98,15920.0,841,522,62.07,0.0501,Critical
2021,3,Sants-Montjuïc,18,Sants,98,797.73,17810.0,713,322,45.16,0.0448,Pressured
2021,3,Sants-Montjuïc,18,Sants,99,703.06,21601.0,609,307,50.41,0.0325,Affordable
2021,3,Sants-Montjuïc,18,Sants,100,774.03,20190.0,717,240,33.47,0.0383,Moderate
2021,3,Sants-Montjuïc,18,Sants,101,799.33,21483.0,711,301,42.33,0.0372,Affordable
2021,3,Sants-Montjuïc,18,Sants,102,818.16,20458.0,687,325,47.31,0.04,Moderate
2021,3,Sants-Montjuïc,18,Sants,103,877.12,20816.0,574,121,21.08,0.0421,Pressured
2021,3,Sants-Montjuïc,18,Sants,104,809.09,20223.0,756,244,32.28,0.04,Moderate
2021,3,Sants-Montjuïc,18,Sants,105,839.05,20268.0,694,242,34.87,0.0414,Moderate
2021,3,Sants-Montjuïc,18,Sants,106,788.72,21141.0,721,292,40.5,0.0373,Affordable
2021,3,Sants-Montjuïc,18,Sants,107,904.89,21567.0,833,274,32.89,0.042,Moderate
2021,3,Sants-Montjuïc,18,Sants,108,845.96,21068.0,874,266,30.43,0.0402,Moderate
2021,3,Sants-Montjuïc,18,Sants,109,866.23,22245.0,853,341,39.98,0.0389,Moderate
2021,3,Sants-Montjuïc,18,Sants,110,885.42,23209.0,869,392,45.11,0.0381,Affordable
2021,3,Sants-Montjuïc,18,Sants,111,953.03,23327.0,697,237,34.0,0.0409,Moderate
2021,3,Sants-Montjuïc,18,Sants,112,1043.46,24281.0,951,170,17.88,0.043,Pressured
2021,3,Sants-Montjuïc,18,Sants,113,921.15,27046.0,782,46,5.88,0.0341,Affordable
2021,3,Sants-Montjuïc,18,Sants,114,1207.61,25919.0,717,56,7.81,0.0466,Critical
2021,4,Les Corts,19,les Corts,1,1167.6,24917.0,620,159,25.65,0.0469,Critical
2021,4,Les Corts,19,les Corts,2,1228.1,27353.0,923,101,10.94,0.0449,Pressured
2021,4,Les Corts,19,les Corts,3,1104.13,26867.0,563,94,16.7,0.0411,Moderate
2021,4,Les Corts,19,les Corts,4,1092.52,24760.0,567,145,25.57,0.0441,Pressured
2021,4,Les Corts,19,les Corts,5,1087.13,24400.0,602,96,15.95,0.0446,Pressured
2021,4,Les Corts,19,les Corts,6,1074.84,25256.0,630,190,30.16,0.0426,Pressured
2021,4,Les Corts,19,les Corts,7,1099.99,21523.0,536,240,44.78,0.0511,Critical
2021,4,Les Corts,19,les Corts,8,1084.32,22616.0,578,254,43.94,0.0479,Critical
2021,4,Les Corts,19,les Corts,9,1083.98,24657.0,775,356,45.94,0.044,Pressured
2021,4,Les Corts,19,les Corts,10,1259.11,27060.0,415,70,16.87,0.0465,Critical
2021,4,Les Corts,19,les Corts,11,1288.15,29023.0,839,26,3.1,0.0444,Pressured
2021,4,Les Corts,19,les Corts,12,1207.03,26780.0,666,27,4.05,0.0451,Pressured
2021,4,Les Corts,19,les Corts,13,1227.45,28956.0,599,82,13.69,0.0424,Pressured
2021,4,Les Corts,19,les Corts,14,1313.67,30761.0,434,158,36.41,0.0427,Pressured
2021,4,Les Corts,19,les Corts,15,1244.95,27281.0,923,220,23.84,0.0456,Pressured
2021,4,Les Corts,19,les Corts,16,1214.59,29063.0,531,83,15.63,0.0418,Moderate
2021,4,Les Corts,19,les Corts,17,1265.61,27452.0,686,136,19.83,0.0461,Pressured
2021,4,Les Corts,19,les Corts,18,1301.98,29262.0,768,69,8.98,0.0445,Pressured
2021,4,Les Corts,19,les Corts,19,1434.42,33466.0,685,37,5.4,0.0429,Pressured
2021,4,Les Corts,19,les Corts,20,1302.58,28814.0,671,18,2.68,0.0452,Pressured
2021,4,Les Corts,19,les Corts,21,1421.69,31507.0,803,188,23.41,0.0451,Pressured
2021,4,Les Corts,19,les Corts,22,1256.56,27660.0,946,350,37.0,0.0454,Pressured
2021,4,Les Corts,19,les Corts,23,1902.31,39901.0,455,10,2.2,0.0477,Critical
2021,4,Les Corts,19,les Corts,24,1859.63,36104.0,417,29,6.95,0.0515,Critical
2021,4,Les Corts,19,les Corts,25,1195.19,26652.0,668,216,32.34,0.0448,Pressured
2021,4,Les Corts,19,les Corts,26,1203.34,28151.0,639,148,23.16,0.0427,Pressured
2021,4,Les Corts,19,les Corts,27,1224.73,30349.0,838,230,27.45,0.0404,Moderate
2021,4,Les Corts,19,les Corts,28,1186.91,27506.0,695,115,16.55,0.0432,Pressured
2021,4,Les Corts,19,les Corts,29,1302.61,30116.0,568,41,7.22,0.0433,Pressured
2021,4,Les Corts,19,les Corts,30,1274.89,28646.0,822,67,8.15,0.0445,Pressured
2021,4,Les Corts,19,les Corts,31,1129.93,25273.0,767,301,39.24,0.0447,Pressured
2021,4,Les Corts,19,les Corts,32,1106.66,24195.0,767,146,19.04,0.0457,Pressured
2021,4,Les Corts,19,les Corts,33,1097.65,24230.0,614,152,24.76,0.0453,Pressured
2021,4,Les Corts,19,les Corts,34,1281.68,29611.0,625,27,4.32,0.0433,Pressured
2021,4,Les Corts,19,les Corts,35,1123.22,28431.0,674,2,0.3,0.0395,Moderate
2021,4,Les Corts,20,la Maternitat i Sant Ramon,36,960.28,22945.0,868,47,5.41,0.0419,Moderate
2021,4,Les Corts,20,la Maternitat i Sant Ramon,37,1003.17,24944.0,997,45,4.51,0.0402,Moderate
2021,4,Les Corts,20,la Maternitat i Sant Ramon,38,980.28,25069.0,593,84,14.17,0.0391,Moderate
2021,4,Les Corts,20,la Maternitat i Sant Ramon,39,989.99,23147.0,640,267,41.72,0.0428,Pressured
2021,4,Les Corts,20,la Maternitat i Sant Ramon,40,921.79,19302.0,850,364,42.82,0.0478,Critical
2021,4,Les Corts,20,la Maternitat i Sant Ramon,41,925.83,21058.0,709,288,40.62,0.044,Pressured
2021,4,Les Corts,20,la Maternitat i Sant Ramon,42,965.35,20063.0,908,180,19.82,0.0481,Critical
2021,4,Les Corts,20,la Maternitat i Sant Ramon,43,1172.11,28219.0,784,28,3.57,0.0415,Moderate
2021,4,Les Corts,20,la Maternitat i Sant Ramon,44,1025.17,22250.0,896,310,34.6,0.0461,Pressured
2021,4,Les Corts,20,la Maternitat i Sant Ramon,45,1111.73,21944.0,707,96,13.58,0.0507,Critical
2021,4,Les Corts,20,la Maternitat i Sant Ramon,46,1168.7,31985.0,1083,11,1.02,0.0365,Affordable
2021,4,Les Corts,20,la Maternitat i Sant Ramon,47,1125.28,26305.0,854,78,9.13,0.0428,Pressured
2021,4,Les Corts,20,la Maternitat i Sant Ramon,48,1198.6,28741.0,717,63,8.79,0.0417,Moderate
2021,4,Les Corts,20,la Maternitat i Sant Ramon,49,1430.93,34566.0,534,27,5.06,0.0414,Moderate
2021,4,Les Corts,20,la Maternitat i Sant Ramon,84,1252.16,29725.0,651,26,3.99,0.0421,Pressured
2021,4,Les Corts,21,Pedralbes,50,1687.47,39439.0,852,38,4.46,0.0428,Pressured
2021,4,Les Corts,21,Pedralbes,51,1659.43,30114.0,841,68,8.09,0.0551,Critical
2021,4,Les Corts,21,Pedralbes,52,1696.12,39671.0,1016,72,7.09,0.0428,Pressured
2021,4,Les Corts,21,Pedralbes,53,1649.02,25038.0,744,95,12.77,0.0659,Critical
2021,4,Les Corts,21,Pedralbes,54,1661.95,36196.0,505,42,8.32,0.0459,Pressured
2021,4,Les Corts,21,Pedralbes,55,1377.86,40374.0,770,58,7.53,0.0341,Affordable
2021,4,Les Corts,21,Pedralbes,56,1851.47,34298.0,1377,446,32.39,0.054,Critical
2021,5,Sarrià-Sant Gervasi,22,"Vallvidrera, el Tibidabo i les Planes",1,850.94,20050.0,1264,727,57.52,0.0424,Pressured
2021,5,Sarrià-Sant Gervasi,22,"Vallvidrera, el Tibidabo i les Planes",2,1023.56,30351.0,995,216,21.71,0.0337,Affordable
2021,5,Sarrià-Sant Gervasi,22,"Vallvidrera, el Tibidabo i les Planes",3,1026.09,31213.0,810,202,24.94,0.0329,Affordable
2021,5,Sarrià-Sant Gervasi,23,Sarrià,4,1465.23,35806.0,650,128,19.69,0.0409,Moderate
2021,5,Sarrià-Sant Gervasi,23,Sarrià,5,1416.19,35215.0,772,328,42.49,0.0402,Moderate
2021,5,Sarrià-Sant Gervasi,23,Sarrià,6,1668.13,40524.0,847,82,9.68,0.0412,Moderate
2021,5,Sarrià-Sant Gervasi,23,Sarrià,7,1382.13,32783.0,815,262,32.15,0.0422,Pressured
2021,5,Sarrià-Sant Gervasi,23,Sarrià,8,1596.11,34996.0,915,257,28.09,0.0456,Pressured
2021,5,Sarrià-Sant Gervasi,23,Sarrià,9,1473.18,30155.0,879,284,32.31,0.0489,Critical
2021,5,Sarrià-Sant Gervasi,23,Sarrià,10,1400.28,28302.0,804,258,32.09,0.0495,Critical
2021,5,Sarrià-Sant Gervasi,23,Sarrià,11,1350.25,33953.0,786,227,28.88,0.0398,Moderate
2021,5,Sarrià-Sant Gervasi,23,Sarrià,12,1393.91,28444.0,828,255,30.8,0.049,Critical
2021,5,Sarrià-Sant Gervasi,23,Sarrià,13,1449.32,30719.0,901,294,32.63,0.0472,Critical
2021,5,Sarrià-Sant Gervasi,23,Sarrià,14,1580.23,33565.0,918,285,31.05,0.0471,Critical
2021,5,Sarrià-Sant Gervasi,23,Sarrià,15,1539.76,31060.0,766,91,11.88,0.0496,Critical
2021,5,Sarrià-Sant Gervasi,23,Sarrià,16,1522.47,26427.0,909,23,2.53,0.0576,Critical
2021,5,Sarrià-Sant Gervasi,23,Sarrià,17,1516.77,40065.0,690,30,4.35,0.0379,Affordable
2021,5,Sarrià-Sant Gervasi,23,Sarrià,18,1687.02,30494.0,555,21,3.78,0.0553,Critical
2021,5,Sarrià-Sant Gervasi,23,Sarrià,19,1614.12,35835.0,679,20,2.95,0.045,Pressured
2021,5,Sarrià-Sant Gervasi,24,les Tres Torres,20,1591.39,35429.0,609,258,42.36,0.0449,Pressured
2021,5,Sarrià-Sant Gervasi,24,les Tres Torres,21,1939.64,40447.0,660,40,6.06,0.048,Critical
2021,5,Sarrià-Sant Gervasi,24,les Tres Torres,22,1640.89,39468.0,769,117,15.21,0.0416,Moderate
2021,5,Sarrià-Sant Gervasi,24,les Tres Torres,23,1549.87,27236.0,772,121,15.67,0.0569,Critical
2021,5,Sarrià-Sant Gervasi,24,les Tres Torres,24,1562.92,37641.0,844,93,11.02,0.0415,Moderate
2021,5,Sarrià-Sant Gervasi,24,les Tres Torres,25,1502.08,40197.0,509,29,5.7,0.0374,Affordable
2021,5,Sarrià-Sant Gervasi,24,les Tres Torres,26,1526.61,40494.0,587,39,6.64,0.0377,Affordable
2021,5,Sarrià-Sant Gervasi,24,les Tres Torres,27,1528.17,40515.0,581,27,4.65,0.0377,Affordable
2021,5,Sarrià-Sant Gervasi,24,les Tres Torres,28,1545.63,34924.0,559,25,4.47,0.0443,Pressured
2021,5,Sarrià-Sant Gervasi,24,les Tres Torres,29,1557.19,40483.0,646,29,4.49,0.0385,Moderate
2021,5,Sarrià-Sant Gervasi,24,les Tres Torres,30,1549.08,40454.0,536,23,4.29,0.0383,Moderate
2021,5,Sarrià-Sant Gervasi,25,Sant Gervasi - la Bonanova,31,1650.14,40376.0,775,108,13.94,0.0409,Moderate
2021,5,Sarrià-Sant Gervasi,25,Sant Gervasi - la Bonanova,32,2011.1,40558.0,1071,166,15.5,0.0496,Critical
2021,5,Sarrià-Sant Gervasi,25,Sant Gervasi - la Bonanova,33,1666.3,34274.0,802,109,13.59,0.0486,Critical
2021,5,Sarrià-Sant Gervasi,25,Sant Gervasi - la Bonanova,34,1420.75,33024.0,619,70,11.31,0.043,Pressured
2021,5,Sarrià-Sant Gervasi,25,Sant Gervasi - la Bonanova,35,1299.77,39238.0,494,25,5.06,0.0331,Affordable
2021,5,Sarrià-Sant Gervasi,25,Sant Gervasi - la Bonanova,36,1299.01,36741.0,714,21,2.94,0.0354,Affordable
2021,5,Sarrià-Sant Gervasi,25,Sant Gervasi - la Bonanova,37,1276.28,27842.0,698,109,15.62,0.0458,Pressured
2021,5,Sarrià-Sant Gervasi,25,Sant Gervasi - la Bonanova,38,1321.92,29744.0,762,278,36.48,0.0444,Pressured
2021,5,Sarrià-Sant Gervasi,25,Sant Gervasi - la Bonanova,39,1313.2,37059.0,626,20,3.19,0.0354,Affordable
2021,5,Sarrià-Sant Gervasi,25,Sant Gervasi - la Bonanova,40,1299.37,28146.0,833,271,32.53,0.0462,Critical
2021,5,Sarrià-Sant Gervasi,25,Sant Gervasi - la Bonanova,41,1315.75,32092.0,840,252,30.0,0.041,Moderate
2021,5,Sarrià-Sant Gervasi,25,Sant Gervasi - la Bonanova,42,1331.49,29573.0,701,181,25.82,0.045,Pressured
2021,5,Sarrià-Sant Gervasi,25,Sant Gervasi - la Bonanova,43,1314.4,28972.0,837,196,23.42,0.0454,Pressured
2021,5,Sarrià-Sant Gervasi,25,Sant Gervasi - la Bonanova,44,1243.27,32322.0,691,130,18.81,0.0385,Moderate
2021,5,Sarrià-Sant Gervasi,25,Sant Gervasi - la Bonanova,45,1349.59,33058.0,684,67,9.8,0.0408,Moderate
2021,5,Sarrià-Sant Gervasi,25,Sant Gervasi - la Bonanova,46,1610.17,39858.0,436,16,3.67,0.0404,Moderate
2021,5,Sarrià-Sant Gervasi,25,Sant Gervasi - la Bonanova,47,1381.25,34602.0,517,32,6.19,0.0399,Moderate
2021,5,Sarrià-Sant Gervasi,25,Sant Gervasi - la Bonanova,48,1365.93,35688.0,607,109,17.96,0.0383,Moderate
2021,5,Sarrià-Sant Gervasi,26,Sant Gervasi - Galvany,49,1382.76,38074.0,741,78,10.53,0.0363,Affordable
2021,5,Sarrià-Sant Gervasi,26,Sant Gervasi - Galvany,50,1292.38,31662.0,878,137,15.6,0.0408,Moderate
2021,5,Sarrià-Sant Gervasi,26,Sant Gervasi - Galvany,51,1303.53,36374.0,723,35,4.84,0.0358,Affordable
2021,5,Sarrià-Sant Gervasi,26,Sant Gervasi - Galvany,52,1366.63,40390.0,617,37,6.0,0.0338,Affordable
2021,5,Sarrià-Sant Gervasi,26,Sant Gervasi - Galvany,53,1653.92,40439.0,601,11,1.83,0.0409,Moderate
2021,5,Sarrià-Sant Gervasi,26,Sant Gervasi - Galvany,54,1617.3,40497.0,429,7,1.63,0.0399,Moderate
2021,5,Sarrià-Sant Gervasi,26,Sant Gervasi - Galvany,55,1690.36,40486.0,563,9,1.6,0.0418,Moderate
2021,5,Sarrià-Sant Gervasi,26,Sant Gervasi - Galvany,56,1695.71,34042.0,647,25,3.86,0.0498,Critical
2021,5,Sarrià-Sant Gervasi,26,Sant Gervasi - Galvany,57,1716.95,39653.0,927,28,3.02,0.0433,Pressured
2021,5,Sarrià-Sant Gervasi,26,Sant Gervasi - Galvany,58,1752.55,38359.0,757,11,1.45,0.0457,Pressured
2021,5,Sarrià-Sant Gervasi,26,Sant Gervasi - Galvany,59,1712.4,32988.0,1002,131,13.07,0.0519,Critical
2021,5,Sarrià-Sant Gervasi,26,Sant Gervasi - Galvany,60,1564.2,36768.0,526,12,2.28,0.0425,Pressured
2021,5,Sarrià-Sant Gervasi,26,Sant Gervasi - Galvany,61,1382.38,30827.0,1011,405,40.06,0.0448,Pressured
2021,5,Sarrià-Sant Gervasi,26,Sant Gervasi - Galvany,62,1306.04,34657.0,896,231,25.78,0.0377,Affordable
2021,5,Sarrià-Sant Gervasi,26,Sant Gervasi - Galvany,63,1295.61,34831.0,874,102,11.67,0.0372,Affordable
2021,5,Sarrià-Sant Gervasi,26,Sant Gervasi - Galvany,64,1304.18,32588.0,970,274,28.25,0.04,Moderate
2021,5,Sarrià-Sant Gervasi,26,Sant Gervasi - Galvany,65,1338.34,29181.0,932,106,11.37,0.0459,Pressured
2021,5,Sarrià-Sant Gervasi,26,Sant Gervasi - Galvany,66,1351.5,34616.0,779,69,8.86,0.039,Moderate
2021,5,Sarrià-Sant Gervasi,26,Sant Gervasi - Galvany,67,1385.59,33736.0,851,60,7.05,0.0411,Moderate
2021,5,Sarrià-Sant Gervasi,26,Sant Gervasi - Galvany,68,1343.87,31753.0,1064,221,20.77,0.0423,Pressured
2021,5,Sarrià-Sant Gervasi,26,Sant Gervasi - Galvany,69,1274.93,29924.0,968,148,15.29,0.0426,Pressured
2021,5,Sarrià-Sant Gervasi,26,Sant Gervasi - Galvany,70,1297.04,30638.0,796,140,17.59,0.0423,Pressured
2021,5,Sarrià-Sant Gervasi,26,Sant Gervasi - Galvany,71,1273.93,29037.0,950,170,17.89,0.0439,Pressured
2021,5,Sarrià-Sant Gervasi,26,Sant Gervasi - Galvany,72,1268.15,32531.0,949,149,15.7,0.039,Moderate
2021,5,Sarrià-Sant Gervasi,26,Sant Gervasi - Galvany,73,1218.39,30216.0,961,200,20.81,0.0403,Moderate
2021,5,Sarrià-Sant Gervasi,26,Sant Gervasi - Galvany,74,1298.09,32888.0,943,187,19.83,0.0395,Moderate
2021,5,Sarrià-Sant Gervasi,26,Sant Gervasi - Galvany,75,1274.93,27265.0,1010,210,20.79,0.0468,Critical
2021,5,Sarrià-Sant Gervasi,26,Sant Gervasi - Galvany,76,1316.42,32206.0,808,127,15.72,0.0409,Moderate
2021,5,Sarrià-Sant Gervasi,26,Sant Gervasi - Galvany,77,1349.3,33183.0,669,43,6.43,0.0407,Moderate
2021,5,Sarrià-Sant Gervasi,26,Sant Gervasi - Galvany,78,1331.16,31885.0,964,67,6.95,0.0417,Moderate
2021,5,Sarrià-Sant Gervasi,26,Sant Gervasi - Galvany,79,1295.28,31287.0,586,81,13.82,0.0414,Moderate
2021,5,Sarrià-Sant Gervasi,27,el Putget i Farró,80,1153.62,28843.0,852,305,35.8,0.04,Moderate
2021,5,Sarrià-Sant Gervasi,27,el Putget i Farró,81,1206.2,28492.0,894,209,23.38,0.0423,Pressured
2021,5,Sarrià-Sant Gervasi,27,el Putget i Farró,82,1141.07,27426.0,930,213,22.9,0.0416,Moderate
2021,5,Sarrià-Sant Gervasi,27,el Putget i Farró,83,1161.49,26908.0,696,154,22.13,0.0432,Pressured
2021,5,Sarrià-Sant Gervasi,27,el Putget i Farró,84,1146.06,26362.0,763,216,28.31,0.0435,Pressured
2021,5,Sarrià-Sant Gervasi,27,el Putget i Farró,85,1139.91,25420.0,726,215,29.61,0.0448,Pressured
2021,5,Sarrià-Sant Gervasi,27,el Putget i Farró,86,1138.06,27105.0,794,267,33.63,0.042,Moderate
2021,5,Sarrià-Sant Gervasi,27,el Putget i Farró,87,1231.3,29779.0,919,304,33.08,0.0413,Moderate
2021,5,Sarrià-Sant Gervasi,27,el Putget i Farró,88,1121.53,29428.0,884,248,28.05,0.0381,Affordable
2021,5,Sarrià-Sant Gervasi,27,el Putget i Farró,89,1101.29,29384.0,1013,251,24.78,0.0375,Affordable
2021,5,Sarrià-Sant Gervasi,27,el Putget i Farró,90,1070.99,27207.0,1238,467,37.72,0.0394,Moderate
2021,5,Sarrià-Sant Gervasi,27,el Putget i Farró,91,1052.76,28144.0,832,175,21.03,0.0374,Affordable
2021,5,Sarrià-Sant Gervasi,27,el Putget i Farró,92,1181.34,36404.0,815,125,15.34,0.0325,Affordable
2021,5,Sarrià-Sant Gervasi,27,el Putget i Farró,93,1193.95,31664.0,664,196,29.52,0.0377,Affordable
2021,5,Sarrià-Sant Gervasi,27,el Putget i Farró,94,1228.36,33645.0,1305,124,9.5,0.0365,Affordable
2021,5,Sarrià-Sant Gervasi,27,el Putget i Farró,95,1155.22,25063.0,865,189,21.85,0.0461,Pressured
2021,5,Sarrià-Sant Gervasi,27,el Putget i Farró,96,1090.49,24872.0,631,117,18.54,0.0438,Pressured
2021,5,Sarrià-Sant Gervasi,27,el Putget i Farró,97,1097.62,29567.0,857,155,18.09,0.0371,Affordable
2021,5,Sarrià-Sant Gervasi,27,el Putget i Farró,98,1131.84,26471.0,847,282,33.29,0.0428,Pressured
2021,6,Gràcia,28,Vallcarca i els Penitents,1,992.97,21307.0,648,170,26.23,0.0466,Critical
2021,6,Gràcia,28,Vallcarca i els Penitents,2,976.76,22727.0,845,297,35.15,0.043,Pressured
2021,6,Gràcia,28,Vallcarca i els Penitents,3,908.04,21699.0,1231,507,41.19,0.0418,Moderate
2021,6,Gràcia,28,Vallcarca i els Penitents,4,840.61,24034.0,875,356,40.69,0.035,Affordable
2021,6,Gràcia,28,Vallcarca i els Penitents,6,1033.05,31132.0,542,118,21.77,0.0332,Affordable
2021,6,Gràcia,28,Vallcarca i els Penitents,7,1118.02,25390.0,979,197,20.12,0.044,Pressured
2021,6,Gràcia,28,Vallcarca i els Penitents,8,1054.42,24576.0,1023,215,21.02,0.0429,Pressured
2021,6,Gràcia,28,Vallcarca i els Penitents,9,1172.99,30234.0,918,349,38.02,0.0388,Moderate
2021,6,Gràcia,28,Vallcarca i els Penitents,10,1043.36,26636.0,565,104,18.41,0.0392,Moderate
2021,6,Gràcia,28,Vallcarca i els Penitents,11,918.02,25900.0,775,129,16.65,0.0354,Affordable
2021,6,Gràcia,28,Vallcarca i els Penitents,12,985.96,29605.0,692,205,29.62,0.0333,Affordable
2021,6,Gràcia,29,el Coll,13,743.1,22139.0,959,349,36.39,0.0336,Affordable
2021,6,Gràcia,29,el Coll,14,868.28,21255.0,678,141,20.8,0.0409,Moderate
2021,6,Gràcia,29,el Coll,15,805.71,19592.0,757,330,43.59,0.0411,Moderate
2021,6,Gràcia,29,el Coll,16,714.02,19117.0,833,388,46.58,0.0374,Affordable
2021,6,Gràcia,29,el Coll,17,697.24,20318.0,759,317,41.77,0.0343,Affordable
2021,6,Gràcia,30,la Salut,18,895.73,22576.0,778,313,40.23,0.0397,Moderate
2021,6,Gràcia,30,la Salut,19,943.02,23240.0,798,204,25.56,0.0406,Moderate
2021,6,Gràcia,30,la Salut,20,968.52,23963.0,662,222,33.53,0.0404,Moderate
2021,6,Gràcia,30,la Salut,21,988.47,25237.0,647,133,20.56,0.0392,Moderate
2021,6,Gràcia,30,la Salut,22,946.15,23623.0,743,430,57.87,0.0401,Moderate
2021,6,Gràcia,30,la Salut,23,1033.08,30155.0,565,51,9.03,0.0343,Affordable
2021,6,Gràcia,30,la Salut,24,986.85,24481.0,857,157,18.32,0.0403,Moderate
2021,6,Gràcia,30,la Salut,25,1071.85,25888.0,722,72,9.97,0.0414,Moderate
2021,6,Gràcia,30,la Salut,26,1121.86,24431.0,559,147,26.3,0.0459,Pressured
2021,6,Gràcia,30,la Salut,27,1018.72,26003.0,630,173,27.46,0.0392,Moderate
2021,6,Gràcia,31,Vila de Gràcia,28,1101.36,21994.0,796,298,37.44,0.0501,Critical
2021,6,Gràcia,31,Vila de Gràcia,29,1110.93,25104.0,828,274,33.09,0.0443,Pressured
2021,6,Gràcia,31,Vila de Gràcia,30,1080.07,22658.0,796,373,46.86,0.0477,Critical
2021,6,Gràcia,31,Vila de Gràcia,31,1092.2,24826.0,740,367,49.59,0.044,Pressured
2021,6,Gràcia,31,Vila de Gràcia,32,1110.31,22674.0,684,293,42.84,0.049,Critical
2021,6,Gràcia,31,Vila de Gràcia,33,1088.34,23826.0,804,318,39.55,0.0457,Pressured
2021,6,Gràcia,31,Vila de Gràcia,34,1083.32,22677.0,695,242,34.82,0.0478,Critical
2021,6,Gràcia,31,Vila de Gràcia,35,1083.37,27276.0,610,118,19.34,0.0397,Moderate
2021,6,Gràcia,31,Vila de Gràcia,36,1065.33,24895.0,791,171,21.62,0.0428,Pressured
2021,6,Gràcia,31,Vila de Gràcia,37,1067.69,24444.0,555,93,16.76,0.0437,Pressured
2021,6,Gràcia,31,Vila de Gràcia,38,1095.29,23629.0,902,283,31.37,0.0464,Critical
2021,6,Gràcia,31,Vila de Gràcia,39,1087.48,22464.0,1018,432,42.44,0.0484,Critical
2021,6,Gràcia,31,Vila de Gràcia,40,1135.92,25513.0,909,133,14.63,0.0445,Pressured
2021,6,Gràcia,31,Vila de Gràcia,41,1139.7,25929.0,1012,281,27.77,0.044,Pressured
2021,6,Gràcia,31,Vila de Gràcia,42,1162.28,27629.0,1110,340,30.63,0.0421,Pressured
2021,6,Gràcia,31,Vila de Gràcia,43,1098.98,24295.0,780,262,33.59,0.0452,Pressured
2021,6,Gràcia,31,Vila de Gràcia,44,1243.76,29495.0,1183,381,32.21,0.0422,Pressured
2021,6,Gràcia,31,Vila de Gràcia,45,1105.17,24728.0,955,310,32.46,0.0447,Pressured
2021,6,Gràcia,31,Vila de Gràcia,46,1074.64,24231.0,693,265,38.24,0.0443,Pressured
2021,6,Gràcia,31,Vila de Gràcia,47,1044.37,21554.0,916,482,52.62,0.0485,Critical
2021,6,Gràcia,31,Vila de Gràcia,48,1054.96,22725.0,905,378,41.77,0.0464,Critical
2021,6,Gràcia,31,Vila de Gràcia,49,1078.68,24160.0,753,277,36.79,0.0446,Pressured
2021,6,Gràcia,31,Vila de Gràcia,50,1045.41,20975.0,874,357,40.85,0.0498,Critical
2021,6,Gràcia,31,Vila de Gràcia,51,1052.99,24660.0,791,345,43.62,0.0427,Pressured
2021,6,Gràcia,31,Vila de Gràcia,52,1075.19,22906.0,992,305,30.75,0.0469,Critical
2021,6,Gràcia,31,Vila de Gràcia,53,1046.74,23023.0,950,382,40.21,0.0455,Pressured
2021,6,Gràcia,31,Vila de Gràcia,54,1086.39,21263.0,1030,466,45.24,0.0511,Critical
2021,6,Gràcia,31,Vila de Gràcia,55,1056.78,23235.0,790,285,36.08,0.0455,Pressured
2021,6,Gràcia,31,Vila de Gràcia,56,1032.75,22750.0,1082,616,56.93,0.0454,Pressured
2021,6,Gràcia,31,Vila de Gràcia,57,1107.4,21630.0,1066,567,53.19,0.0512,Critical
2021,6,Gràcia,31,Vila de Gràcia,58,1104.84,24613.0,1219,615,50.45,0.0449,Pressured
2021,6,Gràcia,31,Vila de Gràcia,59,1113.54,23666.0,956,441,46.13,0.0471,Critical
2021,6,Gràcia,31,Vila de Gràcia,60,1087.72,22312.0,1108,448,40.43,0.0488,Critical
2021,6,Gràcia,31,Vila de Gràcia,61,1102.56,22778.0,760,321,42.24,0.0484,Critical
2021,6,Gràcia,31,Vila de Gràcia,62,1073.08,20863.0,720,253,35.14,0.0514,Critical
2021,6,Gràcia,31,Vila de Gràcia,63,1069.75,21952.0,930,421,45.27,0.0487,Critical
2021,6,Gràcia,32,el Camp d'en Grassot i Gràcia Nova,64,1178.34,25027.0,1038,162,15.61,0.0471,Critical
2021,6,Gràcia,32,el Camp d'en Grassot i Gràcia Nova,65,1178.2,26728.0,619,74,11.95,0.0441,Pressured
2021,6,Gràcia,32,el Camp d'en Grassot i Gràcia Nova,66,1109.89,22084.0,585,285,48.72,0.0503,Critical
2021,6,Gràcia,32,el Camp d'en Grassot i Gràcia Nova,67,1147.09,24459.0,1113,490,44.03,0.0469,Critical
2021,6,Gràcia,32,el Camp d'en Grassot i Gràcia Nova,68,1190.99,26977.0,977,220,22.52,0.0441,Pressured
2021,6,Gràcia,32,el Camp d'en Grassot i Gràcia Nova,69,1157.83,25197.0,575,65,11.3,0.046,Pressured
2021,6,Gràcia,32,el Camp d'en Grassot i Gràcia Nova,70,1110.72,22991.0,1069,460,43.03,0.0483,Critical
2021,6,Gràcia,32,el Camp d'en Grassot i Gràcia Nova,71,1080.33,24876.0,500,37,7.4,0.0434,Pressured
2021,6,Gràcia,32,el Camp d'en Grassot i Gràcia Nova,72,1166.77,25801.0,923,227,24.59,0.0452,Pressured
2021,6,Gràcia,32,el Camp d'en Grassot i Gràcia Nova,73,1134.44,23837.0,779,240,30.81,0.0476,Critical
2021,6,Gràcia,32,el Camp d'en Grassot i Gràcia Nova,74,1100.6,23230.0,536,141,26.31,0.0474,Critical
2021,6,Gràcia,32,el Camp d'en Grassot i Gràcia Nova,75,1153.8,26635.0,487,31,6.37,0.0433,Pressured
2021,6,Gràcia,32,el Camp d'en Grassot i Gràcia Nova,76,1095.13,24607.0,622,70,11.25,0.0445,Pressured
2021,6,Gràcia,32,el Camp d'en Grassot i Gràcia Nova,77,1048.05,21777.0,659,341,51.75,0.0481,Critical
2021,6,Gràcia,32,el Camp d'en Grassot i Gràcia Nova,78,1034.83,22741.0,796,451,56.66,0.0455,Pressured
2021,6,Gràcia,32,el Camp d'en Grassot i Gràcia Nova,79,1030.91,24621.0,636,197,30.97,0.0419,Moderate
2021,6,Gràcia,32,el Camp d'en Grassot i Gràcia Nova,80,1062.94,23405.0,592,124,20.95,0.0454,Pressured
2021,6,Gràcia,32,el Camp d'en Grassot i Gràcia Nova,81,1105.66,23257.0,704,131,18.61,0.0475,Critical
2021,6,Gràcia,32,el Camp d'en Grassot i Gràcia Nova,82,1017.46,24511.0,935,161,17.22,0.0415,Moderate
2021,6,Gràcia,32,el Camp d'en Grassot i Gràcia Nova,83,1089.01,26398.0,882,167,18.93,0.0413,Moderate
2021,6,Gràcia,32,el Camp d'en Grassot i Gràcia Nova,84,1063.91,23581.0,813,276,33.95,0.0451,Pressured
2021,6,Gràcia,32,el Camp d'en Grassot i Gràcia Nova,85,1077.07,25172.0,705,182,25.82,0.0428,Pressured
2021,6,Gràcia,32,el Camp d'en Grassot i Gràcia Nova,86,1136.4,28984.0,516,114,22.09,0.0392,Moderate
2021,6,Gràcia,32,el Camp d'en Grassot i Gràcia Nova,87,1128.71,27200.0,960,58,6.04,0.0415,Moderate
2021,6,Gràcia,32,el Camp d'en Grassot i Gràcia Nova,88,1121.95,24746.0,634,172,27.13,0.0453,Pressured
2021,7,Horta-Guinardó,33,el Baix Guinardó,1,878.25,24326.0,730,138,18.9,0.0361,Affordable
2021,7,Horta-Guinardó,33,el Baix Guinardó,2,972.26,21262.0,648,325,50.15,0.0457,Pressured
2021,7,Horta-Guinardó,33,el Baix Guinardó,3,984.21,22219.0,634,134,21.14,0.0443,Pressured
2021,7,Horta-Guinardó,33,el Baix Guinardó,4,970.95,20972.0,793,396,49.94,0.0463,Critical
2021,7,Horta-Guinardó,33,el Baix Guinardó,5,899.49,21024.0,789,341,43.22,0.0428,Pressured
2021,7,Horta-Guinardó,33,el Baix Guinardó,6,900.04,23534.0,464,48,10.34,0.0382,Moderate
2021,7,Horta-Guinardó,33,el Baix Guinardó,7,881.12,21030.0,645,158,24.5,0.0419,Moderate
2021,7,Horta-Guinardó,33,el Baix Guinardó,8,905.2,22669.0,594,25,4.21,0.0399,Moderate
2021,7,Horta-Guinardó,33,el Baix Guinardó,9,867.19,20803.0,594,180,30.3,0.0417,Moderate
2021,7,Horta-Guinardó,33,el Baix Guinardó,10,863.51,22367.0,653,239,36.6,0.0386,Moderate
2021,7,Horta-Guinardó,33,el Baix Guinardó,11,915.09,21387.0,664,376,56.63,0.0428,Pressured
2021,7,Horta-Guinardó,33,el Baix Guinardó,12,885.85,20267.0,793,367,46.28,0.0437,Pressured
2021,7,Horta-Guinardó,33,el Baix Guinardó,13,915.56,24588.0,539,41,7.61,0.0372,Affordable
2021,7,Horta-Guinardó,33,el Baix Guinardó,14,803.18,18672.0,451,256,56.76,0.043,Pressured
2021,7,Horta-Guinardó,33,el Baix Guinardó,15,840.36,21339.0,618,146,23.62,0.0394,Moderate
2021,7,Horta-Guinardó,33,el Baix Guinardó,16,889.32,23348.0,607,50,8.24,0.0381,Affordable
2021,7,Horta-Guinardó,33,el Baix Guinardó,17,840.58,21668.0,852,93,10.92,0.0388,Moderate
2021,7,Horta-Guinardó,33,el Baix Guinardó,18,927.77,20639.0,769,196,25.49,0.045,Pressured
2021,7,Horta-Guinardó,33,el Baix Guinardó,19,895.22,21522.0,761,150,19.71,0.0416,Moderate
2021,7,Horta-Guinardó,34,Can Baró,20,816.11,21135.0,830,298,35.9,0.0386,Moderate
2021,7,Horta-Guinardó,34,Can Baró,21,681.88,23209.0,521,88,16.89,0.0294,Affordable
2021,7,Horta-Guinardó,34,Can Baró,22,732.0,19366.0,546,119,21.79,0.0378,Affordable
2021,7,Horta-Guinardó,34,Can Baró,23,631.49,17840.0,729,395,54.18,0.0354,Affordable
2021,7,Horta-Guinardó,34,Can Baró,24,714.98,21379.0,856,461,53.86,0.0334,Affordable
2021,7,Horta-Guinardó,34,Can Baró,25,670.69,19484.0,771,392,50.84,0.0344,Affordable
2021,7,Horta-Guinardó,34,Can Baró,26,663.37,20144.0,621,171,27.54,0.0329,Affordable
2021,7,Horta-Guinardó,35,el Guinardó,27,802.83,19052.0,932,164,17.6,0.0421,Pressured
2021,7,Horta-Guinardó,35,el Guinardó,28,804.68,20130.0,769,423,55.01,0.04,Moderate
2021,7,Horta-Guinardó,35,el Guinardó,29,822.38,22252.0,716,299,41.76,0.037,Affordable
2021,7,Horta-Guinardó,35,el Guinardó,30,752.96,18301.0,747,449,60.11,0.0411,Moderate
2021,7,Horta-Guinardó,35,el Guinardó,31,812.0,18662.0,777,331,42.6,0.0435,Pressured
2021,7,Horta-Guinardó,35,el Guinardó,32,854.72,21200.0,700,200,28.57,0.0403,Moderate
2021,7,Horta-Guinardó,35,el Guinardó,33,837.12,21967.0,702,217,30.91,0.0381,Affordable
2021,7,Horta-Guinardó,35,el Guinardó,34,904.0,23571.0,901,234,25.97,0.0384,Moderate
2021,7,Horta-Guinardó,35,el Guinardó,35,835.53,23930.0,859,152,17.69,0.0349,Affordable
2021,7,Horta-Guinardó,35,el Guinardó,36,857.21,24290.0,714,189,26.47,0.0353,Affordable
2021,7,Horta-Guinardó,35,el Guinardó,37,836.92,21151.0,738,202,27.37,0.0396,Moderate
2021,7,Horta-Guinardó,35,el Guinardó,38,806.09,21047.0,644,204,31.68,0.0383,Moderate
2021,7,Horta-Guinardó,35,el Guinardó,39,843.75,22069.0,790,230,29.11,0.0382,Moderate
2021,7,Horta-Guinardó,35,el Guinardó,40,845.71,22046.0,889,415,46.68,0.0384,Moderate
2021,7,Horta-Guinardó,35,el Guinardó,41,828.21,20147.0,717,297,41.42,0.0411,Moderate
2021,7,Horta-Guinardó,35,el Guinardó,42,812.05,22079.0,803,260,32.38,0.0368,Affordable
2021,7,Horta-Guinardó,35,el Guinardó,43,837.03,21288.0,777,221,28.44,0.0393,Moderate
2021,7,Horta-Guinardó,35,el Guinardó,44,844.97,22696.0,673,215,31.95,0.0372,Affordable
2021,7,Horta-Guinardó,35,el Guinardó,45,826.44,20242.0,812,328,40.39,0.0408,Moderate
2021,7,Horta-Guinardó,35,el Guinardó,46,819.11,19778.0,735,285,38.78,0.0414,Moderate
2021,7,Horta-Guinardó,35,el Guinardó,47,748.59,20657.0,717,234,32.64,0.0362,Affordable
2021,7,Horta-Guinardó,35,el Guinardó,48,769.56,21652.0,677,194,28.66,0.0355,Affordable
2021,7,Horta-Guinardó,35,el Guinardó,49,707.31,20890.0,605,197,32.56,0.0339,Affordable
2021,7,Horta-Guinardó,35,el Guinardó,50,713.04,19771.0,671,310,46.2,0.0361,Affordable
2021,7,Horta-Guinardó,35,el Guinardó,51,720.93,20051.0,901,376,41.73,0.036,Affordable
2021,7,Horta-Guinardó,36,la Font d'en Fargues,52,843.78,25196.0,739,241,32.61,0.0335,Affordable
2021,7,Horta-Guinardó,36,la Font d'en Fargues,53,834.62,22996.0,702,128,18.23,0.0363,Affordable
2021,7,Horta-Guinardó,36,la Font d'en Fargues,54,827.19,28704.0,917,288,31.41,0.0288,Affordable
2021,7,Horta-Guinardó,36,la Font d'en Fargues,55,848.26,28424.0,704,138,19.6,0.0298,Affordable
2021,7,Horta-Guinardó,36,la Font d'en Fargues,56,747.2,23107.0,758,391,51.58,0.0323,Affordable
2021,7,Horta-Guinardó,36,la Font d'en Fargues,57,804.67,23675.0,757,401,52.97,0.034,Affordable
2021,7,Horta-Guinardó,36,la Font d'en Fargues,58,846.11,22677.0,783,452,57.73,0.0373,Affordable
2021,7,Horta-Guinardó,37,el Carmel,59,598.2,16912.0,799,503,62.95,0.0354,Affordable
2021,7,Horta-Guinardó,37,el Carmel,60,569.79,16312.0,1136,636,55.99,0.0349,Affordable
2021,7,Horta-Guinardó,37,el Carmel,61,572.17,17111.0,597,250,41.88,0.0334,Affordable
2021,7,Horta-Guinardó,37,el Carmel,62,581.79,17085.0,638,270,42.32,0.0341,Affordable
2021,7,Horta-Guinardó,37,el Carmel,63,556.9,14591.0,720,403,55.97,0.0382,Moderate
2021,7,Horta-Guinardó,37,el Carmel,64,562.32,15230.0,773,394,50.97,0.0369,Affordable
2021,7,Horta-Guinardó,37,el Carmel,65,533.8,13938.0,846,612,72.34,0.0383,Moderate
2021,7,Horta-Guinardó,37,el Carmel,66,528.06,14881.0,818,436,53.3,0.0355,Affordable
2021,7,Horta-Guinardó,37,el Carmel,67,532.67,14826.0,746,371,49.73,0.0359,Affordable
2021,7,Horta-Guinardó,37,el Carmel,68,522.31,14297.0,559,338,60.47,0.0365,Affordable
2021,7,Horta-Guinardó,37,el Carmel,69,538.52,15109.0,683,396,57.98,0.0356,Affordable
2021,7,Horta-Guinardó,37,el Carmel,70,546.62,14925.0,629,262,41.65,0.0366,Affordable
2021,7,Horta-Guinardó,37,el Carmel,71,544.82,18144.0,629,225,35.77,0.03,Affordable
2021,7,Horta-Guinardó,37,el Carmel,72,514.89,17227.0,661,251,37.97,0.0299,Affordable
2021,7,Horta-Guinardó,37,el Carmel,73,512.22,15445.0,558,349,62.54,0.0332,Affordable
2021,7,Horta-Guinardó,37,el Carmel,74,517.4,16470.0,783,389,49.68,0.0314,Affordable
2021,7,Horta-Guinardó,37,el Carmel,75,517.34,15450.0,536,222,41.42,0.0335,Affordable
2021,7,Horta-Guinardó,37,el Carmel,76,542.83,15735.0,671,284,42.32,0.0345,Affordable
2021,7,Horta-Guinardó,37,el Carmel,77,534.7,15978.0,621,381,61.35,0.0335,Affordable
2021,7,Horta-Guinardó,37,el Carmel,78,573.53,15387.0,645,319,49.46,0.0373,Affordable
2021,7,Horta-Guinardó,37,el Carmel,79,540.72,15780.0,729,448,61.45,0.0343,Affordable
2021,7,Horta-Guinardó,37,el Carmel,80,553.57,17024.0,757,315,41.61,0.0325,Affordable
2021,7,Horta-Guinardó,38,la Teixonera,81,604.71,18245.0,930,469,50.43,0.0331,Affordable
2021,7,Horta-Guinardó,38,la Teixonera,82,560.96,16851.0,645,297,46.05,0.0333,Affordable
2021,7,Horta-Guinardó,38,la Teixonera,83,535.79,16629.0,659,295,44.76,0.0322,Affordable
2021,7,Horta-Guinardó,38,la Teixonera,84,565.84,17100.0,715,366,51.19,0.0331,Affordable
2021,7,Horta-Guinardó,38,la Teixonera,85,564.63,17406.0,619,262,42.33,0.0324,Affordable
2021,7,Horta-Guinardó,38,la Teixonera,86,608.77,16718.0,754,391,51.86,0.0364,Affordable
2021,7,Horta-Guinardó,38,la Teixonera,87,623.78,17723.0,831,381,45.85,0.0352,Affordable
2021,7,Horta-Guinardó,38,la Teixonera,88,672.74,17454.0,848,418,49.29,0.0385,Moderate
2021,7,Horta-Guinardó,39,Sant Genís dels Agudells,89,673.53,21026.0,676,138,20.41,0.032,Affordable
2021,7,Horta-Guinardó,39,Sant Genís dels Agudells,90,602.31,18196.0,714,187,26.19,0.0331,Affordable
2021,7,Horta-Guinardó,39,Sant Genís dels Agudells,91,573.69,18121.0,652,239,36.66,0.0317,Affordable
2021,7,Horta-Guinardó,39,Sant Genís dels Agudells,92,513.77,15099.0,701,57,8.13,0.034,Affordable
2021,7,Horta-Guinardó,39,Sant Genís dels Agudells,93,574.76,18219.0,739,20,2.71,0.0315,Affordable
2021,7,Horta-Guinardó,40,Montbau,94,560.89,19804.0,709,421,59.38,0.0283,Affordable
2021,7,Horta-Guinardó,40,Montbau,95,597.44,20252.0,748,269,35.96,0.0295,Affordable
2021,7,Horta-Guinardó,40,Montbau,96,592.43,18792.0,697,218,31.28,0.0315,Affordable
2021,7,Horta-Guinardó,40,Montbau,97,630.97,22010.0,408,145,35.54,0.0287,Affordable
2021,7,Horta-Guinardó,41,la Vall d'Hebron,98,967.26,24390.0,935,150,16.04,0.0397,Moderate
2021,7,Horta-Guinardó,41,la Vall d'Hebron,99,804.55,24274.0,480,80,16.67,0.0331,Affordable
2021,7,Horta-Guinardó,41,la Vall d'Hebron,100,740.03,21148.0,568,173,30.46,0.035,Affordable
2021,7,Horta-Guinardó,41,la Vall d'Hebron,101,681.93,20901.0,672,374,55.65,0.0326,Affordable
2021,7,Horta-Guinardó,42,la Clota,102,732.78,20465.0,416,181,43.51,0.0358,Affordable
2021,7,Horta-Guinardó,43,Horta,103,683.84,18574.0,612,330,53.92,0.0368,Affordable
2021,7,Horta-Guinardó,43,Horta,104,754.78,17855.0,832,384,46.15,0.0423,Pressured
2021,7,Horta-Guinardó,43,Horta,105,794.94,22134.0,513,146,28.46,0.0359,Affordable
2021,7,Horta-Guinardó,43,Horta,106,773.05,20542.0,549,155,28.23,0.0376,Affordable
2021,7,Horta-Guinardó,43,Horta,107,817.15,23769.0,553,182,32.91,0.0344,Affordable
2021,7,Horta-Guinardó,43,Horta,108,787.79,20856.0,632,231,36.55,0.0378,Affordable
2021,7,Horta-Guinardó,43,Horta,109,739.05,17626.0,841,387,46.02,0.0419,Moderate
2021,7,Horta-Guinardó,43,Horta,110,766.2,21599.0,508,173,34.06,0.0355,Affordable
2021,7,Horta-Guinardó,43,Horta,111,748.37,23945.0,498,79,15.86,0.0313,Affordable
2021,7,Horta-Guinardó,43,Horta,112,771.54,21656.0,610,136,22.3,0.0356,Affordable
2021,7,Horta-Guinardó,43,Horta,113,725.31,19669.0,610,233,38.2,0.0369,Affordable
2021,7,Horta-Guinardó,43,Horta,114,765.79,23266.0,728,360,49.45,0.0329,Affordable
2021,7,Horta-Guinardó,43,Horta,115,751.76,24824.0,680,267,39.26,0.0303,Affordable
2021,7,Horta-Guinardó,43,Horta,116,784.39,21195.0,750,249,33.2,0.037,Affordable
2021,7,Horta-Guinardó,43,Horta,117,719.05,21672.0,630,314,49.84,0.0332,Affordable
2021,7,Horta-Guinardó,43,Horta,118,711.29,20939.0,728,273,37.5,0.034,Affordable
2021,7,Horta-Guinardó,43,Horta,119,655.28,18297.0,616,249,40.42,0.0358,Affordable
2021,7,Horta-Guinardó,43,Horta,120,689.89,18871.0,707,372,52.62,0.0366,Affordable
2021,7,Horta-Guinardó,43,Horta,121,656.04,17605.0,535,132,24.67,0.0373,Affordable
2021,7,Horta-Guinardó,43,Horta,122,682.44,19528.0,658,214,32.52,0.0349,Affordable
2021,7,Horta-Guinardó,43,Horta,123,674.61,22047.0,754,258,34.22,0.0306,Affordable
2021,8,Nou Barris,44,Vilapicina i la Torre Llobeta,1,726.48,19556.0,585,176,30.09,0.0371,Affordable
2021,8,Nou Barris,44,Vilapicina i la Torre Llobeta,2,725.17,21524.0,643,211,32.81,0.0337,Affordable
2021,8,Nou Barris,44,Vilapicina i la Torre Llobeta,3,722.4,19307.0,610,239,39.18,0.0374,Affordable
2021,8,Nou Barris,44,Vilapicina i la Torre Llobeta,4,688.75,17814.0,678,197,29.06,0.0387,Moderate
2021,8,Nou Barris,44,Vilapicina i la Torre Llobeta,5,665.43,20210.0,593,243,40.98,0.0329,Affordable
2021,8,Nou Barris,44,Vilapicina i la Torre Llobeta,6,762.7,19588.0,763,259,33.94,0.0389,Moderate
2021,8,Nou Barris,44,Vilapicina i la Torre Llobeta,7,686.76,20780.0,528,166,31.44,0.033,Affordable
2021,8,Nou Barris,44,Vilapicina i la Torre Llobeta,8,748.83,20165.0,730,193,26.44,0.0371,Affordable
2021,8,Nou Barris,44,Vilapicina i la Torre Llobeta,9,669.1,18853.0,811,68,8.38,0.0355,Affordable
2021,8,Nou Barris,44,Vilapicina i la Torre Llobeta,10,710.2,22175.0,576,164,28.47,0.032,Affordable
2021,8,Nou Barris,44,Vilapicina i la Torre Llobeta,11,750.4,21690.0,508,46,9.06,0.0346,Affordable
2021,8,Nou Barris,44,Vilapicina i la Torre Llobeta,12,720.37,20394.0,620,57,9.19,0.0353,Affordable
2021,8,Nou Barris,44,Vilapicina i la Torre Llobeta,13,762.54,19022.0,535,116,21.68,0.0401,Moderate
2021,8,Nou Barris,44,Vilapicina i la Torre Llobeta,14,746.77,19374.0,609,144,23.65,0.0385,Moderate
2021,8,Nou Barris,44,Vilapicina i la Torre Llobeta,15,754.82,17516.0,710,395,55.63,0.0431,Pressured
2021,8,Nou Barris,44,Vilapicina i la Torre Llobeta,16,755.45,18477.0,561,155,27.63,0.0409,Moderate
2021,8,Nou Barris,44,Vilapicina i la Torre Llobeta,17,787.78,21045.0,697,243,34.86,0.0374,Affordable
2021,8,Nou Barris,44,Vilapicina i la Torre Llobeta,18,852.88,19873.0,701,126,17.97,0.0429,Pressured
2021,8,Nou Barris,44,Vilapicina i la Torre Llobeta,19,771.06,17828.0,848,484,57.08,0.0432,Pressured
2021,8,Nou Barris,45,Porta,20,795.54,18790.0,696,245,35.2,0.0423,Pressured
2021,8,Nou Barris,45,Porta,21,728.79,19565.0,697,237,34.0,0.0372,Affordable
2021,8,Nou Barris,45,Porta,22,703.99,19182.0,535,32,5.98,0.0367,Affordable
2021,8,Nou Barris,45,Porta,23,728.07,17532.0,683,252,36.9,0.0415,Moderate
2021,8,Nou Barris,45,Porta,24,744.23,18548.0,685,174,25.4,0.0401,Moderate
2021,8,Nou Barris,45,Porta,25,726.71,16852.0,614,317,51.63,0.0431,Pressured
2021,8,Nou Barris,45,Porta,26,763.68,19286.0,648,285,43.98,0.0396,Moderate
2021,8,Nou Barris,45,Porta,27,775.66,20643.0,655,149,22.75,0.0376,Affordable
2021,8,Nou Barris,45,Porta,28,670.01,17634.0,498,126,25.3,0.038,Affordable
2021,8,Nou Barris,45,Porta,29,739.66,15804.0,677,163,24.08,0.0468,Critical
2021,8,Nou Barris,45,Porta,30,704.13,17313.0,633,148,23.38,0.0407,Moderate
2021,8,Nou Barris,45,Porta,31,686.57,18467.0,572,427,74.65,0.0372,Affordable
2021,8,Nou Barris,45,Porta,32,598.75,18269.0,575,151,26.26,0.0328,Affordable
2021,8,Nou Barris,45,Porta,33,676.69,12720.0,661,316,47.81,0.0532,Critical
2021,8,Nou Barris,45,Porta,34,688.76,14702.0,564,268,47.52,0.0468,Critical
2021,8,Nou Barris,45,Porta,35,668.89,18090.0,711,352,49.51,0.037,Affordable
2021,8,Nou Barris,45,Porta,36,655.14,14633.0,707,561,79.35,0.0448,Pressured
2021,8,Nou Barris,45,Porta,37,718.17,16741.0,708,348,49.15,0.0429,Pressured
2021,8,Nou Barris,46,el Turó de la Peira,38,644.09,15389.0,693,258,37.23,0.0419,Moderate
2021,8,Nou Barris,46,el Turó de la Peira,39,612.18,16375.0,735,256,34.83,0.0374,Affordable
2021,8,Nou Barris,46,el Turó de la Peira,40,684.93,14041.0,814,177,21.74,0.0488,Critical
2021,8,Nou Barris,46,el Turó de la Peira,41,557.62,11545.0,980,777,79.29,0.0483,Critical
2021,8,Nou Barris,46,el Turó de la Peira,42,608.08,18886.0,579,11,1.9,0.0322,Affordable
2021,8,Nou Barris,46,el Turó de la Peira,43,754.22,16938.0,551,3,0.54,0.0445,Pressured
2021,8,Nou Barris,46,el Turó de la Peira,44,600.89,14179.0,613,333,54.32,0.0424,Pressured
2021,8,Nou Barris,46,el Turó de la Peira,45,566.95,14157.0,709,389,54.87,0.04,Moderate
2021,8,Nou Barris,46,el Turó de la Peira,46,559.99,15457.0,702,464,66.1,0.0362,Affordable
2021,8,Nou Barris,46,el Turó de la Peira,47,553.21,12813.0,680,385,56.62,0.0432,Pressured
2021,8,Nou Barris,47,Can Peguera,48,515.32,11849.0,453,445,98.23,0.0435,Pressured
2021,8,Nou Barris,47,Can Peguera,49,775.03,15367.0,594,370,62.29,0.0504,Critical
2021,8,Nou Barris,48,la Guineueta,50,788.23,21272.0,612,0,0.0,0.0371,Affordable
2021,8,Nou Barris,48,la Guineueta,51,823.32,21104.0,595,205,34.45,0.039,Moderate
2021,8,Nou Barris,48,la Guineueta,52,768.29,18771.0,408,161,39.46,0.0409,Moderate
2021,8,Nou Barris,48,la Guineueta,53,737.62,20507.0,547,36,6.58,0.036,Affordable
2021,8,Nou Barris,48,la Guineueta,54,743.06,19545.0,791,23,2.91,0.038,Affordable
2021,8,Nou Barris,48,la Guineueta,55,737.84,23746.0,772,0,0.0,0.0311,Affordable
2021,8,Nou Barris,48,la Guineueta,56,568.6,17526.0,697,240,34.43,0.0324,Affordable
2021,8,Nou Barris,48,la Guineueta,57,574.66,17920.0,596,89,14.93,0.0321,Affordable
2021,8,Nou Barris,48,la Guineueta,58,548.49,16894.0,736,362,49.18,0.0325,Affordable
2021,8,Nou Barris,48,la Guineueta,59,547.28,18672.0,460,133,28.91,0.0293,Affordable
2021,8,Nou Barris,48,la Guineueta,215,752.46,20753.0,587,1,0.17,0.0363,Affordable
2021,8,Nou Barris,49,Canyelles,60,604.36,19368.0,542,6,1.11,0.0312,Affordable
2021,8,Nou Barris,49,Canyelles,61,598.07,17447.0,676,0,0.0,0.0343,Affordable
2021,8,Nou Barris,49,Canyelles,62,604.73,18973.0,481,0,0.0,0.0319,Affordable
2021,8,Nou Barris,49,Canyelles,63,606.16,21722.0,480,0,0.0,0.0279,Affordable
2021,8,Nou Barris,49,Canyelles,64,594.03,16676.0,741,39,5.26,0.0356,Affordable
2021,8,Nou Barris,50,les Roquetes,65,448.57,12930.0,863,501,58.05,0.0347,Affordable
2021,8,Nou Barris,50,les Roquetes,66,443.95,12042.0,732,435,59.43,0.0369,Affordable
2021,8,Nou Barris,50,les Roquetes,67,517.21,14737.0,773,316,40.88,0.0351,Affordable
2021,8,Nou Barris,50,les Roquetes,68,510.94,12965.0,743,350,47.11,0.0394,Moderate
2021,8,Nou Barris,50,les Roquetes,69,515.82,13487.0,629,303,48.17,0.0382,Moderate
2021,8,Nou Barris,50,les Roquetes,70,495.03,13112.0,610,351,57.54,0.0378,Affordable
2021,8,Nou Barris,50,les Roquetes,71,508.09,14112.0,701,354,50.5,0.036,Affordable
2021,8,Nou Barris,50,les Roquetes,72,502.35,15660.0,505,207,40.99,0.0321,Affordable
2021,8,Nou Barris,50,les Roquetes,73,452.58,13017.0,839,813,96.9,0.0348,Affordable
2021,8,Nou Barris,50,les Roquetes,74,525.44,13087.0,708,432,61.02,0.0401,Moderate
2021,8,Nou Barris,51,Verdun,75,668.04,15659.0,943,641,67.97,0.0427,Pressured
2021,8,Nou Barris,51,Verdun,76,652.77,15896.0,783,462,59.0,0.0411,Moderate
2021,8,Nou Barris,51,Verdun,77,639.15,13121.0,609,77,12.64,0.0487,Critical
2021,8,Nou Barris,51,Verdun,78,510.82,14108.0,799,632,79.1,0.0362,Affordable
2021,8,Nou Barris,51,Verdun,79,604.77,13670.0,657,432,65.75,0.0442,Pressured
2021,8,Nou Barris,51,Verdun,80,633.26,14927.0,699,442,63.23,0.0424,Pressured
2021,8,Nou Barris,51,Verdun,81,611.7,13363.0,658,334,50.76,0.0458,Pressured
2021,8,Nou Barris,51,Verdun,82,653.94,15614.0,786,466,59.29,0.0419,Moderate
2021,8,Nou Barris,52,la Prosperitat,83,653.35,15903.0,597,424,71.02,0.0411,Moderate
2021,8,Nou Barris,52,la Prosperitat,84,649.84,16963.0,490,158,32.24,0.0383,Moderate
2021,8,Nou Barris,52,la Prosperitat,85,602.84,15172.0,655,398,60.76,0.0397,Moderate
2021,8,Nou Barris,52,la Prosperitat,86,655.46,16352.0,781,443,56.72,0.0401,Moderate
2021,8,Nou Barris,52,la Prosperitat,87,615.15,15977.0,614,407,66.29,0.0385,Moderate
2021,8,Nou Barris,52,la Prosperitat,88,644.83,16510.0,580,330,56.9,0.0391,Moderate
2021,8,Nou Barris,52,la Prosperitat,89,645.62,15830.0,588,289,49.15,0.0408,Moderate
2021,8,Nou Barris,52,la Prosperitat,90,724.3,16945.0,581,290,49.91,0.0427,Pressured
2021,8,Nou Barris,52,la Prosperitat,91,620.05,16466.0,564,279,49.47,0.0377,Affordable
2021,8,Nou Barris,52,la Prosperitat,92,685.26,17201.0,455,215,47.25,0.0398,Moderate
2021,8,Nou Barris,52,la Prosperitat,93,618.01,16310.0,598,394,65.89,0.0379,Affordable
2021,8,Nou Barris,52,la Prosperitat,94,657.71,17194.0,662,302,45.62,0.0383,Moderate
2021,8,Nou Barris,52,la Prosperitat,95,743.88,19928.0,494,0,0.0,0.0373,Affordable
2021,8,Nou Barris,52,la Prosperitat,96,687.5,16558.0,650,232,35.69,0.0415,Moderate
2021,8,Nou Barris,52,la Prosperitat,97,713.28,15930.0,600,318,53.0,0.0448,Pressured
2021,8,Nou Barris,52,la Prosperitat,98,612.5,15269.0,561,320,57.04,0.0401,Moderate
2021,8,Nou Barris,52,la Prosperitat,99,619.12,15827.0,658,399,60.64,0.0391,Moderate
2021,8,Nou Barris,52,la Prosperitat,100,646.81,16167.0,618,350,56.63,0.04,Moderate
2021,8,Nou Barris,52,la Prosperitat,101,710.44,16764.0,762,364,47.77,0.0424,Pressured
2021,8,Nou Barris,52,la Prosperitat,102,678.3,13770.0,700,483,69.0,0.0493,Critical
2021,8,Nou Barris,53,la Trinitat Nova,103,425.08,11904.0,757,731,96.57,0.0357,Affordable
2021,8,Nou Barris,53,la Trinitat Nova,104,491.75,13427.0,558,302,54.12,0.0366,Affordable
2021,8,Nou Barris,53,la Trinitat Nova,105,464.27,13472.0,719,211,29.35,0.0345,Affordable
2021,8,Nou Barris,53,la Trinitat Nova,106,423.67,12600.0,671,219,32.64,0.0336,Affordable
2021,8,Nou Barris,53,la Trinitat Nova,107,580.53,13619.0,944,339,35.91,0.0426,Pressured
2021,8,Nou Barris,54,Torre Baró,108,464.81,12820.0,1138,519,45.61,0.0363,Affordable
2021,8,Nou Barris,54,Torre Baró,109,313.58,11979.0,563,307,54.53,0.0262,Affordable
2021,8,Nou Barris,55,Ciutat Meridiana,110,388.1,9992.0,745,705,94.63,0.0388,Moderate
2021,8,Nou Barris,55,Ciutat Meridiana,111,395.14,11057.0,607,394,64.91,0.0357,Affordable
2021,8,Nou Barris,55,Ciutat Meridiana,112,389.95,11177.0,603,284,47.1,0.0349,Affordable
2021,8,Nou Barris,55,Ciutat Meridiana,113,395.2,11291.0,647,352,54.4,0.035,Affordable
2021,8,Nou Barris,55,Ciutat Meridiana,114,398.91,11909.0,705,639,90.64,0.0335,Affordable
2021,8,Nou Barris,55,Ciutat Meridiana,115,393.58,11714.0,650,413,63.54,0.0336,Affordable
2021,8,Nou Barris,56,Vallbona,116,382.9,12891.0,845,364,43.08,0.0297,Affordable
2021,9,Sant Andreu,57,la Trinitat Vella,1,448.9,10480.0,1051,716,68.13,0.0428,Pressured
2021,9,Sant Andreu,57,la Trinitat Vella,2,459.3,12143.0,844,466,55.21,0.0378,Affordable
2021,9,Sant Andreu,57,la Trinitat Vella,3,466.16,12059.0,852,469,55.05,0.0387,Moderate
2021,9,Sant Andreu,57,la Trinitat Vella,4,479.6,13067.0,695,386,55.54,0.0367,Affordable
2021,9,Sant Andreu,57,la Trinitat Vella,5,537.37,16943.0,756,244,32.28,0.0317,Affordable
2021,9,Sant Andreu,58,Baró de Viver,6,389.68,13444.0,503,5,0.99,0.029,Affordable
2021,9,Sant Andreu,58,Baró de Viver,7,410.22,12189.0,609,210,34.48,0.0337,Affordable
2021,9,Sant Andreu,59,el Bon Pastor,8,1042.86,25523.0,784,93,11.86,0.0409,Moderate
2021,9,Sant Andreu,59,el Bon Pastor,9,718.55,18868.0,605,201,33.22,0.0381,Affordable
2021,9,Sant Andreu,59,el Bon Pastor,10,634.08,16413.0,775,97,12.52,0.0386,Moderate
2021,9,Sant Andreu,59,el Bon Pastor,11,580.28,13925.0,802,432,53.87,0.0417,Moderate
2021,9,Sant Andreu,59,el Bon Pastor,13,501.31,12092.0,804,217,26.99,0.0415,Moderate
2021,9,Sant Andreu,59,el Bon Pastor,14,507.69,14144.0,676,425,62.87,0.0359,Affordable
2021,9,Sant Andreu,59,el Bon Pastor,15,530.82,13997.0,819,403,49.21,0.0379,Affordable
2021,9,Sant Andreu,60,Sant Andreu,16,824.55,20940.0,566,96,16.96,0.0394,Moderate
2021,9,Sant Andreu,60,Sant Andreu,17,859.67,20900.0,717,277,38.63,0.0411,Moderate
2021,9,Sant Andreu,60,Sant Andreu,18,884.68,20982.0,644,119,18.48,0.0422,Pressured
2021,9,Sant Andreu,60,Sant Andreu,19,872.5,22684.0,1047,17,1.62,0.0385,Moderate
2021,9,Sant Andreu,60,Sant Andreu,20,853.28,22310.0,564,127,22.52,0.0382,Moderate
2021,9,Sant Andreu,60,Sant Andreu,21,877.76,22690.0,753,239,31.74,0.0387,Moderate
2021,9,Sant Andreu,60,Sant Andreu,22,817.57,23360.0,744,319,42.88,0.035,Affordable
2021,9,Sant Andreu,60,Sant Andreu,23,819.82,23153.0,740,374,50.54,0.0354,Affordable
2021,9,Sant Andreu,60,Sant Andreu,24,851.43,22144.0,548,109,19.89,0.0384,Moderate
2021,9,Sant Andreu,60,Sant Andreu,25,836.28,23206.0,720,218,30.28,0.036,Affordable
2021,9,Sant Andreu,60,Sant Andreu,26,853.65,23199.0,716,135,18.85,0.0368,Affordable
2021,9,Sant Andreu,60,Sant Andreu,27,846.5,22791.0,563,59,10.48,0.0371,Affordable
2021,9,Sant Andreu,60,Sant Andreu,28,986.17,25359.0,611,45,7.36,0.0389,Moderate
2021,9,Sant Andreu,60,Sant Andreu,29,814.86,20267.0,525,123,23.43,0.0402,Moderate
2021,9,Sant Andreu,60,Sant Andreu,30,930.38,23268.0,643,212,32.97,0.04,Moderate
2021,9,Sant Andreu,60,Sant Andreu,31,964.67,23202.0,491,116,23.63,0.0416,Moderate
2021,9,Sant Andreu,60,Sant Andreu,32,793.12,17683.0,942,124,13.16,0.0449,Pressured
2021,9,Sant Andreu,60,Sant Andreu,33,777.75,20445.0,1558,597,38.32,0.038,Affordable
2021,9,Sant Andreu,60,Sant Andreu,34,751.37,18146.0,666,169,25.38,0.0414,Moderate
2021,9,Sant Andreu,60,Sant Andreu,35,746.33,20235.0,796,363,45.6,0.0369,Affordable
2021,9,Sant Andreu,60,Sant Andreu,36,791.94,21784.0,639,119,18.62,0.0364,Affordable
2021,9,Sant Andreu,60,Sant Andreu,37,802.51,17401.0,764,503,65.84,0.0461,Pressured
2021,9,Sant Andreu,60,Sant Andreu,38,863.74,22555.0,768,105,13.67,0.0383,Moderate
2021,9,Sant Andreu,60,Sant Andreu,39,824.18,21576.0,802,339,42.27,0.0382,Moderate
2021,9,Sant Andreu,60,Sant Andreu,40,872.17,23086.0,960,459,47.81,0.0378,Affordable
2021,9,Sant Andreu,60,Sant Andreu,41,835.54,20574.0,799,328,41.05,0.0406,Moderate
2021,9,Sant Andreu,60,Sant Andreu,42,806.55,23636.0,765,296,38.69,0.0341,Affordable
2021,9,Sant Andreu,60,Sant Andreu,43,843.56,19854.0,818,487,59.54,0.0425,Pressured
2021,9,Sant Andreu,60,Sant Andreu,44,814.86,21814.0,999,560,56.06,0.0374,Affordable
2021,9,Sant Andreu,60,Sant Andreu,45,848.7,22164.0,762,343,45.01,0.0383,Moderate
2021,9,Sant Andreu,60,Sant Andreu,46,847.09,23508.0,722,246,34.07,0.036,Affordable
2021,9,Sant Andreu,60,Sant Andreu,47,821.41,23376.0,1045,510,48.8,0.0351,Affordable
2021,9,Sant Andreu,60,Sant Andreu,48,850.62,21136.0,647,180,27.82,0.0402,Moderate
2021,9,Sant Andreu,60,Sant Andreu,49,860.51,19771.0,563,124,22.02,0.0435,Pressured
2021,9,Sant Andreu,60,Sant Andreu,50,857.83,22792.0,857,344,40.14,0.0376,Affordable
2021,9,Sant Andreu,60,Sant Andreu,51,835.87,22551.0,787,330,41.93,0.0371,Affordable
2021,9,Sant Andreu,60,Sant Andreu,52,843.67,21309.0,589,132,22.41,0.0396,Moderate
2021,9,Sant Andreu,60,Sant Andreu,53,864.1,23236.0,941,282,29.97,0.0372,Affordable
2021,9,Sant Andreu,60,Sant Andreu,54,859.72,22640.0,535,15,2.8,0.038,Affordable
2021,9,Sant Andreu,61,la Sagrera,55,743.78,17148.0,656,0,0.0,0.0434,Pressured
2021,9,Sant Andreu,61,la Sagrera,56,873.66,21230.0,522,21,4.02,0.0412,Moderate
2021,9,Sant Andreu,61,la Sagrera,57,816.17,18747.0,763,119,15.6,0.0435,Pressured
2021,9,Sant Andreu,61,la Sagrera,58,912.56,21706.0,797,311,39.02,0.042,Moderate
2021,9,Sant Andreu,61,la Sagrera,59,886.67,20576.0,680,282,41.47,0.0431,Pressured
2021,9,Sant Andreu,61,la Sagrera,60,871.53,20204.0,731,247,33.79,0.0431,Pressured
2021,9,Sant Andreu,61,la Sagrera,61,948.67,23726.0,749,173,23.1,0.04,Moderate
2021,9,Sant Andreu,61,la Sagrera,62,886.49,21416.0,578,293,50.69,0.0414,Moderate
2021,9,Sant Andreu,61,la Sagrera,63,970.62,23557.0,583,198,33.96,0.0412,Moderate
2021,9,Sant Andreu,61,la Sagrera,64,851.14,21843.0,490,2,0.41,0.039,Moderate
2021,9,Sant Andreu,61,la Sagrera,65,851.15,19589.0,883,81,9.17,0.0435,Pressured
2021,9,Sant Andreu,61,la Sagrera,66,897.59,22765.0,644,71,11.02,0.0394,Moderate
2021,9,Sant Andreu,61,la Sagrera,67,848.79,18667.0,696,184,26.44,0.0455,Pressured
2021,9,Sant Andreu,61,la Sagrera,68,882.25,21612.0,722,126,17.45,0.0408,Moderate
2021,9,Sant Andreu,61,la Sagrera,69,823.48,20510.0,440,0,0.0,0.0402,Moderate
2021,9,Sant Andreu,61,la Sagrera,70,766.36,15397.0,837,704,84.11,0.0498,Critical
2021,9,Sant Andreu,61,la Sagrera,71,770.47,18665.0,845,240,28.4,0.0413,Moderate
2021,9,Sant Andreu,61,la Sagrera,72,719.03,16660.0,729,476,65.29,0.0432,Pressured
2021,9,Sant Andreu,61,la Sagrera,73,801.47,21347.0,651,45,6.91,0.0375,Affordable
2021,9,Sant Andreu,61,la Sagrera,156,734.82,19054.0,524,0,0.0,0.0386,Moderate
2021,9,Sant Andreu,62,el Congrés i els Indians,74,763.96,19562.0,817,152,18.6,0.0391,Moderate
2021,9,Sant Andreu,62,el Congrés i els Indians,75,720.21,19216.0,644,116,18.01,0.0375,Affordable
2021,9,Sant Andreu,62,el Congrés i els Indians,76,760.28,19521.0,722,52,7.2,0.0389,Moderate
2021,9,Sant Andreu,62,el Congrés i els Indians,77,781.11,20557.0,814,242,29.73,0.038,Affordable
2021,9,Sant Andreu,62,el Congrés i els Indians,78,790.47,20190.0,690,228,33.04,0.0392,Moderate
2021,9,Sant Andreu,62,el Congrés i els Indians,79,813.47,21683.0,822,290,35.28,0.0375,Affordable
2021,9,Sant Andreu,62,el Congrés i els Indians,80,796.95,20489.0,656,157,23.93,0.0389,Moderate
2021,9,Sant Andreu,62,el Congrés i els Indians,81,821.07,20603.0,896,380,42.41,0.0399,Moderate
2021,9,Sant Andreu,62,el Congrés i els Indians,82,779.85,21013.0,1002,364,36.33,0.0371,Affordable
2021,9,Sant Andreu,63,Navas,83,788.44,21220.0,829,252,30.4,0.0372,Affordable
2021,9,Sant Andreu,63,Navas,84,815.01,22649.0,893,150,16.8,0.036,Affordable
2021,9,Sant Andreu,63,Navas,85,789.29,21120.0,834,186,22.3,0.0374,Affordable
2021,9,Sant Andreu,63,Navas,86,762.82,20507.0,669,137,20.48,0.0372,Affordable
2021,9,Sant Andreu,63,Navas,87,801.85,21563.0,576,34,5.9,0.0372,Affordable
2021,9,Sant Andreu,63,Navas,88,833.08,18757.0,980,383,39.08,0.0444,Pressured
2021,9,Sant Andreu,63,Navas,89,737.26,19541.0,720,236,32.78,0.0377,Affordable
2021,9,Sant Andreu,63,Navas,90,832.66,19215.0,714,140,19.61,0.0433,Pressured
2021,9,Sant Andreu,63,Navas,91,844.9,20634.0,815,64,7.85,0.0409,Moderate
2021,9,Sant Andreu,63,Navas,92,848.87,21034.0,838,82,9.79,0.0404,Moderate
2021,9,Sant Andreu,63,Navas,93,853.43,20716.0,586,68,11.6,0.0412,Moderate
2021,9,Sant Andreu,63,Navas,94,866.74,21174.0,929,111,11.95,0.0409,Moderate
2021,9,Sant Andreu,63,Navas,95,880.62,21324.0,984,174,17.68,0.0413,Moderate
2021,10,Sant Martí,64,Camp de l'Arpa del Clot,1,832.44,18992.0,802,295,36.78,0.0438,Pressured
2021,10,Sant Martí,64,Camp de l'Arpa del Clot,2,843.98,20401.0,908,347,38.22,0.0414,Moderate
2021,10,Sant Martí,64,Camp de l'Arpa del Clot,3,860.46,20424.0,832,363,43.63,0.0421,Pressured
2021,10,Sant Martí,64,Camp de l'Arpa del Clot,4,840.64,20787.0,752,208,27.66,0.0404,Moderate
2021,10,Sant Martí,64,Camp de l'Arpa del Clot,5,886.09,21139.0,774,222,28.68,0.0419,Moderate
2021,10,Sant Martí,64,Camp de l'Arpa del Clot,6,863.0,22577.0,950,243,25.58,0.0382,Moderate
2021,10,Sant Martí,64,Camp de l'Arpa del Clot,7,875.13,27374.0,676,87,12.87,0.032,Affordable
2021,10,Sant Martí,64,Camp de l'Arpa del Clot,8,912.0,21516.0,985,402,40.81,0.0424,Pressured
2021,10,Sant Martí,64,Camp de l'Arpa del Clot,9,892.94,22094.0,935,417,44.6,0.0404,Moderate
2021,10,Sant Martí,64,Camp de l'Arpa del Clot,10,873.14,20441.0,994,440,44.27,0.0427,Pressured
2021,10,Sant Martí,64,Camp de l'Arpa del Clot,11,945.18,23251.0,649,218,33.59,0.0407,Moderate
2021,10,Sant Martí,64,Camp de l'Arpa del Clot,12,903.95,22741.0,912,216,23.68,0.0397,Moderate
2021,10,Sant Martí,64,Camp de l'Arpa del Clot,13,846.41,21109.0,775,261,33.68,0.0401,Moderate
2021,10,Sant Martí,64,Camp de l'Arpa del Clot,14,853.34,19954.0,782,191,24.42,0.0428,Pressured
2021,10,Sant Martí,64,Camp de l'Arpa del Clot,15,929.24,20896.0,985,202,20.51,0.0445,Pressured
2021,10,Sant Martí,64,Camp de l'Arpa del Clot,16,914.07,22619.0,609,166,27.26,0.0404,Moderate
2021,10,Sant Martí,64,Camp de l'Arpa del Clot,17,877.77,20990.0,849,125,14.72,0.0418,Moderate
2021,10,Sant Martí,64,Camp de l'Arpa del Clot,18,859.46,20805.0,794,352,44.33,0.0413,Moderate
2021,10,Sant Martí,64,Camp de l'Arpa del Clot,19,872.07,21529.0,777,198,25.48,0.0405,Moderate
2021,10,Sant Martí,64,Camp de l'Arpa del Clot,20,827.71,19098.0,700,198,28.29,0.0433,Pressured
2021,10,Sant Martí,64,Camp de l'Arpa del Clot,21,827.0,19652.0,677,223,32.94,0.0421,Pressured
2021,10,Sant Martí,64,Camp de l'Arpa del Clot,22,837.75,21058.0,750,301,40.13,0.0398,Moderate
2021,10,Sant Martí,64,Camp de l'Arpa del Clot,23,830.95,19720.0,755,308,40.79,0.0421,Pressured
2021,10,Sant Martí,64,Camp de l'Arpa del Clot,24,857.61,22051.0,764,356,46.6,0.0389,Moderate
2021,10,Sant Martí,64,Camp de l'Arpa del Clot,25,868.69,20067.0,706,269,38.1,0.0433,Pressured
2021,10,Sant Martí,65,el Clot,26,896.06,22298.0,765,251,32.81,0.0402,Moderate
2021,10,Sant Martí,65,el Clot,27,891.45,22109.0,768,254,33.07,0.0403,Moderate
2021,10,Sant Martí,65,el Clot,28,895.38,20869.0,808,265,32.8,0.0429,Pressured
2021,10,Sant Martí,65,el Clot,29,855.49,19742.0,637,139,21.82,0.0433,Pressured
2021,10,Sant Martí,65,el Clot,30,856.55,20642.0,758,44,5.8,0.0415,Moderate
2021,10,Sant Martí,65,el Clot,31,873.73,21341.0,823,474,57.59,0.0409,Moderate
2021,10,Sant Martí,65,el Clot,32,831.22,21915.0,629,124,19.71,0.0379,Affordable
2021,10,Sant Martí,65,el Clot,33,924.12,24462.0,423,96,22.7,0.0378,Affordable
2021,10,Sant Martí,65,el Clot,34,870.75,20081.0,786,135,17.18,0.0434,Pressured
2021,10,Sant Martí,65,el Clot,35,1005.08,23455.0,778,129,16.58,0.0429,Pressured
2021,10,Sant Martí,65,el Clot,36,962.49,24478.0,639,211,33.02,0.0393,Moderate
2021,10,Sant Martí,65,el Clot,37,854.16,16165.0,452,56,12.39,0.0528,Critical
2021,10,Sant Martí,65,el Clot,38,864.04,23936.0,810,185,22.84,0.0361,Affordable
2021,10,Sant Martí,65,el Clot,39,845.59,19856.0,896,222,24.78,0.0426,Pressured
2021,10,Sant Martí,65,el Clot,40,875.75,20444.0,908,364,40.09,0.0428,Pressured
2021,10,Sant Martí,65,el Clot,41,868.69,21338.0,790,182,23.04,0.0407,Moderate
2021,10,Sant Martí,65,el Clot,234,918.12,20377.0,805,22,2.73,0.0451,Pressured
2021,10,Sant Martí,66,el Parc i la Llacuna del Poblenou,42,850.07,19477.0,1751,370,21.13,0.0436,Pressured
2021,10,Sant Martí,66,el Parc i la Llacuna del Poblenou,43,634.34,19423.0,980,355,36.22,0.0327,Affordable
2021,10,Sant Martí,66,el Parc i la Llacuna del Poblenou,44,802.11,22039.0,802,176,21.95,0.0364,Affordable
2021,10,Sant Martí,66,el Parc i la Llacuna del Poblenou,45,1062.88,23650.0,595,81,13.61,0.0449,Pressured
2021,10,Sant Martí,66,el Parc i la Llacuna del Poblenou,46,1068.29,23816.0,641,112,17.47,0.0449,Pressured
2021,10,Sant Martí,66,el Parc i la Llacuna del Poblenou,47,1130.56,23117.0,799,100,12.52,0.0489,Critical
2021,10,Sant Martí,66,el Parc i la Llacuna del Poblenou,48,977.24,24270.0,866,242,27.94,0.0403,Moderate
2021,10,Sant Martí,66,el Parc i la Llacuna del Poblenou,49,899.04,22630.0,601,62,10.32,0.0397,Moderate
2021,10,Sant Martí,66,el Parc i la Llacuna del Poblenou,50,955.58,23478.0,725,40,5.52,0.0407,Moderate
2021,10,Sant Martí,67,la Vila Olímpica del Poblenou,51,1208.79,24086.0,728,94,12.91,0.0502,Critical
2021,10,Sant Martí,67,la Vila Olímpica del Poblenou,52,1280.11,30498.0,1307,595,45.52,0.042,Moderate
2021,10,Sant Martí,67,la Vila Olímpica del Poblenou,53,1398.23,34479.0,978,326,33.33,0.0406,Moderate
2021,10,Sant Martí,67,la Vila Olímpica del Poblenou,54,1188.91,29291.0,488,42,8.61,0.0406,Moderate
2021,10,Sant Martí,67,la Vila Olímpica del Poblenou,55,1508.97,32209.0,1156,64,5.54,0.0468,Critical
2021,10,Sant Martí,68,el Poblenou,56,509.72,17555.0,1085,511,47.1,0.029,Affordable
2021,10,Sant Martí,68,el Poblenou,57,579.89,20773.0,762,383,50.26,0.0279,Affordable
2021,10,Sant Martí,68,el Poblenou,58,556.27,20254.0,586,263,44.88,0.0275,Affordable
2021,10,Sant Martí,68,el Poblenou,59,1457.24,23193.0,1076,525,48.79,0.0628,Critical
2021,10,Sant Martí,68,el Poblenou,60,1025.08,20770.0,981,455,46.38,0.0494,Critical
2021,10,Sant Martí,68,el Poblenou,61,1021.06,23365.0,869,143,16.46,0.0437,Pressured
2021,10,Sant Martí,68,el Poblenou,62,1030.01,22733.0,750,109,14.53,0.0453,Pressured
2021,10,Sant Martí,68,el Poblenou,63,1020.57,22407.0,508,105,20.67,0.0455,Pressured
2021,10,Sant Martí,68,el Poblenou,64,943.17,23745.0,906,224,24.72,0.0397,Moderate
2021,10,Sant Martí,68,el Poblenou,65,1025.0,24096.0,826,189,22.88,0.0425,Pressured
2021,10,Sant Martí,68,el Poblenou,66,1034.72,23228.0,967,241,24.92,0.0445,Pressured
2021,10,Sant Martí,68,el Poblenou,67,1284.38,29418.0,769,88,11.44,0.0437,Pressured
2021,10,Sant Martí,68,el Poblenou,68,1214.07,25438.0,659,76,11.53,0.0477,Critical
2021,10,Sant Martí,68,el Poblenou,69,1080.17,25889.0,1272,560,44.03,0.0417,Moderate
2021,10,Sant Martí,68,el Poblenou,70,1030.78,21683.0,860,429,49.88,0.0475,Critical
2021,10,Sant Martí,68,el Poblenou,71,1147.7,24488.0,767,124,16.17,0.0469,Critical
2021,10,Sant Martí,68,el Poblenou,72,1031.36,21941.0,995,403,40.5,0.047,Critical
2021,10,Sant Martí,68,el Poblenou,73,1003.42,20119.0,707,206,29.14,0.0499,Critical
2021,10,Sant Martí,68,el Poblenou,74,1009.78,20958.0,840,321,38.21,0.0482,Critical
2021,10,Sant Martí,68,el Poblenou,75,1024.44,20585.0,704,252,35.8,0.0498,Critical
2021,10,Sant Martí,69,Diagonal Mar i el Front Marítim del Poblenou,76,996.36,25297.0,861,227,26.36,0.0394,Moderate
2021,10,Sant Martí,69,Diagonal Mar i el Front Marítim del Poblenou,77,1128.59,26788.0,907,204,22.49,0.0421,Pressured
2021,10,Sant Martí,69,Diagonal Mar i el Front Marítim del Poblenou,78,1677.08,27356.0,1091,85,7.79,0.0613,Critical
2021,10,Sant Martí,69,Diagonal Mar i el Front Marítim del Poblenou,79,1301.94,23588.0,705,31,4.4,0.0552,Critical
2021,10,Sant Martí,69,Diagonal Mar i el Front Marítim del Poblenou,80,2056.74,28878.0,1302,14,1.08,0.0712,Critical
2021,10,Sant Martí,69,Diagonal Mar i el Front Marítim del Poblenou,235,846.51,18252.0,675,227,33.63,0.0464,Critical
2021,10,Sant Martí,69,Diagonal Mar i el Front Marítim del Poblenou,236,817.74,18783.0,789,71,9.0,0.0435,Pressured
2021,10,Sant Martí,70,el Besòs i el Maresme,81,678.41,16357.0,1006,487,48.41,0.0415,Moderate
2021,10,Sant Martí,70,el Besòs i el Maresme,82,436.4,9635.0,723,664,91.84,0.0453,Pressured
2021,10,Sant Martí,70,el Besòs i el Maresme,83,454.11,8715.0,791,635,80.28,0.0521,Critical
2021,10,Sant Martí,70,el Besòs i el Maresme,84,488.95,12242.0,653,424,64.93,0.0399,Moderate
2021,10,Sant Martí,70,el Besòs i el Maresme,85,466.2,10983.0,871,461,52.93,0.0424,Pressured
2021,10,Sant Martí,70,el Besòs i el Maresme,86,507.85,12898.0,954,447,46.86,0.0394,Moderate
2021,10,Sant Martí,70,el Besòs i el Maresme,87,485.09,13064.0,780,182,23.33,0.0371,Affordable
2021,10,Sant Martí,70,el Besòs i el Maresme,88,738.28,17762.0,690,14,2.03,0.0416,Moderate
2021,10,Sant Martí,70,el Besòs i el Maresme,89,456.74,13168.0,686,452,65.89,0.0347,Affordable
2021,10,Sant Martí,70,el Besòs i el Maresme,90,496.63,14933.0,599,16,2.67,0.0333,Affordable
2021,10,Sant Martí,70,el Besòs i el Maresme,91,511.86,16747.0,893,52,5.82,0.0306,Affordable
2021,10,Sant Martí,70,el Besòs i el Maresme,92,824.28,19250.0,618,1,0.16,0.0428,Pressured
2021,10,Sant Martí,70,el Besòs i el Maresme,93,525.27,20601.0,500,45,9.0,0.0255,Affordable
2021,10,Sant Martí,71,Provençals del Poblenou,94,878.44,22595.0,1546,442,28.59,0.0389,Moderate
2021,10,Sant Martí,71,Provençals del Poblenou,95,959.07,18245.0,601,230,38.27,0.0526,Critical
2021,10,Sant Martí,71,Provençals del Poblenou,96,1036.04,23663.0,589,30,5.09,0.0438,Pressured
2021,10,Sant Martí,71,Provençals del Poblenou,97,1043.41,23831.0,472,126,26.69,0.0438,Pressured
2021,10,Sant Martí,71,Provençals del Poblenou,98,989.14,22337.0,685,12,1.75,0.0443,Pressured
2021,10,Sant Martí,71,Provençals del Poblenou,99,1029.28,15100.0,430,8,1.86,0.0682,Critical
2021,10,Sant Martí,71,Provençals del Poblenou,100,543.69,17953.0,704,73,10.37,0.0303,Affordable
2021,10,Sant Martí,71,Provençals del Poblenou,101,690.45,17639.0,729,163,22.36,0.0391,Moderate
2021,10,Sant Martí,71,Provençals del Poblenou,102,696.79,17608.0,1186,106,8.94,0.0396,Moderate
2021,10,Sant Martí,71,Provençals del Poblenou,103,734.66,19367.0,956,50,5.23,0.0379,Affordable
2021,10,Sant Martí,71,Provençals del Poblenou,104,733.48,22907.0,635,0,0.0,0.032,Affordable
2021,10,Sant Martí,71,Provençals del Poblenou,237,698.07,17251.0,427,224,52.46,0.0405,Moderate
2021,10,Sant Martí,72,Sant Martí de Provençals,105,770.3,20611.0,950,285,30.0,0.0374,Affordable
2021,10,Sant Martí,72,Sant Martí de Provençals,106,706.26,19284.0,463,73,15.77,0.0366,Affordable
2021,10,Sant Martí,72,Sant Martí de Provençals,107,779.21,24185.0,699,102,14.59,0.0322,Affordable
2021,10,Sant Martí,72,Sant Martí de Provençals,108,738.84,19362.0,623,90,14.45,0.0382,Moderate
2021,10,Sant Martí,72,Sant Martí de Provençals,109,694.56,17896.0,706,146,20.68,0.0388,Moderate
2021,10,Sant Martí,72,Sant Martí de Provençals,110,697.03,17962.0,759,153,20.16,0.0388,Moderate
2021,10,Sant Martí,72,Sant Martí de Provençals,111,698.08,18411.0,585,21,3.59,0.0379,Affordable
2021,10,Sant Martí,72,Sant Martí de Provençals,112,642.06,22574.0,632,1,0.16,0.0284,Affordable
2021,10,Sant Martí,72,Sant Martí de Provençals,113,657.82,18498.0,515,16,3.11,0.0356,Affordable
2021,10,Sant Martí,72,Sant Martí de Provençals,114,628.79,16045.0,640,2,0.31,0.0392,Moderate
2021,10,Sant Martí,72,Sant Martí de Provençals,115,649.84,17317.0,622,19,3.05,0.0375,Affordable
2021,10,Sant Martí,72,Sant Martí de Provençals,116,622.35,16621.0,868,264,30.41,0.0374,Affordable
2021,10,Sant Martí,72,Sant Martí de Provençals,117,649.71,18008.0,568,1,0.18,0.0361,Affordable
2021,10,Sant Martí,72,Sant Martí de Provençals,118,695.13,22782.0,409,1,0.24,0.0305,Affordable
2021,10,Sant Martí,72,Sant Martí de Provençals,119,690.53,16673.0,577,448,77.64,0.0414,Moderate
2021,10,Sant Martí,72,Sant Martí de Provençals,120,668.69,17849.0,752,74,9.84,0.0375,Affordable
2021,10,Sant Martí,72,Sant Martí de Provençals,121,662.76,17193.0,733,157,21.42,0.0385,Moderate
2021,10,Sant Martí,72,Sant Martí de Provençals,122,710.08,21304.0,611,0,0.0,0.0333,Affordable
2021,10,Sant Martí,73,la Verneda i la Pau,123,701.94,19048.0,593,175,29.51,0.0369,Affordable
2021,10,Sant Martí,73,la Verneda i la Pau,124,755.81,19807.0,462,1,0.22,0.0382,Moderate
2021,10,Sant Martí,73,la Verneda i la Pau,125,729.49,17798.0,490,40,8.16,0.041,Moderate
2021,10,Sant Martí,73,la Verneda i la Pau,126,569.22,19093.0,440,7,1.59,0.0298,Affordable
2021,10,Sant Martí,73,la Verneda i la Pau,127,826.31,20597.0,435,145,33.33,0.0401,Moderate
2021,10,Sant Martí,73,la Verneda i la Pau,128,744.28,20400.0,742,28,3.77,0.0365,Affordable
2021,10,Sant Martí,73,la Verneda i la Pau,129,684.5,20504.0,479,0,0.0,0.0334,Affordable
2021,10,Sant Martí,73,la Verneda i la Pau,130,618.92,19403.0,581,1,0.17,0.0319,Affordable
2021,10,Sant Martí,73,la Verneda i la Pau,131,685.39,22677.0,437,4,0.92,0.0302,Affordable
2021,10,Sant Martí,73,la Verneda i la Pau,132,627.34,17415.0,524,1,0.19,0.036,Affordable
2021,10,Sant Martí,73,la Verneda i la Pau,133,628.87,16184.0,866,124,14.32,0.0389,Moderate
2021,10,Sant Martí,73,la Verneda i la Pau,134,620.93,16884.0,798,548,68.67,0.0368,Affordable
2021,10,Sant Martí,73,la Verneda i la Pau,135,612.18,17270.0,561,56,9.98,0.0354,Affordable
2021,10,Sant Martí,73,la Verneda i la Pau,136,498.18,17156.0,600,9,1.5,0.029,Affordable
2021,10,Sant Martí,73,la Verneda i la Pau,137,479.08,15494.0,645,37,5.74,0.0309,Affordable
2021,10,Sant Martí,73,la Verneda i la Pau,138,490.07,13848.0,776,442,56.96,0.0354,Affordable
2021,10,Sant Martí,73,la Verneda i la Pau,139,495.52,14707.0,766,546,71.28,0.0337,Affordable
2021,10,Sant Martí,73,la Verneda i la Pau,140,464.78,14915.0,691,161,23.3,0.0312,Affordable
2021,10,Sant Martí,73,la Verneda i la Pau,141,525.66,15455.0,473,90,19.03,0.034,Affordable
2021,10,Sant Martí,73,la Verneda i la Pau,142,501.48,14453.0,672,327,48.66,0.0347,Affordable
2021,10,Sant Martí,73,la Verneda i la Pau,143,454.29,16127.0,1046,476,45.51,0.0282,Affordable
2022,1,Ciutat Vella,1,el Raval,1,979.09,15940.0,803,433,53.92,0.0614,Critical
2022,1,Ciutat Vella,1,el Raval,2,927.92,13841.0,732,379,51.78,0.067,Critical
2022,1,Ciutat Vella,1,el Raval,3,847.41,12732.0,1337,847,63.35,0.0666,Critical
2022,1,Ciutat Vella,1,el Raval,4,880.9,15749.0,1509,770,51.03,0.0559,Critical
2022,1,Ciutat Vella,1,el Raval,5,895.52,13190.0,1291,473,36.64,0.0679,Critical
2022,1,Ciutat Vella,1,el Raval,6,785.27,14262.0,918,394,42.92,0.0551,Critical
2022,1,Ciutat Vella,1,el Raval,7,828.19,13335.0,888,422,47.52,0.0621,Critical
2022,1,Ciutat Vella,1,el Raval,8,807.89,10692.0,1244,948,76.21,0.0756,Critical
2022,1,Ciutat Vella,1,el Raval,9,823.14,13723.0,1049,627,59.77,0.06,Critical
2022,1,Ciutat Vella,1,el Raval,10,767.51,11833.0,965,757,78.45,0.0649,Critical
2022,1,Ciutat Vella,1,el Raval,11,846.18,11708.0,1561,1185,75.91,0.0723,Critical
2022,1,Ciutat Vella,1,el Raval,12,911.08,14737.0,1057,702,66.41,0.0618,Critical
2022,1,Ciutat Vella,1,el Raval,13,916.56,14851.0,623,243,39.0,0.0617,Critical
2022,1,Ciutat Vella,1,el Raval,14,854.6,14082.0,816,471,57.72,0.0607,Critical
2022,1,Ciutat Vella,1,el Raval,15,867.88,14744.0,1089,671,61.62,0.0589,Critical
2022,1,Ciutat Vella,1,el Raval,16,868.23,14277.0,1103,724,65.64,0.0608,Critical
2022,1,Ciutat Vella,1,el Raval,17,803.38,12292.0,1186,839,70.74,0.0654,Critical
2022,1,Ciutat Vella,1,el Raval,18,912.1,13914.0,699,312,44.64,0.0656,Critical
2022,1,Ciutat Vella,1,el Raval,19,961.31,13991.0,1605,899,56.01,0.0687,Critical
2022,1,Ciutat Vella,1,el Raval,20,939.06,19278.0,1368,394,28.8,0.0487,Critical
2022,1,Ciutat Vella,1,el Raval,21,1196.97,19473.0,1570,609,38.79,0.0615,Critical
2022,1,Ciutat Vella,2,el Gòtic,22,1498.67,24330.0,916,217,23.69,0.0616,Critical
2022,1,Ciutat Vella,2,el Gòtic,23,1236.43,20302.0,1560,556,35.64,0.0609,Critical
2022,1,Ciutat Vella,2,el Gòtic,25,1045.2,18972.0,1099,379,34.49,0.0551,Critical
2022,1,Ciutat Vella,2,el Gòtic,26,938.0,20162.0,1075,418,38.88,0.0465,Critical
2022,1,Ciutat Vella,2,el Gòtic,27,932.86,17614.0,1039,326,31.38,0.053,Critical
2022,1,Ciutat Vella,2,el Gòtic,28,1138.82,19283.0,1337,512,38.29,0.0591,Critical
2022,1,Ciutat Vella,2,el Gòtic,29,897.48,16012.0,904,310,34.29,0.0561,Critical
2022,1,Ciutat Vella,2,el Gòtic,30,944.01,15938.0,1385,377,27.22,0.0592,Critical
2022,1,Ciutat Vella,2,el Gòtic,31,939.43,15400.0,1184,446,37.67,0.061,Critical
2022,1,Ciutat Vella,3,la Barceloneta,32,1224.68,19836.0,1264,987,78.09,0.0617,Critical
2022,1,Ciutat Vella,3,la Barceloneta,33,1230.2,17188.0,709,589,83.07,0.0716,Critical
2022,1,Ciutat Vella,3,la Barceloneta,34,1196.15,17278.0,703,646,91.89,0.0692,Critical
2022,1,Ciutat Vella,3,la Barceloneta,35,1181.35,17458.0,773,712,92.11,0.0677,Critical
2022,1,Ciutat Vella,3,la Barceloneta,36,1365.77,17877.0,789,519,65.78,0.0764,Critical
2022,1,Ciutat Vella,3,la Barceloneta,37,1160.22,18627.0,671,380,56.63,0.0623,Critical
2022,1,Ciutat Vella,3,la Barceloneta,38,1170.9,16281.0,930,859,92.37,0.0719,Critical
2022,1,Ciutat Vella,3,la Barceloneta,39,1182.75,18053.0,781,453,58.0,0.0655,Critical
2022,1,Ciutat Vella,3,la Barceloneta,40,1277.46,19187.0,705,580,82.27,0.0666,Critical
2022,1,Ciutat Vella,3,la Barceloneta,41,1186.23,17187.0,1031,945,91.66,0.069,Critical
2022,1,Ciutat Vella,3,la Barceloneta,42,1270.68,18653.0,865,426,49.25,0.0681,Critical
2022,1,Ciutat Vella,4,"Sant Pere, Santa Caterina i la Ribera",43,1215.11,25186.0,1193,359,30.09,0.0482,Critical
2022,1,Ciutat Vella,4,"Sant Pere, Santa Caterina i la Ribera",44,1111.45,20772.0,963,321,33.33,0.0535,Critical
2022,1,Ciutat Vella,4,"Sant Pere, Santa Caterina i la Ribera",45,1017.62,19646.0,1490,760,51.01,0.0518,Critical
2022,1,Ciutat Vella,4,"Sant Pere, Santa Caterina i la Ribera",46,1100.72,17547.0,1271,575,45.24,0.0627,Critical
2022,1,Ciutat Vella,4,"Sant Pere, Santa Caterina i la Ribera",47,972.17,20023.0,1271,739,58.14,0.0486,Critical
2022,1,Ciutat Vella,4,"Sant Pere, Santa Caterina i la Ribera",48,946.58,15023.0,1359,776,57.1,0.063,Critical
2022,1,Ciutat Vella,4,"Sant Pere, Santa Caterina i la Ribera",49,1041.41,18668.0,772,228,29.53,0.0558,Critical
2022,1,Ciutat Vella,4,"Sant Pere, Santa Caterina i la Ribera",50,943.53,17298.0,930,483,51.94,0.0545,Critical
2022,1,Ciutat Vella,4,"Sant Pere, Santa Caterina i la Ribera",51,912.98,17760.0,1119,722,64.52,0.0514,Critical
2022,1,Ciutat Vella,4,"Sant Pere, Santa Caterina i la Ribera",52,1075.59,24015.0,1363,291,21.35,0.0448,Critical
2022,1,Ciutat Vella,4,"Sant Pere, Santa Caterina i la Ribera",53,979.76,17569.0,1338,812,60.69,0.0558,Critical
2022,1,Ciutat Vella,4,"Sant Pere, Santa Caterina i la Ribera",54,1037.03,18968.0,867,546,62.98,0.0547,Critical
2022,1,Ciutat Vella,4,"Sant Pere, Santa Caterina i la Ribera",55,1070.43,23042.0,684,176,25.73,0.0465,Critical
2022,2,Eixample,5,el Fort Pienc,1,1118.14,22790.0,660,244,36.97,0.0491,Critical
2022,2,Eixample,5,el Fort Pienc,2,1110.18,23841.0,906,226,24.94,0.0466,Critical
2022,2,Eixample,5,el Fort Pienc,3,1083.93,26735.0,538,148,27.51,0.0405,Pressured
2022,2,Eixample,5,el Fort Pienc,4,1041.83,20846.0,658,38,5.78,0.05,Critical
2022,2,Eixample,5,el Fort Pienc,5,1089.05,25223.0,1015,66,6.5,0.0432,Pressured
2022,2,Eixample,5,el Fort Pienc,6,1192.39,26174.0,844,66,7.82,0.0456,Critical
2022,2,Eixample,5,el Fort Pienc,7,1194.18,28926.0,616,136,22.08,0.0413,Pressured
2022,2,Eixample,5,el Fort Pienc,8,1087.34,26072.0,851,49,5.76,0.0417,Pressured
2022,2,Eixample,5,el Fort Pienc,9,1091.81,25066.0,825,200,24.24,0.0436,Pressured
2022,2,Eixample,5,el Fort Pienc,10,1001.0,23183.0,546,31,5.68,0.0432,Pressured
2022,2,Eixample,5,el Fort Pienc,11,1086.25,24698.0,571,116,20.32,0.044,Pressured
2022,2,Eixample,5,el Fort Pienc,12,1037.3,20656.0,715,91,12.73,0.0502,Critical
2022,2,Eixample,5,el Fort Pienc,13,957.37,21814.0,603,262,43.45,0.0439,Pressured
2022,2,Eixample,5,el Fort Pienc,14,974.8,20498.0,693,104,15.01,0.0476,Critical
2022,2,Eixample,5,el Fort Pienc,15,988.92,20373.0,766,201,26.24,0.0485,Critical
2022,2,Eixample,5,el Fort Pienc,16,1053.98,26542.0,968,216,22.31,0.0397,Moderate
2022,2,Eixample,5,el Fort Pienc,17,1151.87,26887.0,948,103,10.86,0.0428,Pressured
2022,2,Eixample,5,el Fort Pienc,18,1154.43,25637.0,953,131,13.75,0.045,Critical
2022,2,Eixample,5,el Fort Pienc,19,1103.64,24358.0,986,101,10.24,0.0453,Critical
2022,2,Eixample,5,el Fort Pienc,20,1050.09,22945.0,856,400,46.73,0.0458,Critical
2022,2,Eixample,6,la Sagrada Família,21,963.69,23411.0,854,303,35.48,0.0412,Pressured
2022,2,Eixample,6,la Sagrada Família,22,982.46,23805.0,630,124,19.68,0.0413,Pressured
2022,2,Eixample,6,la Sagrada Família,23,1027.51,24495.0,539,171,31.73,0.0419,Pressured
2022,2,Eixample,6,la Sagrada Família,24,969.53,21808.0,660,166,25.15,0.0445,Critical
2022,2,Eixample,6,la Sagrada Família,25,1033.32,22251.0,673,244,36.26,0.0464,Critical
2022,2,Eixample,6,la Sagrada Família,26,1042.69,22712.0,1074,284,26.44,0.0459,Critical
2022,2,Eixample,6,la Sagrada Família,27,1029.39,23205.0,1003,111,11.07,0.0444,Critical
2022,2,Eixample,6,la Sagrada Família,28,1019.1,23093.0,1125,415,36.89,0.0441,Pressured
2022,2,Eixample,6,la Sagrada Família,29,1017.99,23537.0,610,91,14.92,0.0433,Pressured
2022,2,Eixample,6,la Sagrada Família,30,1004.97,19958.0,646,93,14.4,0.0504,Critical
2022,2,Eixample,6,la Sagrada Família,31,1069.6,25192.0,510,71,13.92,0.0425,Pressured
2022,2,Eixample,6,la Sagrada Família,32,941.21,24660.0,560,134,23.93,0.0382,Moderate
2022,2,Eixample,6,la Sagrada Família,33,1028.2,23934.0,645,260,40.31,0.043,Pressured
2022,2,Eixample,6,la Sagrada Família,34,1018.06,21815.0,666,270,40.54,0.0467,Critical
2022,2,Eixample,6,la Sagrada Família,35,1030.47,25035.0,702,92,13.11,0.0412,Pressured
2022,2,Eixample,6,la Sagrada Família,36,1026.0,25842.0,591,150,25.38,0.0397,Moderate
2022,2,Eixample,6,la Sagrada Família,37,1060.95,27029.0,584,122,20.89,0.0393,Moderate
2022,2,Eixample,6,la Sagrada Família,38,1072.56,26402.0,794,261,32.87,0.0406,Pressured
2022,2,Eixample,6,la Sagrada Família,39,1040.42,23132.0,932,232,24.89,0.045,Critical
2022,2,Eixample,6,la Sagrada Família,40,1021.86,20914.0,886,405,45.71,0.0489,Critical
2022,2,Eixample,6,la Sagrada Família,41,1047.22,23317.0,843,259,30.72,0.0449,Critical
2022,2,Eixample,6,la Sagrada Família,42,1049.11,25918.0,790,59,7.47,0.0405,Pressured
2022,2,Eixample,6,la Sagrada Família,43,1110.63,24593.0,691,107,15.48,0.0452,Critical
2022,2,Eixample,6,la Sagrada Família,44,1042.24,21162.0,588,144,24.49,0.0493,Critical
2022,2,Eixample,6,la Sagrada Família,45,1063.25,25351.0,579,191,32.99,0.0419,Pressured
2022,2,Eixample,6,la Sagrada Família,46,982.44,21589.0,1037,124,11.96,0.0455,Critical
2022,2,Eixample,6,la Sagrada Família,47,1081.83,22895.0,961,191,19.88,0.0473,Critical
2022,2,Eixample,6,la Sagrada Família,48,1066.19,22490.0,629,122,19.4,0.0474,Critical
2022,2,Eixample,6,la Sagrada Família,49,1085.79,22119.0,1147,489,42.63,0.0491,Critical
2022,2,Eixample,6,la Sagrada Família,50,1015.41,23490.0,951,364,38.28,0.0432,Pressured
2022,2,Eixample,6,la Sagrada Família,51,914.65,20797.0,1104,261,23.64,0.044,Pressured
2022,2,Eixample,6,la Sagrada Família,52,1158.1,24261.0,1052,311,29.56,0.0477,Critical
2022,2,Eixample,6,la Sagrada Família,53,1153.61,24829.0,1125,320,28.44,0.0465,Critical
2022,2,Eixample,6,la Sagrada Família,54,1122.14,24388.0,1038,208,20.04,0.046,Critical
2022,2,Eixample,7,la Dreta de l'Eixample,55,1156.3,25670.0,1041,175,16.81,0.045,Critical
2022,2,Eixample,7,la Dreta de l'Eixample,56,1193.96,26223.0,776,141,18.17,0.0455,Critical
2022,2,Eixample,7,la Dreta de l'Eixample,57,1261.34,32110.0,634,45,7.1,0.0393,Moderate
2022,2,Eixample,7,la Dreta de l'Eixample,58,1232.86,29126.0,801,96,11.99,0.0423,Pressured
2022,2,Eixample,7,la Dreta de l'Eixample,59,1237.99,28590.0,831,65,7.82,0.0433,Pressured
2022,2,Eixample,7,la Dreta de l'Eixample,60,1170.94,26853.0,934,117,12.53,0.0436,Pressured
2022,2,Eixample,7,la Dreta de l'Eixample,61,1223.35,25141.0,769,243,31.6,0.0487,Critical
2022,2,Eixample,7,la Dreta de l'Eixample,62,1257.98,29073.0,868,85,9.79,0.0433,Pressured
2022,2,Eixample,7,la Dreta de l'Eixample,63,1335.68,33504.0,667,47,7.05,0.0399,Moderate
2022,2,Eixample,7,la Dreta de l'Eixample,64,1295.42,34279.0,680,43,6.32,0.0378,Moderate
2022,2,Eixample,7,la Dreta de l'Eixample,65,1260.29,26124.0,1039,142,13.67,0.0482,Critical
2022,2,Eixample,7,la Dreta de l'Eixample,66,1155.27,26487.0,916,160,17.47,0.0436,Pressured
2022,2,Eixample,7,la Dreta de l'Eixample,67,1135.34,24205.0,1064,326,30.64,0.0469,Critical
2022,2,Eixample,7,la Dreta de l'Eixample,68,1180.15,24597.0,902,178,19.73,0.048,Critical
2022,2,Eixample,7,la Dreta de l'Eixample,69,1277.87,27907.0,731,87,11.9,0.0458,Critical
2022,2,Eixample,7,la Dreta de l'Eixample,70,1237.96,29588.0,780,133,17.05,0.0418,Pressured
2022,2,Eixample,7,la Dreta de l'Eixample,71,1269.87,30730.0,917,69,7.52,0.0413,Pressured
2022,2,Eixample,7,la Dreta de l'Eixample,72,1312.83,32777.0,642,46,7.17,0.0401,Moderate
2022,2,Eixample,7,la Dreta de l'Eixample,73,1244.16,29806.0,971,140,14.42,0.0417,Pressured
2022,2,Eixample,7,la Dreta de l'Eixample,74,1187.59,32048.0,729,58,7.96,0.0371,Moderate
2022,2,Eixample,7,la Dreta de l'Eixample,75,1221.72,29337.0,759,105,13.83,0.0416,Pressured
2022,2,Eixample,7,la Dreta de l'Eixample,76,1265.45,33570.0,920,99,10.76,0.0377,Moderate
2022,2,Eixample,7,la Dreta de l'Eixample,77,1868.5,27936.0,1362,212,15.57,0.0669,Critical
2022,2,Eixample,7,la Dreta de l'Eixample,78,2013.77,30538.0,1088,203,18.66,0.0659,Critical
2022,2,Eixample,7,la Dreta de l'Eixample,79,1811.68,34652.0,1142,132,11.56,0.0523,Critical
2022,2,Eixample,7,la Dreta de l'Eixample,80,1793.86,29980.0,1078,147,13.64,0.0598,Critical
2022,2,Eixample,7,la Dreta de l'Eixample,81,1868.06,32610.0,1704,186,10.92,0.0573,Critical
2022,2,Eixample,7,la Dreta de l'Eixample,82,1813.82,35461.0,735,67,9.12,0.0511,Critical
2022,2,Eixample,7,la Dreta de l'Eixample,83,1783.07,35723.0,1461,218,14.92,0.0499,Critical
2022,2,Eixample,8,l'Antiga Esquerra de l'Eixample,84,1276.85,29114.0,1284,190,14.8,0.0439,Pressured
2022,2,Eixample,8,l'Antiga Esquerra de l'Eixample,85,1298.98,29619.0,1026,120,11.7,0.0439,Pressured
2022,2,Eixample,8,l'Antiga Esquerra de l'Eixample,86,1256.7,31623.0,866,76,8.78,0.0397,Moderate
2022,2,Eixample,8,l'Antiga Esquerra de l'Eixample,87,1254.93,28228.0,853,134,15.71,0.0445,Critical
2022,2,Eixample,8,l'Antiga Esquerra de l'Eixample,88,1305.75,30535.0,1022,184,18.0,0.0428,Pressured
2022,2,Eixample,8,l'Antiga Esquerra de l'Eixample,89,1270.76,28941.0,1148,187,16.29,0.0439,Pressured
2022,2,Eixample,8,l'Antiga Esquerra de l'Eixample,90,1251.62,26461.0,985,185,18.78,0.0473,Critical
2022,2,Eixample,8,l'Antiga Esquerra de l'Eixample,91,1267.06,27557.0,1151,181,15.73,0.046,Critical
2022,2,Eixample,8,l'Antiga Esquerra de l'Eixample,92,1233.0,26561.0,1014,179,17.65,0.0464,Critical
2022,2,Eixample,8,l'Antiga Esquerra de l'Eixample,93,1275.67,26544.0,876,138,15.75,0.0481,Critical
2022,2,Eixample,8,l'Antiga Esquerra de l'Eixample,94,1302.03,27481.0,781,99,12.68,0.0474,Critical
2022,2,Eixample,8,l'Antiga Esquerra de l'Eixample,95,1226.33,27232.0,806,154,19.11,0.045,Critical
2022,2,Eixample,8,l'Antiga Esquerra de l'Eixample,96,1255.59,24967.0,799,153,19.15,0.0503,Critical
2022,2,Eixample,8,l'Antiga Esquerra de l'Eixample,97,1249.78,25274.0,686,208,30.32,0.0494,Critical
2022,2,Eixample,8,l'Antiga Esquerra de l'Eixample,98,1239.84,28586.0,857,84,9.8,0.0434,Pressured
2022,2,Eixample,8,l'Antiga Esquerra de l'Eixample,99,1251.97,29234.0,798,125,15.66,0.0428,Pressured
2022,2,Eixample,8,l'Antiga Esquerra de l'Eixample,100,1346.11,27833.0,754,155,20.56,0.0484,Critical
2022,2,Eixample,8,l'Antiga Esquerra de l'Eixample,101,1281.29,26991.0,1135,167,14.71,0.0475,Critical
2022,2,Eixample,8,l'Antiga Esquerra de l'Eixample,102,1275.63,31352.0,742,77,10.38,0.0407,Pressured
2022,2,Eixample,8,l'Antiga Esquerra de l'Eixample,103,1290.26,23458.0,1047,313,29.89,0.055,Critical
2022,2,Eixample,8,l'Antiga Esquerra de l'Eixample,104,1337.18,28771.0,595,11,1.85,0.0465,Critical
2022,2,Eixample,8,l'Antiga Esquerra de l'Eixample,105,1252.74,24334.0,1194,100,8.38,0.0515,Critical
2022,2,Eixample,8,l'Antiga Esquerra de l'Eixample,106,1282.39,30506.0,838,225,26.85,0.042,Pressured
2022,2,Eixample,8,l'Antiga Esquerra de l'Eixample,107,1335.03,29971.0,975,87,8.92,0.0445,Critical
2022,2,Eixample,8,l'Antiga Esquerra de l'Eixample,108,1410.65,31290.0,901,124,13.76,0.0451,Critical
2022,2,Eixample,8,l'Antiga Esquerra de l'Eixample,109,1398.73,32778.0,1163,68,5.85,0.0427,Pressured
2022,2,Eixample,9,la Nova Esquerra de l'Eixample,110,1244.67,26399.0,1116,296,26.52,0.0471,Critical
2022,2,Eixample,9,la Nova Esquerra de l'Eixample,111,1217.8,26249.0,1006,252,25.05,0.0464,Critical
2022,2,Eixample,9,la Nova Esquerra de l'Eixample,112,1396.06,32346.0,654,17,2.6,0.0432,Pressured
2022,2,Eixample,9,la Nova Esquerra de l'Eixample,113,1243.83,30804.0,1131,48,4.24,0.0404,Moderate
2022,2,Eixample,9,la Nova Esquerra de l'Eixample,114,1161.65,26587.0,886,81,9.14,0.0437,Pressured
2022,2,Eixample,9,la Nova Esquerra de l'Eixample,115,1108.15,24599.0,761,170,22.34,0.045,Critical
2022,2,Eixample,9,la Nova Esquerra de l'Eixample,116,1211.4,30343.0,501,29,5.79,0.0399,Moderate
2022,2,Eixample,9,la Nova Esquerra de l'Eixample,117,1223.62,24991.0,615,46,7.48,0.049,Critical
2022,2,Eixample,9,la Nova Esquerra de l'Eixample,118,1283.22,29697.0,701,70,9.99,0.0432,Pressured
2022,2,Eixample,9,la Nova Esquerra de l'Eixample,119,1143.6,27970.0,637,44,6.91,0.0409,Pressured
2022,2,Eixample,9,la Nova Esquerra de l'Eixample,120,1143.41,25793.0,629,156,24.8,0.0443,Critical
2022,2,Eixample,9,la Nova Esquerra de l'Eixample,121,1172.37,28742.0,642,164,25.55,0.0408,Pressured
2022,2,Eixample,9,la Nova Esquerra de l'Eixample,122,1190.49,28801.0,541,123,22.74,0.0413,Pressured
2022,2,Eixample,9,la Nova Esquerra de l'Eixample,123,1141.31,25556.0,646,200,30.96,0.0447,Critical
2022,2,Eixample,9,la Nova Esquerra de l'Eixample,124,1142.55,27242.0,571,72,12.61,0.0419,Pressured
2022,2,Eixample,9,la Nova Esquerra de l'Eixample,125,1260.8,26043.0,835,61,7.31,0.0484,Critical
2022,2,Eixample,9,la Nova Esquerra de l'Eixample,126,1204.0,28075.0,743,55,7.4,0.0429,Pressured
2022,2,Eixample,9,la Nova Esquerra de l'Eixample,127,1128.01,24908.0,733,273,37.24,0.0453,Critical
2022,2,Eixample,9,la Nova Esquerra de l'Eixample,128,1163.67,24196.0,696,266,38.22,0.0481,Critical
2022,2,Eixample,9,la Nova Esquerra de l'Eixample,129,1197.39,25179.0,785,217,27.64,0.0476,Critical
2022,2,Eixample,9,la Nova Esquerra de l'Eixample,130,1384.75,35407.0,506,8,1.58,0.0391,Moderate
2022,2,Eixample,9,la Nova Esquerra de l'Eixample,131,1143.53,25947.0,610,67,10.98,0.0441,Pressured
2022,2,Eixample,9,la Nova Esquerra de l'Eixample,132,1158.57,26171.0,539,150,27.83,0.0443,Critical
2022,2,Eixample,9,la Nova Esquerra de l'Eixample,133,1183.12,25551.0,443,15,3.39,0.0463,Critical
2022,2,Eixample,9,la Nova Esquerra de l'Eixample,134,1190.95,24148.0,762,227,29.79,0.0493,Critical
2022,2,Eixample,9,la Nova Esquerra de l'Eixample,135,1118.31,23347.0,1143,390,34.12,0.0479,Critical
2022,2,Eixample,9,la Nova Esquerra de l'Eixample,136,1143.64,25572.0,438,97,22.15,0.0447,Critical
2022,2,Eixample,9,la Nova Esquerra de l'Eixample,137,1149.96,22926.0,735,181,24.63,0.0502,Critical
2022,2,Eixample,9,la Nova Esquerra de l'Eixample,138,1163.18,25759.0,965,119,12.33,0.0452,Critical
2022,2,Eixample,9,la Nova Esquerra de l'Eixample,139,1154.97,24784.0,972,319,32.82,0.0466,Critical
2022,2,Eixample,9,la Nova Esquerra de l'Eixample,140,1102.38,25629.0,984,123,12.5,0.043,Pressured
2022,2,Eixample,9,la Nova Esquerra de l'Eixample,141,1074.11,23865.0,617,124,20.1,0.045,Critical
2022,2,Eixample,9,la Nova Esquerra de l'Eixample,142,1116.37,22294.0,1120,267,23.84,0.0501,Critical
2022,2,Eixample,9,la Nova Esquerra de l'Eixample,143,1088.73,25002.0,774,145,18.73,0.0435,Pressured
2022,2,Eixample,9,la Nova Esquerra de l'Eixample,144,1110.41,26948.0,764,29,3.8,0.0412,Pressured
2022,2,Eixample,9,la Nova Esquerra de l'Eixample,145,1117.26,24336.0,629,84,13.35,0.0459,Critical
2022,2,Eixample,9,la Nova Esquerra de l'Eixample,146,1151.17,23632.0,558,47,8.42,0.0487,Critical
2022,2,Eixample,9,la Nova Esquerra de l'Eixample,147,1131.78,23710.0,1077,270,25.07,0.0477,Critical
2022,2,Eixample,9,la Nova Esquerra de l'Eixample,148,1134.28,26725.0,858,144,16.78,0.0424,Pressured
2022,2,Eixample,9,la Nova Esquerra de l'Eixample,149,1121.97,23965.0,907,135,14.88,0.0468,Critical
2022,2,Eixample,10,Sant Antoni,150,1069.79,21546.0,730,171,23.42,0.0497,Critical
2022,2,Eixample,10,Sant Antoni,151,1067.41,24718.0,765,156,20.39,0.0432,Pressured
2022,2,Eixample,10,Sant Antoni,152,1075.6,26290.0,638,107,16.77,0.0409,Pressured
2022,2,Eixample,10,Sant Antoni,153,1087.97,26237.0,659,96,14.57,0.0415,Pressured
2022,2,Eixample,10,Sant Antoni,154,1050.94,19916.0,531,146,27.5,0.0528,Critical
2022,2,Eixample,10,Sant Antoni,155,1064.45,22039.0,885,139,15.71,0.0483,Critical
2022,2,Eixample,10,Sant Antoni,156,1123.91,24740.0,622,44,7.07,0.0454,Critical
2022,2,Eixample,10,Sant Antoni,157,1052.56,22316.0,590,153,25.93,0.0472,Critical
2022,2,Eixample,10,Sant Antoni,158,1056.73,23191.0,802,118,14.71,0.0456,Critical
2022,2,Eixample,10,Sant Antoni,159,1022.47,23155.0,931,96,10.31,0.0442,Critical
2022,2,Eixample,10,Sant Antoni,160,1056.55,26665.0,1083,217,20.04,0.0396,Moderate
2022,2,Eixample,10,Sant Antoni,161,1033.46,24006.0,621,100,16.1,0.0431,Pressured
2022,2,Eixample,10,Sant Antoni,162,1046.48,21963.0,719,221,30.74,0.0476,Critical
2022,2,Eixample,10,Sant Antoni,163,1118.45,25409.0,1000,96,9.6,0.044,Pressured
2022,2,Eixample,10,Sant Antoni,164,1013.35,24182.0,1047,225,21.49,0.0419,Pressured
2022,2,Eixample,10,Sant Antoni,165,1029.79,25006.0,993,243,24.47,0.0412,Pressured
2022,2,Eixample,10,Sant Antoni,166,1028.21,22865.0,1162,293,25.22,0.045,Critical
2022,2,Eixample,10,Sant Antoni,167,1038.22,23870.0,1030,182,17.67,0.0435,Pressured
2022,2,Eixample,10,Sant Antoni,168,1041.62,23260.0,1219,366,30.02,0.0448,Critical
2022,2,Eixample,10,Sant Antoni,169,989.14,24208.0,831,212,25.51,0.0409,Pressured
2022,2,Eixample,10,Sant Antoni,170,1028.19,23748.0,787,96,12.2,0.0433,Pressured
2022,2,Eixample,10,Sant Antoni,171,1072.33,20799.0,821,260,31.67,0.0516,Critical
2022,2,Eixample,10,Sant Antoni,172,1024.41,22197.0,871,318,36.51,0.0462,Critical
2022,2,Eixample,10,Sant Antoni,173,1058.39,23774.0,793,315,39.72,0.0445,Critical
2022,3,Sants-Montjuïc,11,el Poble Sec,1,962.98,20069.0,814,188,23.1,0.048,Critical
2022,3,Sants-Montjuïc,11,el Poble Sec,2,859.98,18708.0,1006,618,61.43,0.046,Critical
2022,3,Sants-Montjuïc,11,el Poble Sec,3,922.36,17692.0,787,478,60.74,0.0521,Critical
2022,3,Sants-Montjuïc,11,el Poble Sec,4,924.04,21142.0,790,366,46.33,0.0437,Pressured
2022,3,Sants-Montjuïc,11,el Poble Sec,5,880.89,18633.0,678,286,42.18,0.0473,Critical
2022,3,Sants-Montjuïc,11,el Poble Sec,6,871.3,19132.0,669,311,46.49,0.0455,Critical
2022,3,Sants-Montjuïc,11,el Poble Sec,7,888.06,18151.0,792,427,53.91,0.0489,Critical
2022,3,Sants-Montjuïc,11,el Poble Sec,8,851.71,18302.0,616,379,61.53,0.0465,Critical
2022,3,Sants-Montjuïc,11,el Poble Sec,9,949.9,19616.0,568,232,40.85,0.0484,Critical
2022,3,Sants-Montjuïc,11,el Poble Sec,10,847.76,17286.0,708,229,32.34,0.049,Critical
2022,3,Sants-Montjuïc,11,el Poble Sec,11,827.94,15812.0,871,651,74.74,0.0524,Critical
2022,3,Sants-Montjuïc,11,el Poble Sec,12,852.04,18432.0,1039,498,47.93,0.0462,Critical
2022,3,Sants-Montjuïc,11,el Poble Sec,13,791.3,17314.0,918,570,62.09,0.0457,Critical
2022,3,Sants-Montjuïc,11,el Poble Sec,14,832.47,17103.0,870,495,56.9,0.0487,Critical
2022,3,Sants-Montjuïc,11,el Poble Sec,15,862.39,17648.0,1461,634,43.39,0.0489,Critical
2022,3,Sants-Montjuïc,11,el Poble Sec,16,881.53,17337.0,602,206,34.22,0.0508,Critical
2022,3,Sants-Montjuïc,11,el Poble Sec,17,842.71,16689.0,854,561,65.69,0.0505,Critical
2022,3,Sants-Montjuïc,11,el Poble Sec,18,892.77,18242.0,722,226,31.3,0.0489,Critical
2022,3,Sants-Montjuïc,11,el Poble Sec,19,840.41,17406.0,694,289,41.64,0.0483,Critical
2022,3,Sants-Montjuïc,11,el Poble Sec,20,932.16,20110.0,566,25,4.42,0.0464,Critical
2022,3,Sants-Montjuïc,11,el Poble Sec,21,927.58,20255.0,492,115,23.37,0.0458,Critical
2022,3,Sants-Montjuïc,11,el Poble Sec,22,914.03,20151.0,718,299,41.64,0.0454,Critical
2022,3,Sants-Montjuïc,11,el Poble Sec,23,875.88,17561.0,846,498,58.87,0.0499,Critical
2022,3,Sants-Montjuïc,11,el Poble Sec,24,843.79,17513.0,1168,693,59.33,0.0482,Critical
2022,3,Sants-Montjuïc,12,la Marina del Prat Vermell,25,648.23,16015.0,940,254,27.02,0.0405,Pressured
2022,3,Sants-Montjuïc,13,la Marina de Port,26,677.07,18416.0,464,8,1.72,0.0368,Moderate
2022,3,Sants-Montjuïc,13,la Marina de Port,27,844.13,19920.0,778,279,35.86,0.0424,Pressured
2022,3,Sants-Montjuïc,13,la Marina de Port,28,956.74,22039.0,1156,275,23.79,0.0434,Pressured
2022,3,Sants-Montjuïc,13,la Marina de Port,29,771.31,17742.0,531,1,0.19,0.0435,Pressured
2022,3,Sants-Montjuïc,13,la Marina de Port,30,706.28,19361.0,704,52,7.39,0.0365,Affordable
2022,3,Sants-Montjuïc,13,la Marina de Port,31,703.82,18179.0,1017,109,10.72,0.0387,Moderate
2022,3,Sants-Montjuïc,13,la Marina de Port,32,771.29,16019.0,778,274,35.22,0.0481,Critical
2022,3,Sants-Montjuïc,13,la Marina de Port,33,666.9,14603.0,648,280,43.21,0.0457,Critical
2022,3,Sants-Montjuïc,13,la Marina de Port,34,752.89,18227.0,619,94,15.19,0.0413,Pressured
2022,3,Sants-Montjuïc,13,la Marina de Port,35,719.28,19380.0,933,12,1.29,0.0371,Moderate
2022,3,Sants-Montjuïc,13,la Marina de Port,36,855.13,20920.0,1289,618,47.94,0.0409,Pressured
2022,3,Sants-Montjuïc,13,la Marina de Port,37,806.31,20697.0,484,145,29.96,0.039,Moderate
2022,3,Sants-Montjuïc,13,la Marina de Port,38,529.85,15036.0,389,6,1.54,0.0352,Affordable
2022,3,Sants-Montjuïc,13,la Marina de Port,39,595.02,14267.0,1044,292,27.97,0.0417,Pressured
2022,3,Sants-Montjuïc,13,la Marina de Port,211,790.64,19363.0,557,34,6.1,0.0408,Pressured
2022,3,Sants-Montjuïc,13,la Marina de Port,212,726.14,17868.0,1039,67,6.45,0.0406,Pressured
2022,3,Sants-Montjuïc,13,la Marina de Port,213,671.85,15464.0,931,177,19.01,0.0434,Pressured
2022,3,Sants-Montjuïc,14,la Font de la Guatlla,40,878.26,23967.0,752,56,7.45,0.0366,Affordable
2022,3,Sants-Montjuïc,14,la Font de la Guatlla,41,840.54,20557.0,632,117,18.51,0.0409,Pressured
2022,3,Sants-Montjuïc,14,la Font de la Guatlla,42,904.49,20888.0,742,390,52.56,0.0433,Pressured
2022,3,Sants-Montjuïc,14,la Font de la Guatlla,43,869.77,21852.0,758,195,25.73,0.0398,Moderate
2022,3,Sants-Montjuïc,14,la Font de la Guatlla,44,843.39,19956.0,913,202,22.12,0.0423,Pressured
2022,3,Sants-Montjuïc,14,la Font de la Guatlla,45,858.99,21527.0,600,240,40.0,0.0399,Moderate
2022,3,Sants-Montjuïc,14,la Font de la Guatlla,46,920.09,24473.0,677,78,11.52,0.0376,Moderate
2022,3,Sants-Montjuïc,15,Hostafrancs,47,896.85,20205.0,932,334,35.84,0.0444,Critical
2022,3,Sants-Montjuïc,15,Hostafrancs,48,925.83,25306.0,764,247,32.33,0.0366,Affordable
2022,3,Sants-Montjuïc,15,Hostafrancs,49,897.0,21476.0,885,346,39.1,0.0418,Pressured
2022,3,Sants-Montjuïc,15,Hostafrancs,50,882.71,22613.0,875,362,41.37,0.039,Moderate
2022,3,Sants-Montjuïc,15,Hostafrancs,51,832.26,18166.0,925,410,44.32,0.0458,Critical
2022,3,Sants-Montjuïc,15,Hostafrancs,52,823.32,20152.0,683,303,44.36,0.0409,Pressured
2022,3,Sants-Montjuïc,15,Hostafrancs,53,849.12,18930.0,1089,398,36.55,0.0449,Critical
2022,3,Sants-Montjuïc,15,Hostafrancs,54,884.54,22160.0,793,171,21.56,0.0399,Moderate
2022,3,Sants-Montjuïc,15,Hostafrancs,55,887.53,21161.0,799,251,31.41,0.0419,Pressured
2022,3,Sants-Montjuïc,15,Hostafrancs,56,859.17,20051.0,476,198,41.6,0.0428,Pressured
2022,3,Sants-Montjuïc,16,la Bordeta,57,821.77,20487.0,735,151,20.54,0.0401,Moderate
2022,3,Sants-Montjuïc,16,la Bordeta,58,923.99,26006.0,776,117,15.08,0.0355,Affordable
2022,3,Sants-Montjuïc,16,la Bordeta,59,827.76,19658.0,549,145,26.41,0.0421,Pressured
2022,3,Sants-Montjuïc,16,la Bordeta,60,863.85,23481.0,619,160,25.85,0.0368,Moderate
2022,3,Sants-Montjuïc,16,la Bordeta,61,817.51,20652.0,610,167,27.38,0.0396,Moderate
2022,3,Sants-Montjuïc,16,la Bordeta,62,766.97,21116.0,821,367,44.7,0.0363,Affordable
2022,3,Sants-Montjuïc,16,la Bordeta,63,840.69,20791.0,866,253,29.21,0.0404,Moderate
2022,3,Sants-Montjuïc,16,la Bordeta,64,890.7,21528.0,524,43,8.21,0.0414,Pressured
2022,3,Sants-Montjuïc,16,la Bordeta,65,866.81,21382.0,599,90,15.03,0.0405,Pressured
2022,3,Sants-Montjuïc,16,la Bordeta,66,809.91,19338.0,1019,118,11.58,0.0419,Pressured
2022,3,Sants-Montjuïc,16,la Bordeta,67,844.63,21399.0,736,74,10.05,0.0395,Moderate
2022,3,Sants-Montjuïc,16,la Bordeta,68,824.92,18598.0,564,142,25.18,0.0444,Critical
2022,3,Sants-Montjuïc,16,la Bordeta,69,864.21,22069.0,531,113,21.28,0.0392,Moderate
2022,3,Sants-Montjuïc,17,Sants - Badal,70,768.05,17892.0,582,183,31.44,0.0429,Pressured
2022,3,Sants-Montjuïc,17,Sants - Badal,71,775.98,18441.0,682,366,53.67,0.0421,Pressured
2022,3,Sants-Montjuïc,17,Sants - Badal,72,758.28,18574.0,675,304,45.04,0.0408,Pressured
2022,3,Sants-Montjuïc,17,Sants - Badal,73,820.7,21623.0,814,293,36.0,0.038,Moderate
2022,3,Sants-Montjuïc,17,Sants - Badal,74,817.37,20800.0,863,272,31.52,0.0393,Moderate
2022,3,Sants-Montjuïc,17,Sants - Badal,75,788.12,19024.0,754,265,35.15,0.0414,Pressured
2022,3,Sants-Montjuïc,17,Sants - Badal,76,770.05,19553.0,486,119,24.49,0.0394,Moderate
2022,3,Sants-Montjuïc,17,Sants - Badal,77,768.15,19655.0,667,244,36.58,0.0391,Moderate
2022,3,Sants-Montjuïc,17,Sants - Badal,78,780.9,18867.0,787,269,34.18,0.0414,Pressured
2022,3,Sants-Montjuïc,17,Sants - Badal,79,804.97,18537.0,915,468,51.15,0.0434,Pressured
2022,3,Sants-Montjuïc,17,Sants - Badal,80,829.72,20231.0,745,230,30.87,0.041,Pressured
2022,3,Sants-Montjuïc,17,Sants - Badal,81,940.5,20732.0,918,174,18.95,0.0454,Critical
2022,3,Sants-Montjuïc,17,Sants - Badal,82,952.24,23596.0,940,272,28.94,0.0404,Moderate
2022,3,Sants-Montjuïc,17,Sants - Badal,83,887.81,21742.0,681,207,30.4,0.0408,Pressured
2022,3,Sants-Montjuïc,17,Sants - Badal,84,942.78,22127.0,678,97,14.31,0.0426,Pressured
2022,3,Sants-Montjuïc,17,Sants - Badal,85,937.52,24468.0,728,300,41.21,0.0383,Moderate
2022,3,Sants-Montjuïc,18,Sants,86,1031.46,26299.0,605,39,6.45,0.0392,Moderate
2022,3,Sants-Montjuïc,18,Sants,87,909.41,24888.0,716,113,15.78,0.0365,Affordable
2022,3,Sants-Montjuïc,18,Sants,88,906.35,22442.0,722,170,23.55,0.0404,Moderate
2022,3,Sants-Montjuïc,18,Sants,89,902.79,23852.0,651,167,25.65,0.0378,Moderate
2022,3,Sants-Montjuïc,18,Sants,90,891.44,25943.0,509,87,17.09,0.0344,Affordable
2022,3,Sants-Montjuïc,18,Sants,91,812.79,23272.0,734,254,34.6,0.0349,Affordable
2022,3,Sants-Montjuïc,18,Sants,92,824.19,22462.0,656,329,50.15,0.0367,Affordable
2022,3,Sants-Montjuïc,18,Sants,93,909.38,23518.0,751,342,45.54,0.0387,Moderate
2022,3,Sants-Montjuïc,18,Sants,94,900.41,24128.0,706,282,39.94,0.0373,Moderate
2022,3,Sants-Montjuïc,18,Sants,95,852.6,22661.0,848,414,48.82,0.0376,Moderate
2022,3,Sants-Montjuïc,18,Sants,96,819.76,20296.0,810,379,46.79,0.0404,Moderate
2022,3,Sants-Montjuïc,18,Sants,97,796.98,16862.0,841,522,62.07,0.0473,Critical
2022,3,Sants-Montjuïc,18,Sants,98,797.81,18931.0,713,322,45.16,0.0421,Pressured
2022,3,Sants-Montjuïc,18,Sants,99,704.56,21918.0,612,312,50.98,0.0321,Affordable
2022,3,Sants-Montjuïc,18,Sants,100,774.11,21683.0,719,241,33.52,0.0357,Affordable
2022,3,Sants-Montjuïc,18,Sants,101,799.42,21444.0,711,301,42.33,0.0373,Moderate
2022,3,Sants-Montjuïc,18,Sants,102,821.89,21738.0,692,326,47.11,0.0378,Moderate
2022,3,Sants-Montjuïc,18,Sants,103,879.97,21739.0,580,127,21.9,0.0405,Pressured
2022,3,Sants-Montjuïc,18,Sants,104,809.63,21102.0,754,244,32.36,0.0384,Moderate
2022,3,Sants-Montjuïc,18,Sants,105,840.11,20677.0,694,242,34.87,0.0406,Pressured
2022,3,Sants-Montjuïc,18,Sants,106,788.72,22139.0,721,292,40.5,0.0356,Affordable
2022,3,Sants-Montjuïc,18,Sants,107,905.68,21766.0,830,266,32.05,0.0416,Pressured
2022,3,Sants-Montjuïc,18,Sants,108,848.16,21840.0,877,271,30.9,0.0388,Moderate
2022,3,Sants-Montjuïc,18,Sants,109,865.18,23218.0,855,342,40.0,0.0373,Moderate
2022,3,Sants-Montjuïc,18,Sants,110,887.82,23572.0,871,393,45.12,0.0377,Moderate
2022,3,Sants-Montjuïc,18,Sants,111,953.03,23842.0,697,237,34.0,0.04,Moderate
2022,3,Sants-Montjuïc,18,Sants,112,1043.46,24910.0,951,170,17.88,0.0419,Pressured
2022,3,Sants-Montjuïc,18,Sants,113,921.15,29431.0,782,46,5.88,0.0313,Affordable
2022,3,Sants-Montjuïc,18,Sants,114,1207.61,28033.0,717,56,7.81,0.0431,Pressured
2022,4,Les Corts,19,les Corts,1,1167.85,25302.0,622,163,26.21,0.0462,Critical
2022,4,Les Corts,19,les Corts,2,1228.1,26879.0,923,101,10.94,0.0457,Critical
2022,4,Les Corts,19,les Corts,3,1104.13,26841.0,563,94,16.7,0.0411,Pressured
2022,4,Les Corts,19,les Corts,4,1092.52,25040.0,567,145,25.57,0.0436,Pressured
2022,4,Les Corts,19,les Corts,5,1087.13,25649.0,602,96,15.95,0.0424,Pressured
2022,4,Les Corts,19,les Corts,6,1074.74,26326.0,630,190,30.16,0.0408,Pressured
2022,4,Les Corts,19,les Corts,7,1099.99,24148.0,536,240,44.78,0.0456,Critical
2022,4,Les Corts,19,les Corts,8,1084.32,23436.0,578,254,43.94,0.0463,Critical
2022,4,Les Corts,19,les Corts,9,1083.98,26050.0,775,356,45.94,0.0416,Pressured
2022,4,Les Corts,19,les Corts,10,1259.11,29424.0,415,70,16.87,0.0428,Pressured
2022,4,Les Corts,19,les Corts,11,1288.15,30053.0,839,26,3.1,0.0429,Pressured
2022,4,Les Corts,19,les Corts,12,1207.03,28929.0,666,27,4.05,0.0417,Pressured
2022,4,Les Corts,19,les Corts,13,1227.45,30302.0,599,82,13.69,0.0405,Pressured
2022,4,Les Corts,19,les Corts,14,1313.67,29234.0,434,158,36.41,0.0449,Critical
2022,4,Les Corts,19,les Corts,15,1244.95,27516.0,923,220,23.84,0.0452,Critical
2022,4,Les Corts,19,les Corts,16,1214.59,30137.0,531,83,15.63,0.0403,Moderate
2022,4,Les Corts,19,les Corts,17,1265.61,29103.0,686,136,19.83,0.0435,Pressured
2022,4,Les Corts,19,les Corts,18,1301.98,30988.0,768,69,8.98,0.042,Pressured
2022,4,Les Corts,19,les Corts,19,1434.58,35746.0,687,38,5.53,0.0401,Moderate
2022,4,Les Corts,19,les Corts,20,1302.58,30640.0,671,18,2.68,0.0425,Pressured
2022,4,Les Corts,19,les Corts,21,1421.75,34175.0,803,188,23.41,0.0416,Pressured
2022,4,Les Corts,19,les Corts,22,1256.56,28396.0,946,350,37.0,0.0443,Critical
2022,4,Les Corts,19,les Corts,23,1902.31,40145.0,455,10,2.2,0.0474,Critical
2022,4,Les Corts,19,les Corts,24,1857.76,42299.0,418,30,7.18,0.0439,Pressured
2022,4,Les Corts,19,les Corts,25,1195.21,28740.0,671,218,32.49,0.0416,Pressured
2022,4,Les Corts,19,les Corts,26,1203.46,28094.0,639,148,23.16,0.0428,Pressured
2022,4,Les Corts,19,les Corts,27,1232.03,29733.0,847,234,27.63,0.0414,Pressured
2022,4,Les Corts,19,les Corts,28,1186.91,26632.0,695,115,16.55,0.0446,Critical
2022,4,Les Corts,19,les Corts,29,1302.61,31839.0,568,41,7.22,0.0409,Pressured
2022,4,Les Corts,19,les Corts,30,1275.07,30001.0,823,67,8.14,0.0425,Pressured
2022,4,Les Corts,19,les Corts,31,1129.93,26672.0,767,301,39.24,0.0424,Pressured
2022,4,Les Corts,19,les Corts,32,1106.66,25739.0,767,146,19.04,0.043,Pressured
2022,4,Les Corts,19,les Corts,33,1097.65,25241.0,614,152,24.76,0.0435,Pressured
2022,4,Les Corts,19,les Corts,34,1282.01,30986.0,626,28,4.47,0.0414,Pressured
2022,4,Les Corts,19,les Corts,35,1123.22,28598.0,674,2,0.3,0.0393,Moderate
2022,4,Les Corts,20,la Maternitat i Sant Ramon,36,960.56,24241.0,869,47,5.41,0.0396,Moderate
2022,4,Les Corts,20,la Maternitat i Sant Ramon,37,1003.17,25481.0,997,45,4.51,0.0394,Moderate
2022,4,Les Corts,20,la Maternitat i Sant Ramon,38,980.28,25111.0,593,84,14.17,0.039,Moderate
2022,4,Les Corts,20,la Maternitat i Sant Ramon,39,989.99,23770.0,640,267,41.72,0.0416,Pressured
2022,4,Les Corts,20,la Maternitat i Sant Ramon,40,921.79,20566.0,850,364,42.82,0.0448,Critical
2022,4,Les Corts,20,la Maternitat i Sant Ramon,41,926.31,21731.0,710,288,40.56,0.0426,Pressured
2022,4,Les Corts,20,la Maternitat i Sant Ramon,42,965.35,20164.0,908,180,19.82,0.0479,Critical
2022,4,Les Corts,20,la Maternitat i Sant Ramon,43,1172.11,28921.0,784,28,3.57,0.0405,Pressured
2022,4,Les Corts,20,la Maternitat i Sant Ramon,44,1025.17,22852.0,896,310,34.6,0.0449,Critical
2022,4,Les Corts,20,la Maternitat i Sant Ramon,45,1110.03,23340.0,707,96,13.58,0.0476,Critical
2022,4,Les Corts,20,la Maternitat i Sant Ramon,46,1168.91,31150.0,1083,11,1.02,0.0375,Moderate
2022,4,Les Corts,20,la Maternitat i Sant Ramon,47,1125.28,26511.0,854,78,9.13,0.0424,Pressured
2022,4,Les Corts,20,la Maternitat i Sant Ramon,48,1198.6,28498.0,717,63,8.79,0.0421,Pressured
2022,4,Les Corts,20,la Maternitat i Sant Ramon,49,1411.63,38353.0,523,13,2.49,0.0368,Moderate
2022,4,Les Corts,20,la Maternitat i Sant Ramon,84,1252.16,30811.0,651,26,3.99,0.0406,Pressured
2022,4,Les Corts,21,Pedralbes,50,1687.47,42688.0,852,38,4.46,0.0395,Moderate
2022,4,Les Corts,21,Pedralbes,51,1659.43,31224.0,841,68,8.09,0.0531,Critical
2022,4,Les Corts,21,Pedralbes,52,1696.12,42718.0,1016,72,7.09,0.0397,Moderate
2022,4,Les Corts,21,Pedralbes,53,1649.02,25939.0,744,95,12.77,0.0636,Critical
2022,4,Les Corts,21,Pedralbes,54,1661.95,35950.0,505,42,8.32,0.0462,Critical
2022,4,Les Corts,21,Pedralbes,55,1378.9,43069.0,772,58,7.51,0.032,Affordable
2022,4,Les Corts,21,Pedralbes,56,1842.17,43325.0,1377,446,32.39,0.0425,Pressured
2022,5,Sarrià-Sant Gervasi,22,"Vallvidrera, el Tibidabo i les Planes",1,849.52,22779.0,1266,727,57.42,0.0373,Moderate
2022,5,Sarrià-Sant Gervasi,22,"Vallvidrera, el Tibidabo i les Planes",2,1022.44,33172.0,993,212,21.35,0.0308,Affordable
2022,5,Sarrià-Sant Gervasi,22,"Vallvidrera, el Tibidabo i les Planes",3,1026.09,32833.0,810,202,24.94,0.0313,Affordable
2022,5,Sarrià-Sant Gervasi,23,Sarrià,4,1465.23,43273.0,650,128,19.69,0.0339,Affordable
2022,5,Sarrià-Sant Gervasi,23,Sarrià,5,1417.54,32579.0,796,332,41.71,0.0435,Pressured
2022,5,Sarrià-Sant Gervasi,23,Sarrià,6,1672.38,43253.0,848,82,9.67,0.0387,Moderate
2022,5,Sarrià-Sant Gervasi,23,Sarrià,7,1385.58,35129.0,873,264,30.24,0.0394,Moderate
2022,5,Sarrià-Sant Gervasi,23,Sarrià,8,1586.41,43189.0,946,257,27.17,0.0367,Affordable
2022,5,Sarrià-Sant Gervasi,23,Sarrià,9,1473.27,32367.0,881,285,32.35,0.0455,Critical
2022,5,Sarrià-Sant Gervasi,23,Sarrià,10,1400.28,30338.0,804,258,32.09,0.0462,Critical
2022,5,Sarrià-Sant Gervasi,23,Sarrià,11,1350.24,31733.0,790,228,28.86,0.0426,Pressured
2022,5,Sarrià-Sant Gervasi,23,Sarrià,12,1393.92,29677.0,828,255,30.8,0.047,Critical
2022,5,Sarrià-Sant Gervasi,23,Sarrià,13,1449.61,34728.0,908,296,32.6,0.0417,Pressured
2022,5,Sarrià-Sant Gervasi,23,Sarrià,14,1579.91,36363.0,920,285,30.98,0.0434,Pressured
2022,5,Sarrià-Sant Gervasi,23,Sarrià,15,1539.51,32862.0,766,91,11.88,0.0468,Critical
2022,5,Sarrià-Sant Gervasi,23,Sarrià,16,1524.16,27137.0,907,22,2.43,0.0562,Critical
2022,5,Sarrià-Sant Gervasi,23,Sarrià,17,1516.81,42969.0,691,30,4.34,0.0353,Affordable
2022,5,Sarrià-Sant Gervasi,23,Sarrià,18,1687.02,31722.0,555,21,3.78,0.0532,Critical
2022,5,Sarrià-Sant Gervasi,23,Sarrià,19,1614.12,39823.0,679,20,2.95,0.0405,Pressured
2022,5,Sarrià-Sant Gervasi,24,les Tres Torres,20,1591.39,38910.0,609,258,42.36,0.0409,Pressured
2022,5,Sarrià-Sant Gervasi,24,les Tres Torres,21,1939.64,43205.0,660,40,6.06,0.0449,Critical
2022,5,Sarrià-Sant Gervasi,24,les Tres Torres,22,1640.34,43027.0,769,117,15.21,0.0381,Moderate
2022,5,Sarrià-Sant Gervasi,24,les Tres Torres,23,1549.72,28562.0,772,121,15.67,0.0543,Critical
2022,5,Sarrià-Sant Gervasi,24,les Tres Torres,24,1562.93,42217.0,845,94,11.12,0.037,Moderate
2022,5,Sarrià-Sant Gervasi,24,les Tres Torres,25,1507.84,43199.0,509,29,5.7,0.0349,Affordable
2022,5,Sarrià-Sant Gervasi,24,les Tres Torres,26,1526.61,43194.0,587,39,6.64,0.0353,Affordable
2022,5,Sarrià-Sant Gervasi,24,les Tres Torres,27,1528.63,43246.0,579,25,4.32,0.0353,Affordable
2022,5,Sarrià-Sant Gervasi,24,les Tres Torres,28,1545.63,42701.0,559,25,4.47,0.0362,Affordable
2022,5,Sarrià-Sant Gervasi,24,les Tres Torres,29,1556.98,43324.0,647,29,4.48,0.0359,Affordable
2022,5,Sarrià-Sant Gervasi,24,les Tres Torres,30,1549.08,43201.0,536,23,4.29,0.0359,Affordable
2022,5,Sarrià-Sant Gervasi,25,Sant Gervasi - la Bonanova,31,1650.14,43001.0,775,108,13.94,0.0384,Moderate
2022,5,Sarrià-Sant Gervasi,25,Sant Gervasi - la Bonanova,32,1974.1,43308.0,1117,208,18.62,0.0456,Critical
2022,5,Sarrià-Sant Gervasi,25,Sant Gervasi - la Bonanova,33,1666.3,40263.0,802,109,13.59,0.0414,Pressured
2022,5,Sarrià-Sant Gervasi,25,Sant Gervasi - la Bonanova,34,1420.75,32509.0,619,70,11.31,0.0437,Pressured
2022,5,Sarrià-Sant Gervasi,25,Sant Gervasi - la Bonanova,35,1299.77,42303.0,495,25,5.05,0.0307,Affordable
2022,5,Sarrià-Sant Gervasi,25,Sant Gervasi - la Bonanova,36,1299.01,39757.0,715,21,2.94,0.0327,Affordable
2022,5,Sarrià-Sant Gervasi,25,Sant Gervasi - la Bonanova,37,1280.68,30840.0,701,112,15.98,0.0415,Pressured
2022,5,Sarrià-Sant Gervasi,25,Sant Gervasi - la Bonanova,38,1325.58,29317.0,764,278,36.39,0.0452,Critical
2022,5,Sarrià-Sant Gervasi,25,Sant Gervasi - la Bonanova,39,1313.26,37427.0,628,21,3.34,0.0351,Affordable
2022,5,Sarrià-Sant Gervasi,25,Sant Gervasi - la Bonanova,40,1299.17,29072.0,834,272,32.61,0.0447,Critical
2022,5,Sarrià-Sant Gervasi,25,Sant Gervasi - la Bonanova,41,1316.0,32266.0,840,252,30.0,0.0408,Pressured
2022,5,Sarrià-Sant Gervasi,25,Sant Gervasi - la Bonanova,42,1331.49,33486.0,701,181,25.82,0.0398,Moderate
2022,5,Sarrià-Sant Gervasi,25,Sant Gervasi - la Bonanova,43,1314.4,29496.0,837,196,23.42,0.0446,Critical
2022,5,Sarrià-Sant Gervasi,25,Sant Gervasi - la Bonanova,44,1243.27,31196.0,691,130,18.81,0.0399,Moderate
2022,5,Sarrià-Sant Gervasi,25,Sant Gervasi - la Bonanova,45,1348.34,37769.0,684,67,9.8,0.0357,Affordable
2022,5,Sarrià-Sant Gervasi,25,Sant Gervasi - la Bonanova,46,1610.17,42767.0,436,16,3.67,0.0376,Moderate
2022,5,Sarrià-Sant Gervasi,25,Sant Gervasi - la Bonanova,47,1381.18,35000.0,519,33,6.36,0.0395,Moderate
2022,5,Sarrià-Sant Gervasi,25,Sant Gervasi - la Bonanova,48,1368.42,40207.0,608,109,17.93,0.034,Affordable
2022,5,Sarrià-Sant Gervasi,26,Sant Gervasi - Galvany,49,1382.76,41972.0,740,78,10.54,0.0329,Affordable
2022,5,Sarrià-Sant Gervasi,26,Sant Gervasi - Galvany,50,1292.38,31876.0,878,137,15.6,0.0405,Pressured
2022,5,Sarrià-Sant Gervasi,26,Sant Gervasi - Galvany,51,1303.54,38555.0,724,35,4.83,0.0338,Affordable
2022,5,Sarrià-Sant Gervasi,26,Sant Gervasi - Galvany,52,1366.63,43208.0,617,37,6.0,0.0316,Affordable
2022,5,Sarrià-Sant Gervasi,26,Sant Gervasi - Galvany,53,1653.94,43116.0,602,11,1.83,0.0384,Moderate
2022,5,Sarrià-Sant Gervasi,26,Sant Gervasi - Galvany,54,1617.3,43231.0,429,7,1.63,0.0374,Moderate
2022,5,Sarrià-Sant Gervasi,26,Sant Gervasi - Galvany,55,1690.36,43191.0,563,9,1.6,0.0391,Moderate
2022,5,Sarrià-Sant Gervasi,26,Sant Gervasi - Galvany,56,1695.71,38417.0,647,25,3.86,0.0441,Pressured
2022,5,Sarrià-Sant Gervasi,26,Sant Gervasi - Galvany,57,1716.95,42668.0,927,28,3.02,0.0402,Moderate
2022,5,Sarrià-Sant Gervasi,26,Sant Gervasi - Galvany,58,1753.54,42862.0,757,11,1.45,0.0409,Pressured
2022,5,Sarrià-Sant Gervasi,26,Sant Gervasi - Galvany,59,1712.26,33580.0,1003,131,13.06,0.051,Critical
2022,5,Sarrià-Sant Gervasi,26,Sant Gervasi - Galvany,60,1564.46,42956.0,527,13,2.47,0.0364,Affordable
2022,5,Sarrià-Sant Gervasi,26,Sant Gervasi - Galvany,61,1371.08,32739.0,997,406,40.72,0.0419,Pressured
2022,5,Sarrià-Sant Gervasi,26,Sant Gervasi - Galvany,62,1305.94,38614.0,898,231,25.72,0.0338,Affordable
2022,5,Sarrià-Sant Gervasi,26,Sant Gervasi - Galvany,63,1295.56,37872.0,873,101,11.57,0.0342,Affordable
2022,5,Sarrià-Sant Gervasi,26,Sant Gervasi - Galvany,64,1304.18,38472.0,970,274,28.25,0.0339,Affordable
2022,5,Sarrià-Sant Gervasi,26,Sant Gervasi - Galvany,65,1338.38,32027.0,933,106,11.36,0.0418,Pressured
2022,5,Sarrià-Sant Gervasi,26,Sant Gervasi - Galvany,66,1348.9,37690.0,778,69,8.87,0.0358,Affordable
2022,5,Sarrià-Sant Gervasi,26,Sant Gervasi - Galvany,67,1385.6,35280.0,853,60,7.03,0.0393,Moderate
2022,5,Sarrià-Sant Gervasi,26,Sant Gervasi - Galvany,68,1332.62,32194.0,1084,224,20.66,0.0414,Pressured
2022,5,Sarrià-Sant Gervasi,26,Sant Gervasi - Galvany,69,1274.93,31766.0,968,148,15.29,0.0401,Moderate
2022,5,Sarrià-Sant Gervasi,26,Sant Gervasi - Galvany,70,1297.06,30090.0,797,141,17.69,0.0431,Pressured
2022,5,Sarrià-Sant Gervasi,26,Sant Gervasi - Galvany,71,1285.66,29842.0,985,184,18.68,0.0431,Pressured
2022,5,Sarrià-Sant Gervasi,26,Sant Gervasi - Galvany,72,1270.35,30802.0,947,147,15.52,0.0412,Pressured
2022,5,Sarrià-Sant Gervasi,26,Sant Gervasi - Galvany,73,1218.39,29657.0,961,200,20.81,0.0411,Pressured
2022,5,Sarrià-Sant Gervasi,26,Sant Gervasi - Galvany,74,1298.4,35750.0,945,187,19.79,0.0363,Affordable
2022,5,Sarrià-Sant Gervasi,26,Sant Gervasi - Galvany,75,1273.31,30936.0,1024,210,20.51,0.0412,Pressured
2022,5,Sarrià-Sant Gervasi,26,Sant Gervasi - Galvany,76,1316.42,33011.0,810,127,15.68,0.0399,Moderate
2022,5,Sarrià-Sant Gervasi,26,Sant Gervasi - Galvany,77,1349.72,34763.0,670,43,6.42,0.0388,Moderate
2022,5,Sarrià-Sant Gervasi,26,Sant Gervasi - Galvany,78,1331.65,35831.0,967,68,7.03,0.0372,Moderate
2022,5,Sarrià-Sant Gervasi,26,Sant Gervasi - Galvany,79,1295.24,31811.0,587,82,13.97,0.0407,Pressured
2022,5,Sarrià-Sant Gervasi,27,el Putget i Farró,80,1155.14,30910.0,855,306,35.79,0.0374,Moderate
2022,5,Sarrià-Sant Gervasi,27,el Putget i Farró,81,1206.2,28725.0,895,210,23.46,0.042,Pressured
2022,5,Sarrià-Sant Gervasi,27,el Putget i Farró,82,1147.66,28627.0,944,223,23.62,0.0401,Moderate
2022,5,Sarrià-Sant Gervasi,27,el Putget i Farró,83,1162.15,29281.0,697,154,22.09,0.0397,Moderate
2022,5,Sarrià-Sant Gervasi,27,el Putget i Farró,84,1146.06,29095.0,763,216,28.31,0.0394,Moderate
2022,5,Sarrià-Sant Gervasi,27,el Putget i Farró,85,1139.91,26163.0,726,215,29.61,0.0436,Pressured
2022,5,Sarrià-Sant Gervasi,27,el Putget i Farró,86,1138.13,28430.0,794,267,33.63,0.04,Moderate
2022,5,Sarrià-Sant Gervasi,27,el Putget i Farró,87,1231.3,29751.0,919,304,33.08,0.0414,Pressured
2022,5,Sarrià-Sant Gervasi,27,el Putget i Farró,88,1121.07,30623.0,885,248,28.02,0.0366,Affordable
2022,5,Sarrià-Sant Gervasi,27,el Putget i Farró,89,1101.37,30405.0,1013,252,24.88,0.0362,Affordable
2022,5,Sarrià-Sant Gervasi,27,el Putget i Farró,90,1073.63,28507.0,1241,470,37.87,0.0377,Moderate
2022,5,Sarrià-Sant Gervasi,27,el Putget i Farró,91,1052.76,24543.0,832,175,21.03,0.0429,Pressured
2022,5,Sarrià-Sant Gervasi,27,el Putget i Farró,92,1181.12,36670.0,816,126,15.44,0.0322,Affordable
2022,5,Sarrià-Sant Gervasi,27,el Putget i Farró,93,1194.93,31787.0,673,200,29.72,0.0376,Moderate
2022,5,Sarrià-Sant Gervasi,27,el Putget i Farró,94,1228.85,34338.0,1304,124,9.51,0.0358,Affordable
2022,5,Sarrià-Sant Gervasi,27,el Putget i Farró,95,1155.22,28250.0,865,189,21.85,0.0409,Pressured
2022,5,Sarrià-Sant Gervasi,27,el Putget i Farró,96,1090.43,27064.0,632,118,18.67,0.0403,Moderate
2022,5,Sarrià-Sant Gervasi,27,el Putget i Farró,97,1098.34,28125.0,860,157,18.26,0.0391,Moderate
2022,5,Sarrià-Sant Gervasi,27,el Putget i Farró,98,1131.84,28473.0,847,282,33.29,0.0398,Moderate
2022,6,Gràcia,28,Vallcarca i els Penitents,1,992.97,23380.0,648,170,26.23,0.0425,Pressured
2022,6,Gràcia,28,Vallcarca i els Penitents,2,977.45,24799.0,847,298,35.18,0.0394,Moderate
2022,6,Gràcia,28,Vallcarca i els Penitents,3,908.04,22039.0,1231,507,41.19,0.0412,Pressured
2022,6,Gràcia,28,Vallcarca i els Penitents,4,841.12,25649.0,876,356,40.64,0.0328,Affordable
2022,6,Gràcia,28,Vallcarca i els Penitents,6,1033.3,32132.0,542,118,21.77,0.0322,Affordable
2022,6,Gràcia,28,Vallcarca i els Penitents,7,1118.02,27507.0,979,197,20.12,0.0406,Pressured
2022,6,Gràcia,28,Vallcarca i els Penitents,8,1054.42,24441.0,1023,215,21.02,0.0431,Pressured
2022,6,Gràcia,28,Vallcarca i els Penitents,9,1173.96,32520.0,918,348,37.91,0.0361,Affordable
2022,6,Gràcia,28,Vallcarca i els Penitents,10,1043.36,29772.0,565,104,18.41,0.035,Affordable
2022,6,Gràcia,28,Vallcarca i els Penitents,11,918.02,27770.0,775,129,16.65,0.0331,Affordable
2022,6,Gràcia,28,Vallcarca i els Penitents,12,986.16,29751.0,687,200,29.11,0.0331,Affordable
2022,6,Gràcia,29,el Coll,13,743.1,23915.0,959,349,36.39,0.0311,Affordable
2022,6,Gràcia,29,el Coll,14,868.28,20817.0,678,141,20.8,0.0417,Pressured
2022,6,Gràcia,29,el Coll,15,806.03,20877.0,758,331,43.67,0.0386,Moderate
2022,6,Gràcia,29,el Coll,16,714.02,20016.0,833,388,46.58,0.0357,Affordable
2022,6,Gràcia,29,el Coll,17,706.11,21324.0,801,340,42.45,0.0331,Affordable
2022,6,Gràcia,30,la Salut,18,895.82,22640.0,777,312,40.15,0.0396,Moderate
2022,6,Gràcia,30,la Salut,19,942.44,23171.0,797,204,25.6,0.0407,Pressured
2022,6,Gràcia,30,la Salut,20,969.39,25624.0,662,221,33.38,0.0378,Moderate
2022,6,Gràcia,30,la Salut,21,988.47,27895.0,647,133,20.56,0.0354,Affordable
2022,6,Gràcia,30,la Salut,22,946.15,25352.0,743,430,57.87,0.0373,Moderate
2022,6,Gràcia,30,la Salut,23,1033.08,26986.0,565,51,9.03,0.0383,Moderate
2022,6,Gràcia,30,la Salut,24,986.85,24724.0,857,157,18.32,0.0399,Moderate
2022,6,Gràcia,30,la Salut,25,1072.8,27817.0,722,72,9.97,0.0386,Moderate
2022,6,Gràcia,30,la Salut,26,1120.6,26536.0,558,144,25.81,0.0422,Pressured
2022,6,Gràcia,30,la Salut,27,1018.72,26867.0,630,173,27.46,0.0379,Moderate
2022,6,Gràcia,31,Vila de Gràcia,28,1101.44,22197.0,797,298,37.39,0.0496,Critical
2022,6,Gràcia,31,Vila de Gràcia,29,1111.72,26154.0,837,273,32.62,0.0425,Pressured
2022,6,Gràcia,31,Vila de Gràcia,30,1080.07,22949.0,796,373,46.86,0.0471,Critical
2022,6,Gràcia,31,Vila de Gràcia,31,1092.2,24768.0,740,367,49.59,0.0441,Pressured
2022,6,Gràcia,31,Vila de Gràcia,32,1110.31,23563.0,684,293,42.84,0.0471,Critical
2022,6,Gràcia,31,Vila de Gràcia,33,1093.96,24948.0,820,322,39.27,0.0438,Pressured
2022,6,Gràcia,31,Vila de Gràcia,34,1083.32,23669.0,695,242,34.82,0.0458,Critical
2022,6,Gràcia,31,Vila de Gràcia,35,1083.38,28933.0,610,118,19.34,0.0374,Moderate
2022,6,Gràcia,31,Vila de Gràcia,36,1065.33,26608.0,791,171,21.62,0.04,Moderate
2022,6,Gràcia,31,Vila de Gràcia,37,1068.89,25826.0,556,93,16.73,0.0414,Pressured
2022,6,Gràcia,31,Vila de Gràcia,38,1095.29,24022.0,902,283,31.37,0.0456,Critical
2022,6,Gràcia,31,Vila de Gràcia,39,1087.48,23385.0,1018,432,42.44,0.0465,Critical
2022,6,Gràcia,31,Vila de Gràcia,40,1138.45,26545.0,933,138,14.79,0.0429,Pressured
2022,6,Gràcia,31,Vila de Gràcia,41,1139.7,26110.0,1012,281,27.77,0.0436,Pressured
2022,6,Gràcia,31,Vila de Gràcia,42,1162.33,26734.0,1111,341,30.69,0.0435,Pressured
2022,6,Gràcia,31,Vila de Gràcia,43,1099.65,27275.0,781,262,33.55,0.0403,Moderate
2022,6,Gràcia,31,Vila de Gràcia,44,1246.05,31579.0,1184,380,32.09,0.0395,Moderate
2022,6,Gràcia,31,Vila de Gràcia,45,1105.33,26379.0,956,310,32.43,0.0419,Pressured
2022,6,Gràcia,31,Vila de Gràcia,46,1074.64,24360.0,693,265,38.24,0.0441,Pressured
2022,6,Gràcia,31,Vila de Gràcia,47,1044.76,23056.0,914,482,52.74,0.0453,Critical
2022,6,Gràcia,31,Vila de Gràcia,48,1055.05,23808.0,907,382,42.12,0.0443,Critical
2022,6,Gràcia,31,Vila de Gràcia,49,1078.68,24946.0,753,277,36.79,0.0432,Pressured
2022,6,Gràcia,31,Vila de Gràcia,50,1045.64,21888.0,882,364,41.27,0.0478,Critical
2022,6,Gràcia,31,Vila de Gràcia,51,1053.45,25406.0,793,346,43.63,0.0415,Pressured
2022,6,Gràcia,31,Vila de Gràcia,52,1075.31,24910.0,986,305,30.93,0.0432,Pressured
2022,6,Gràcia,31,Vila de Gràcia,53,1046.94,25586.0,950,382,40.21,0.0409,Pressured
2022,6,Gràcia,31,Vila de Gràcia,54,1087.06,23073.0,1032,468,45.35,0.0471,Critical
2022,6,Gràcia,31,Vila de Gràcia,55,1056.78,25464.0,790,285,36.08,0.0415,Pressured
2022,6,Gràcia,31,Vila de Gràcia,56,1035.13,23848.0,1082,619,57.21,0.0434,Pressured
2022,6,Gràcia,31,Vila de Gràcia,57,1109.7,22529.0,1076,575,53.44,0.0493,Critical
2022,6,Gràcia,31,Vila de Gràcia,58,1104.85,25422.0,1219,617,50.62,0.0435,Pressured
2022,6,Gràcia,31,Vila de Gràcia,59,1113.54,23641.0,956,441,46.13,0.0471,Critical
2022,6,Gràcia,31,Vila de Gràcia,60,1088.72,23287.0,1110,452,40.72,0.0468,Critical
2022,6,Gràcia,31,Vila de Gràcia,61,1102.56,22913.0,759,319,42.03,0.0481,Critical
2022,6,Gràcia,31,Vila de Gràcia,62,1073.08,22306.0,720,253,35.14,0.0481,Critical
2022,6,Gràcia,31,Vila de Gràcia,63,1069.75,23502.0,930,421,45.27,0.0455,Critical
2022,6,Gràcia,32,el Camp d'en Grassot i Gràcia Nova,64,1178.34,25106.0,1038,162,15.61,0.0469,Critical
2022,6,Gràcia,32,el Camp d'en Grassot i Gràcia Nova,65,1178.2,27076.0,619,74,11.95,0.0435,Pressured
2022,6,Gràcia,32,el Camp d'en Grassot i Gràcia Nova,66,1110.97,26665.0,586,286,48.81,0.0417,Pressured
2022,6,Gràcia,32,el Camp d'en Grassot i Gràcia Nova,67,1147.07,24780.0,1113,490,44.03,0.0463,Critical
2022,6,Gràcia,32,el Camp d'en Grassot i Gràcia Nova,68,1190.99,28036.0,977,220,22.52,0.0425,Pressured
2022,6,Gràcia,32,el Camp d'en Grassot i Gràcia Nova,69,1157.83,26344.0,575,65,11.3,0.044,Pressured
2022,6,Gràcia,32,el Camp d'en Grassot i Gràcia Nova,70,1111.42,24000.0,1070,460,42.99,0.0463,Critical
2022,6,Gràcia,32,el Camp d'en Grassot i Gràcia Nova,71,1080.33,25558.0,500,37,7.4,0.0423,Pressured
2022,6,Gràcia,32,el Camp d'en Grassot i Gràcia Nova,72,1166.77,28615.0,923,227,24.59,0.0408,Pressured
2022,6,Gràcia,32,el Camp d'en Grassot i Gràcia Nova,73,1134.44,24571.0,779,240,30.81,0.0462,Critical
2022,6,Gràcia,32,el Camp d'en Grassot i Gràcia Nova,74,1100.6,24110.0,536,141,26.31,0.0456,Critical
2022,6,Gràcia,32,el Camp d'en Grassot i Gràcia Nova,75,1153.51,27749.0,491,31,6.31,0.0416,Pressured
2022,6,Gràcia,32,el Camp d'en Grassot i Gràcia Nova,76,1095.19,26016.0,622,70,11.25,0.0421,Pressured
2022,6,Gràcia,32,el Camp d'en Grassot i Gràcia Nova,77,1048.21,23259.0,660,342,51.82,0.0451,Critical
2022,6,Gràcia,32,el Camp d'en Grassot i Gràcia Nova,78,1034.83,23649.0,796,451,56.66,0.0438,Pressured
2022,6,Gràcia,32,el Camp d'en Grassot i Gràcia Nova,79,1030.92,24963.0,636,197,30.97,0.0413,Pressured
2022,6,Gràcia,32,el Camp d'en Grassot i Gràcia Nova,80,1062.94,24015.0,592,124,20.95,0.0443,Critical
2022,6,Gràcia,32,el Camp d'en Grassot i Gràcia Nova,81,1105.66,24419.0,704,131,18.61,0.0453,Critical
2022,6,Gràcia,32,el Camp d'en Grassot i Gràcia Nova,82,1017.46,24999.0,935,161,17.22,0.0407,Pressured
2022,6,Gràcia,32,el Camp d'en Grassot i Gràcia Nova,83,1089.01,26761.0,882,167,18.93,0.0407,Pressured
2022,6,Gràcia,32,el Camp d'en Grassot i Gràcia Nova,84,1063.91,24548.0,813,276,33.95,0.0433,Pressured
2022,6,Gràcia,32,el Camp d'en Grassot i Gràcia Nova,85,1088.05,25965.0,733,191,26.06,0.0419,Pressured
2022,6,Gràcia,32,el Camp d'en Grassot i Gràcia Nova,86,1136.4,29092.0,516,114,22.09,0.0391,Moderate
2022,6,Gràcia,32,el Camp d'en Grassot i Gràcia Nova,87,1128.67,28118.0,961,58,6.04,0.0401,Moderate
2022,6,Gràcia,32,el Camp d'en Grassot i Gràcia Nova,88,1121.95,24840.0,634,172,27.13,0.0452,Critical
2022,7,Horta-Guinardó,33,el Baix Guinardó,1,877.84,25416.0,731,138,18.88,0.0345,Affordable
2022,7,Horta-Guinardó,33,el Baix Guinardó,2,973.36,22961.0,648,325,50.15,0.0424,Pressured
2022,7,Horta-Guinardó,33,el Baix Guinardó,3,984.21,23631.0,634,134,21.14,0.0416,Pressured
2022,7,Horta-Guinardó,33,el Baix Guinardó,4,971.02,21469.0,793,397,50.06,0.0452,Critical
2022,7,Horta-Guinardó,33,el Baix Guinardó,5,899.49,22432.0,789,341,43.22,0.0401,Moderate
2022,7,Horta-Guinardó,33,el Baix Guinardó,6,900.41,24182.0,465,48,10.32,0.0372,Moderate
2022,7,Horta-Guinardó,33,el Baix Guinardó,7,880.29,22021.0,645,158,24.5,0.04,Moderate
2022,7,Horta-Guinardó,33,el Baix Guinardó,8,905.41,23050.0,595,26,4.37,0.0393,Moderate
2022,7,Horta-Guinardó,33,el Baix Guinardó,9,867.19,21928.0,594,180,30.3,0.0395,Moderate
2022,7,Horta-Guinardó,33,el Baix Guinardó,10,863.51,24443.0,654,239,36.54,0.0353,Affordable
2022,7,Horta-Guinardó,33,el Baix Guinardó,11,915.09,22371.0,664,376,56.63,0.0409,Pressured
2022,7,Horta-Guinardó,33,el Baix Guinardó,12,885.89,21250.0,793,367,46.28,0.0417,Pressured
2022,7,Horta-Guinardó,33,el Baix Guinardó,13,915.55,24307.0,540,42,7.78,0.0377,Moderate
2022,7,Horta-Guinardó,33,el Baix Guinardó,14,803.18,20062.0,451,256,56.76,0.04,Moderate
2022,7,Horta-Guinardó,33,el Baix Guinardó,15,840.36,19908.0,618,146,23.62,0.0422,Pressured
2022,7,Horta-Guinardó,33,el Baix Guinardó,16,889.24,24961.0,610,53,8.69,0.0356,Affordable
2022,7,Horta-Guinardó,33,el Baix Guinardó,17,841.83,21865.0,855,93,10.88,0.0385,Moderate
2022,7,Horta-Guinardó,33,el Baix Guinardó,18,927.77,20436.0,769,196,25.49,0.0454,Critical
2022,7,Horta-Guinardó,33,el Baix Guinardó,19,894.97,22616.0,763,150,19.66,0.0396,Moderate
2022,7,Horta-Guinardó,34,Can Baró,20,816.11,19694.0,830,298,35.9,0.0414,Pressured
2022,7,Horta-Guinardó,34,Can Baró,21,681.88,24977.0,521,88,16.89,0.0273,Affordable
2022,7,Horta-Guinardó,34,Can Baró,22,735.17,21630.0,553,123,22.24,0.034,Affordable
2022,7,Horta-Guinardó,34,Can Baró,23,631.49,19391.0,729,395,54.18,0.0326,Affordable
2022,7,Horta-Guinardó,34,Can Baró,24,716.05,20791.0,858,461,53.73,0.0344,Affordable
2022,7,Horta-Guinardó,34,Can Baró,25,670.79,19826.0,770,390,50.65,0.0338,Affordable
2022,7,Horta-Guinardó,34,Can Baró,26,664.0,20590.0,622,172,27.65,0.0322,Affordable
2022,7,Horta-Guinardó,35,el Guinardó,27,802.98,19595.0,932,163,17.49,0.041,Pressured
2022,7,Horta-Guinardó,35,el Guinardó,28,805.3,21610.0,770,423,54.94,0.0373,Moderate
2022,7,Horta-Guinardó,35,el Guinardó,29,819.94,23507.0,716,300,41.9,0.0349,Affordable
2022,7,Horta-Guinardó,35,el Guinardó,30,752.98,19550.0,748,449,60.03,0.0385,Moderate
2022,7,Horta-Guinardó,35,el Guinardó,31,812.0,18942.0,777,331,42.6,0.0429,Pressured
2022,7,Horta-Guinardó,35,el Guinardó,32,854.72,21175.0,700,200,28.57,0.0404,Moderate
2022,7,Horta-Guinardó,35,el Guinardó,33,840.14,22382.0,715,222,31.05,0.0375,Moderate
2022,7,Horta-Guinardó,35,el Guinardó,34,904.29,24387.0,903,234,25.91,0.0371,Moderate
2022,7,Horta-Guinardó,35,el Guinardó,35,835.53,24068.0,859,152,17.69,0.0347,Affordable
2022,7,Horta-Guinardó,35,el Guinardó,36,857.07,24548.0,715,189,26.43,0.0349,Affordable
2022,7,Horta-Guinardó,35,el Guinardó,37,837.42,21604.0,738,202,27.37,0.0388,Moderate
2022,7,Horta-Guinardó,35,el Guinardó,38,806.08,21428.0,644,204,31.68,0.0376,Moderate
2022,7,Horta-Guinardó,35,el Guinardó,39,843.75,23212.0,790,230,29.11,0.0363,Affordable
2022,7,Horta-Guinardó,35,el Guinardó,40,846.97,22522.0,883,409,46.32,0.0376,Moderate
2022,7,Horta-Guinardó,35,el Guinardó,41,828.35,20622.0,722,301,41.69,0.0402,Moderate
2022,7,Horta-Guinardó,35,el Guinardó,42,819.73,22077.0,818,267,32.64,0.0371,Moderate
2022,7,Horta-Guinardó,35,el Guinardó,43,837.03,22411.0,777,221,28.44,0.0373,Moderate
2022,7,Horta-Guinardó,35,el Guinardó,44,846.77,23412.0,669,215,32.14,0.0362,Affordable
2022,7,Horta-Guinardó,35,el Guinardó,45,826.44,20855.0,812,328,40.39,0.0396,Moderate
2022,7,Horta-Guinardó,35,el Guinardó,46,819.91,21084.0,736,286,38.86,0.0389,Moderate
2022,7,Horta-Guinardó,35,el Guinardó,47,748.59,20879.0,717,234,32.64,0.0359,Affordable
2022,7,Horta-Guinardó,35,el Guinardó,48,769.56,21925.0,677,194,28.66,0.0351,Affordable
2022,7,Horta-Guinardó,35,el Guinardó,49,707.57,21457.0,606,198,32.67,0.033,Affordable
2022,7,Horta-Guinardó,35,el Guinardó,50,713.04,21024.0,671,310,46.2,0.0339,Affordable
2022,7,Horta-Guinardó,35,el Guinardó,51,724.22,21631.0,919,382,41.57,0.0335,Affordable
2022,7,Horta-Guinardó,36,la Font d'en Fargues,52,843.82,27649.0,741,243,32.79,0.0305,Affordable
2022,7,Horta-Guinardó,36,la Font d'en Fargues,53,834.62,23584.0,702,128,18.23,0.0354,Affordable
2022,7,Horta-Guinardó,36,la Font d'en Fargues,54,830.19,28932.0,923,289,31.31,0.0287,Affordable
2022,7,Horta-Guinardó,36,la Font d'en Fargues,55,847.54,31861.0,630,121,19.21,0.0266,Affordable
2022,7,Horta-Guinardó,36,la Font d'en Fargues,56,747.2,23906.0,758,391,51.58,0.0313,Affordable
2022,7,Horta-Guinardó,36,la Font d'en Fargues,57,813.01,24089.0,825,406,49.21,0.0338,Affordable
2022,7,Horta-Guinardó,36,la Font d'en Fargues,58,846.03,23141.0,784,452,57.65,0.0366,Affordable
2022,7,Horta-Guinardó,37,el Carmel,59,600.14,17839.0,803,506,63.01,0.0336,Affordable
2022,7,Horta-Guinardó,37,el Carmel,60,569.76,17555.0,1135,635,55.95,0.0325,Affordable
2022,7,Horta-Guinardó,37,el Carmel,61,572.17,18232.0,597,250,41.88,0.0314,Affordable
2022,7,Horta-Guinardó,37,el Carmel,62,581.63,18168.0,634,266,41.96,0.032,Affordable
2022,7,Horta-Guinardó,37,el Carmel,63,556.9,15513.0,720,403,55.97,0.0359,Affordable
2022,7,Horta-Guinardó,37,el Carmel,64,562.32,16272.0,773,394,50.97,0.0346,Affordable
2022,7,Horta-Guinardó,37,el Carmel,65,533.8,14706.0,846,612,72.34,0.0363,Affordable
2022,7,Horta-Guinardó,37,el Carmel,66,527.44,15431.0,816,435,53.31,0.0342,Affordable
2022,7,Horta-Guinardó,37,el Carmel,67,533.23,15392.0,748,371,49.6,0.0346,Affordable
2022,7,Horta-Guinardó,37,el Carmel,68,522.78,14717.0,559,338,60.47,0.0355,Affordable
2022,7,Horta-Guinardó,37,el Carmel,69,538.52,15466.0,683,396,57.98,0.0348,Affordable
2022,7,Horta-Guinardó,37,el Carmel,70,546.71,15987.0,629,275,43.72,0.0342,Affordable
2022,7,Horta-Guinardó,37,el Carmel,71,544.7,18073.0,629,225,35.77,0.0301,Affordable
2022,7,Horta-Guinardó,37,el Carmel,72,518.19,17568.0,669,259,38.71,0.0295,Affordable
2022,7,Horta-Guinardó,37,el Carmel,73,512.22,15826.0,558,349,62.54,0.0324,Affordable
2022,7,Horta-Guinardó,37,el Carmel,74,517.4,16393.0,783,389,49.68,0.0316,Affordable
2022,7,Horta-Guinardó,37,el Carmel,75,518.56,15711.0,536,222,41.42,0.033,Affordable
2022,7,Horta-Guinardó,37,el Carmel,76,542.83,16429.0,671,284,42.32,0.033,Affordable
2022,7,Horta-Guinardó,37,el Carmel,77,534.7,16079.0,621,381,61.35,0.0333,Affordable
2022,7,Horta-Guinardó,37,el Carmel,78,573.94,16140.0,646,319,49.38,0.0356,Affordable
2022,7,Horta-Guinardó,37,el Carmel,79,540.72,15950.0,729,448,61.45,0.0339,Affordable
2022,7,Horta-Guinardó,37,el Carmel,80,553.99,17236.0,761,318,41.79,0.0321,Affordable
2022,7,Horta-Guinardó,38,la Teixonera,81,605.88,18792.0,937,476,50.8,0.0322,Affordable
2022,7,Horta-Guinardó,38,la Teixonera,82,560.96,17614.0,645,297,46.05,0.0318,Affordable
2022,7,Horta-Guinardó,38,la Teixonera,83,537.69,16707.0,659,295,44.76,0.0322,Affordable
2022,7,Horta-Guinardó,38,la Teixonera,84,566.06,17574.0,717,366,51.05,0.0322,Affordable
2022,7,Horta-Guinardó,38,la Teixonera,85,564.61,18443.0,619,255,41.2,0.0306,Affordable
2022,7,Horta-Guinardó,38,la Teixonera,86,608.98,17016.0,754,391,51.86,0.0358,Affordable
2022,7,Horta-Guinardó,38,la Teixonera,87,623.49,18502.0,831,382,45.97,0.0337,Affordable
2022,7,Horta-Guinardó,38,la Teixonera,88,672.76,18082.0,848,418,49.29,0.0372,Moderate
2022,7,Horta-Guinardó,39,Sant Genís dels Agudells,89,673.53,20646.0,676,138,20.41,0.0326,Affordable
2022,7,Horta-Guinardó,39,Sant Genís dels Agudells,90,602.31,19094.0,714,187,26.19,0.0315,Affordable
2022,7,Horta-Guinardó,39,Sant Genís dels Agudells,91,573.69,19682.0,652,239,36.66,0.0291,Affordable
2022,7,Horta-Guinardó,39,Sant Genís dels Agudells,92,513.63,14991.0,700,57,8.14,0.0343,Affordable
2022,7,Horta-Guinardó,39,Sant Genís dels Agudells,93,574.76,18366.0,739,20,2.71,0.0313,Affordable
2022,7,Horta-Guinardó,40,Montbau,94,560.89,20531.0,709,421,59.38,0.0273,Affordable
2022,7,Horta-Guinardó,40,Montbau,95,597.44,20602.0,748,269,35.96,0.029,Affordable
2022,7,Horta-Guinardó,40,Montbau,96,592.43,19197.0,697,218,31.28,0.0309,Affordable
2022,7,Horta-Guinardó,40,Montbau,97,630.97,23770.0,408,145,35.54,0.0265,Affordable
2022,7,Horta-Guinardó,41,la Vall d'Hebron,98,967.74,27418.0,937,150,16.01,0.0353,Affordable
2022,7,Horta-Guinardó,41,la Vall d'Hebron,99,804.55,23975.0,480,80,16.67,0.0336,Affordable
2022,7,Horta-Guinardó,41,la Vall d'Hebron,100,740.03,20867.0,568,173,30.46,0.0355,Affordable
2022,7,Horta-Guinardó,41,la Vall d'Hebron,101,681.93,21312.0,672,374,55.65,0.032,Affordable
2022,7,Horta-Guinardó,42,la Clota,102,732.78,20747.0,416,181,43.51,0.0353,Affordable
2022,7,Horta-Guinardó,43,Horta,103,683.84,19387.0,612,330,53.92,0.0353,Affordable
2022,7,Horta-Guinardó,43,Horta,104,754.78,18424.0,832,384,46.15,0.041,Pressured
2022,7,Horta-Guinardó,43,Horta,105,794.94,23240.0,513,146,28.46,0.0342,Affordable
2022,7,Horta-Guinardó,43,Horta,106,773.05,21676.0,549,155,28.23,0.0357,Affordable
2022,7,Horta-Guinardó,43,Horta,107,817.15,25143.0,553,182,32.91,0.0325,Affordable
2022,7,Horta-Guinardó,43,Horta,108,787.79,22000.0,633,231,36.49,0.0358,Affordable
2022,7,Horta-Guinardó,43,Horta,109,739.06,18314.0,839,386,46.01,0.0404,Moderate
2022,7,Horta-Guinardó,43,Horta,110,766.2,22126.0,508,173,34.06,0.0346,Affordable
2022,7,Horta-Guinardó,43,Horta,111,748.37,24864.0,498,79,15.86,0.0301,Affordable
2022,7,Horta-Guinardó,43,Horta,112,771.54,22005.0,610,136,22.3,0.0351,Affordable
2022,7,Horta-Guinardó,43,Horta,113,725.32,19542.0,609,232,38.1,0.0371,Moderate
2022,7,Horta-Guinardó,43,Horta,114,765.79,22912.0,728,360,49.45,0.0334,Affordable
2022,7,Horta-Guinardó,43,Horta,115,751.76,26196.0,680,267,39.26,0.0287,Affordable
2022,7,Horta-Guinardó,43,Horta,116,778.63,21109.0,763,244,31.98,0.0369,Moderate
2022,7,Horta-Guinardó,43,Horta,117,719.68,22640.0,633,317,50.08,0.0318,Affordable
2022,7,Horta-Guinardó,43,Horta,118,711.5,21854.0,729,274,37.59,0.0326,Affordable
2022,7,Horta-Guinardó,43,Horta,119,655.63,19016.0,617,249,40.36,0.0345,Affordable
2022,7,Horta-Guinardó,43,Horta,120,689.89,19704.0,707,372,52.62,0.035,Affordable
2022,7,Horta-Guinardó,43,Horta,121,656.04,17469.0,535,132,24.67,0.0376,Moderate
2022,7,Horta-Guinardó,43,Horta,122,682.44,20602.0,658,214,32.52,0.0331,Affordable
2022,7,Horta-Guinardó,43,Horta,123,674.61,22463.0,754,258,34.22,0.03,Affordable
2022,8,Nou Barris,44,Vilapicina i la Torre Llobeta,1,726.48,20129.0,585,176,30.09,0.0361,Affordable
2022,8,Nou Barris,44,Vilapicina i la Torre Llobeta,2,725.17,22058.0,643,211,32.81,0.0329,Affordable
2022,8,Nou Barris,44,Vilapicina i la Torre Llobeta,3,722.39,19709.0,611,239,39.12,0.0367,Affordable
2022,8,Nou Barris,44,Vilapicina i la Torre Llobeta,4,688.75,18664.0,678,197,29.06,0.0369,Moderate
2022,8,Nou Barris,44,Vilapicina i la Torre Llobeta,5,665.4,20424.0,593,243,40.98,0.0326,Affordable
2022,8,Nou Barris,44,Vilapicina i la Torre Llobeta,6,762.7,20200.0,763,259,33.94,0.0378,Moderate
2022,8,Nou Barris,44,Vilapicina i la Torre Llobeta,7,686.76,21252.0,528,166,31.44,0.0323,Affordable
2022,8,Nou Barris,44,Vilapicina i la Torre Llobeta,8,748.83,20996.0,730,193,26.44,0.0357,Affordable
2022,8,Nou Barris,44,Vilapicina i la Torre Llobeta,9,669.1,19055.0,811,68,8.38,0.0351,Affordable
2022,8,Nou Barris,44,Vilapicina i la Torre Llobeta,10,725.43,23078.0,591,180,30.46,0.0314,Affordable
2022,8,Nou Barris,44,Vilapicina i la Torre Llobeta,11,750.4,21636.0,508,46,9.06,0.0347,Affordable
2022,8,Nou Barris,44,Vilapicina i la Torre Llobeta,12,720.4,21330.0,620,57,9.19,0.0338,Affordable
2022,8,Nou Barris,44,Vilapicina i la Torre Llobeta,13,762.54,19916.0,535,116,21.68,0.0383,Moderate
2022,8,Nou Barris,44,Vilapicina i la Torre Llobeta,14,746.77,18815.0,609,144,23.65,0.0397,Moderate
2022,8,Nou Barris,44,Vilapicina i la Torre Llobeta,15,752.03,17852.0,709,394,55.57,0.0421,Pressured
2022,8,Nou Barris,44,Vilapicina i la Torre Llobeta,16,755.45,20176.0,561,155,27.63,0.0374,Moderate
2022,8,Nou Barris,44,Vilapicina i la Torre Llobeta,17,787.78,21311.0,697,243,34.86,0.037,Moderate
2022,8,Nou Barris,44,Vilapicina i la Torre Llobeta,18,852.88,19952.0,701,126,17.97,0.0427,Pressured
2022,8,Nou Barris,44,Vilapicina i la Torre Llobeta,19,771.06,18238.0,848,484,57.08,0.0423,Pressured
2022,8,Nou Barris,45,Porta,20,795.54,19317.0,696,245,35.2,0.0412,Pressured
2022,8,Nou Barris,45,Porta,21,729.29,20474.0,699,239,34.19,0.0356,Affordable
2022,8,Nou Barris,45,Porta,22,703.99,19884.0,535,32,5.98,0.0354,Affordable
2022,8,Nou Barris,45,Porta,23,728.07,18004.0,683,252,36.9,0.0404,Moderate
2022,8,Nou Barris,45,Porta,24,744.23,18249.0,685,174,25.4,0.0408,Pressured
2022,8,Nou Barris,45,Porta,25,726.71,17137.0,614,317,51.63,0.0424,Pressured
2022,8,Nou Barris,45,Porta,26,763.68,20065.0,648,285,43.98,0.0381,Moderate
2022,8,Nou Barris,45,Porta,27,775.66,21780.0,655,149,22.75,0.0356,Affordable
2022,8,Nou Barris,45,Porta,28,670.01,18350.0,498,126,25.3,0.0365,Affordable
2022,8,Nou Barris,45,Porta,29,739.66,16529.0,677,163,24.08,0.0447,Critical
2022,8,Nou Barris,45,Porta,30,704.13,17992.0,633,148,23.38,0.0391,Moderate
2022,8,Nou Barris,45,Porta,31,686.57,18605.0,572,427,74.65,0.0369,Moderate
2022,8,Nou Barris,45,Porta,32,598.75,19290.0,575,151,26.26,0.031,Affordable
2022,8,Nou Barris,45,Porta,33,676.69,16200.0,661,316,47.81,0.0418,Pressured
2022,8,Nou Barris,45,Porta,34,688.76,15669.0,564,268,47.52,0.044,Pressured
2022,8,Nou Barris,45,Porta,35,668.89,18517.0,711,352,49.51,0.0361,Affordable
2022,8,Nou Barris,45,Porta,36,655.14,15265.0,707,561,79.35,0.0429,Pressured
2022,8,Nou Barris,45,Porta,37,718.71,17333.0,710,350,49.3,0.0415,Pressured
2022,8,Nou Barris,46,el Turó de la Peira,38,644.09,16048.0,693,258,37.23,0.0401,Moderate
2022,8,Nou Barris,46,el Turó de la Peira,39,612.41,16899.0,736,256,34.78,0.0362,Affordable
2022,8,Nou Barris,46,el Turó de la Peira,40,684.93,14803.0,814,177,21.74,0.0463,Critical
2022,8,Nou Barris,46,el Turó de la Peira,41,557.62,12691.0,980,777,79.29,0.0439,Pressured
2022,8,Nou Barris,46,el Turó de la Peira,42,608.08,19156.0,579,11,1.9,0.0317,Affordable
2022,8,Nou Barris,46,el Turó de la Peira,43,754.22,17806.0,551,3,0.54,0.0424,Pressured
2022,8,Nou Barris,46,el Turó de la Peira,44,600.89,14895.0,613,333,54.32,0.0403,Moderate
2022,8,Nou Barris,46,el Turó de la Peira,45,566.95,14644.0,709,389,54.87,0.0387,Moderate
2022,8,Nou Barris,46,el Turó de la Peira,46,559.99,16448.0,702,464,66.1,0.034,Affordable
2022,8,Nou Barris,46,el Turó de la Peira,47,553.56,13864.0,681,385,56.53,0.0399,Moderate
2022,8,Nou Barris,47,Can Peguera,48,515.32,13060.0,453,445,98.23,0.0395,Moderate
2022,8,Nou Barris,47,Can Peguera,49,775.03,16104.0,594,370,62.29,0.0481,Critical
2022,8,Nou Barris,48,la Guineueta,50,788.23,22846.0,612,0,0.0,0.0345,Affordable
2022,8,Nou Barris,48,la Guineueta,51,823.32,20901.0,595,205,34.45,0.0394,Moderate
2022,8,Nou Barris,48,la Guineueta,52,768.29,19848.0,408,161,39.46,0.0387,Moderate
2022,8,Nou Barris,48,la Guineueta,53,737.62,22200.0,547,36,6.58,0.0332,Affordable
2022,8,Nou Barris,48,la Guineueta,54,743.06,19726.0,791,23,2.91,0.0377,Moderate
2022,8,Nou Barris,48,la Guineueta,55,737.84,24182.0,772,0,0.0,0.0305,Affordable
2022,8,Nou Barris,48,la Guineueta,56,568.6,18071.0,697,240,34.43,0.0315,Affordable
2022,8,Nou Barris,48,la Guineueta,57,574.66,19090.0,596,89,14.93,0.0301,Affordable
2022,8,Nou Barris,48,la Guineueta,58,548.49,17557.0,736,362,49.18,0.0312,Affordable
2022,8,Nou Barris,48,la Guineueta,59,547.28,18568.0,460,133,28.91,0.0295,Affordable
2022,8,Nou Barris,48,la Guineueta,215,752.46,20187.0,587,1,0.17,0.0373,Moderate
2022,8,Nou Barris,49,Canyelles,60,604.36,20441.0,542,6,1.11,0.0296,Affordable
2022,8,Nou Barris,49,Canyelles,61,598.07,18152.0,676,0,0.0,0.0329,Affordable
2022,8,Nou Barris,49,Canyelles,62,604.73,19957.0,481,0,0.0,0.0303,Affordable
2022,8,Nou Barris,49,Canyelles,63,606.16,21996.0,480,0,0.0,0.0276,Affordable
2022,8,Nou Barris,49,Canyelles,64,594.03,17417.0,741,39,5.26,0.0341,Affordable
2022,8,Nou Barris,50,les Roquetes,65,448.57,13512.0,863,501,58.05,0.0332,Affordable
2022,8,Nou Barris,50,les Roquetes,66,443.95,12710.0,732,435,59.43,0.0349,Affordable
2022,8,Nou Barris,50,les Roquetes,67,517.21,15844.0,773,316,40.88,0.0326,Affordable
2022,8,Nou Barris,50,les Roquetes,68,510.94,13577.0,743,350,47.11,0.0376,Moderate
2022,8,Nou Barris,50,les Roquetes,69,515.82,13900.0,629,303,48.17,0.0371,Moderate
2022,8,Nou Barris,50,les Roquetes,70,495.07,13588.0,611,352,57.61,0.0364,Affordable
2022,8,Nou Barris,50,les Roquetes,71,508.09,14665.0,701,354,50.5,0.0346,Affordable
2022,8,Nou Barris,50,les Roquetes,72,502.13,16226.0,504,206,40.87,0.0309,Affordable
2022,8,Nou Barris,50,les Roquetes,73,452.58,12531.0,839,813,96.9,0.0361,Affordable
2022,8,Nou Barris,50,les Roquetes,74,525.44,13673.0,708,432,61.02,0.0384,Moderate
2022,8,Nou Barris,51,Verdun,75,668.2,15927.0,948,645,68.04,0.042,Pressured
2022,8,Nou Barris,51,Verdun,76,652.77,16526.0,783,462,59.0,0.0395,Moderate
2022,8,Nou Barris,51,Verdun,77,639.15,13873.0,609,77,12.64,0.0461,Critical
2022,8,Nou Barris,51,Verdun,78,510.82,14750.0,799,632,79.1,0.0346,Affordable
2022,8,Nou Barris,51,Verdun,79,604.77,14573.0,657,432,65.75,0.0415,Pressured
2022,8,Nou Barris,51,Verdun,80,634.09,15570.0,700,442,63.14,0.0407,Pressured
2022,8,Nou Barris,51,Verdun,81,615.97,13872.0,665,336,50.53,0.0444,Critical
2022,8,Nou Barris,51,Verdun,82,653.94,16018.0,786,466,59.29,0.0408,Pressured
2022,8,Nou Barris,52,la Prosperitat,83,653.35,16120.0,597,424,71.02,0.0405,Pressured
2022,8,Nou Barris,52,la Prosperitat,84,649.84,17480.0,490,158,32.24,0.0372,Moderate
2022,8,Nou Barris,52,la Prosperitat,85,602.84,16020.0,655,398,60.76,0.0376,Moderate
2022,8,Nou Barris,52,la Prosperitat,86,655.46,16763.0,781,443,56.72,0.0391,Moderate
2022,8,Nou Barris,52,la Prosperitat,87,618.87,16875.0,614,407,66.29,0.0367,Affordable
2022,8,Nou Barris,52,la Prosperitat,88,644.83,16395.0,580,330,56.9,0.0393,Moderate
2022,8,Nou Barris,52,la Prosperitat,89,645.14,17192.0,588,289,49.15,0.0375,Moderate
2022,8,Nou Barris,52,la Prosperitat,90,724.74,17676.0,581,290,49.91,0.041,Pressured
2022,8,Nou Barris,52,la Prosperitat,91,620.05,17330.0,564,279,49.47,0.0358,Affordable
2022,8,Nou Barris,52,la Prosperitat,92,685.26,18226.0,455,215,47.25,0.0376,Moderate
2022,8,Nou Barris,52,la Prosperitat,93,618.56,16444.0,599,394,65.78,0.0376,Moderate
2022,8,Nou Barris,52,la Prosperitat,94,657.71,17553.0,662,302,45.62,0.0375,Moderate
2022,8,Nou Barris,52,la Prosperitat,95,744.14,20457.0,495,0,0.0,0.0364,Affordable
2022,8,Nou Barris,52,la Prosperitat,96,687.5,17424.0,650,232,35.69,0.0395,Moderate
2022,8,Nou Barris,52,la Prosperitat,97,713.28,16585.0,600,318,53.0,0.043,Pressured
2022,8,Nou Barris,52,la Prosperitat,98,612.51,15885.0,562,320,56.94,0.0386,Moderate
2022,8,Nou Barris,52,la Prosperitat,99,619.01,15910.0,659,399,60.55,0.0389,Moderate
2022,8,Nou Barris,52,la Prosperitat,100,646.81,16303.0,618,350,56.63,0.0397,Moderate
2022,8,Nou Barris,52,la Prosperitat,101,710.25,17362.0,764,366,47.91,0.0409,Pressured
2022,8,Nou Barris,52,la Prosperitat,102,678.3,14765.0,700,483,69.0,0.0459,Critical
2022,8,Nou Barris,53,la Trinitat Nova,103,425.08,12476.0,757,731,96.57,0.0341,Affordable
2022,8,Nou Barris,53,la Trinitat Nova,104,491.75,14232.0,558,302,54.12,0.0346,Affordable
2022,8,Nou Barris,53,la Trinitat Nova,105,464.27,14512.0,719,211,29.35,0.032,Affordable
2022,8,Nou Barris,53,la Trinitat Nova,106,421.58,13229.0,607,155,25.54,0.0319,Affordable
2022,8,Nou Barris,53,la Trinitat Nova,107,592.09,14515.0,826,220,26.63,0.0408,Pressured
2022,8,Nou Barris,54,Torre Baró,108,464.81,12951.0,1138,519,45.61,0.0359,Affordable
2022,8,Nou Barris,54,Torre Baró,109,313.25,12687.0,565,309,54.69,0.0247,Affordable
2022,8,Nou Barris,55,Ciutat Meridiana,110,388.1,10703.0,745,705,94.63,0.0363,Affordable
2022,8,Nou Barris,55,Ciutat Meridiana,111,395.14,11465.0,607,394,64.91,0.0345,Affordable
2022,8,Nou Barris,55,Ciutat Meridiana,112,389.95,12000.0,603,284,47.1,0.0325,Affordable
2022,8,Nou Barris,55,Ciutat Meridiana,113,395.2,11690.0,647,352,54.4,0.0338,Affordable
2022,8,Nou Barris,55,Ciutat Meridiana,114,398.91,12653.0,705,639,90.64,0.0315,Affordable
2022,8,Nou Barris,55,Ciutat Meridiana,115,393.58,12268.0,650,413,63.54,0.0321,Affordable
2022,8,Nou Barris,56,Vallbona,116,382.99,13420.0,844,363,43.01,0.0285,Affordable
2022,9,Sant Andreu,57,la Trinitat Vella,1,448.9,11277.0,1051,716,68.13,0.0398,Moderate
2022,9,Sant Andreu,57,la Trinitat Vella,2,459.82,12393.0,844,466,55.21,0.0371,Moderate
2022,9,Sant Andreu,57,la Trinitat Vella,3,466.16,13022.0,852,469,55.05,0.0358,Affordable
2022,9,Sant Andreu,57,la Trinitat Vella,4,479.6,13679.0,695,386,55.54,0.0351,Affordable
2022,9,Sant Andreu,57,la Trinitat Vella,5,537.37,17357.0,756,244,32.28,0.031,Affordable
2022,9,Sant Andreu,58,Baró de Viver,6,389.68,14087.0,503,5,0.99,0.0277,Affordable
2022,9,Sant Andreu,58,Baró de Viver,7,410.22,13270.0,609,210,34.48,0.0309,Affordable
2022,9,Sant Andreu,59,el Bon Pastor,8,1042.86,24696.0,784,93,11.86,0.0422,Pressured
2022,9,Sant Andreu,59,el Bon Pastor,9,718.55,19108.0,605,201,33.22,0.0376,Moderate
2022,9,Sant Andreu,59,el Bon Pastor,10,634.08,17028.0,775,97,12.52,0.0372,Moderate
2022,9,Sant Andreu,59,el Bon Pastor,11,508.13,14841.0,1039,636,61.21,0.0342,Affordable
2022,9,Sant Andreu,59,el Bon Pastor,13,501.57,12416.0,805,217,26.96,0.0404,Moderate
2022,9,Sant Andreu,59,el Bon Pastor,14,507.69,14732.0,676,425,62.87,0.0345,Affordable
2022,9,Sant Andreu,59,el Bon Pastor,15,530.85,14743.0,820,403,49.15,0.036,Affordable
2022,9,Sant Andreu,60,Sant Andreu,16,824.55,21314.0,566,96,16.96,0.0387,Moderate
2022,9,Sant Andreu,60,Sant Andreu,17,859.67,22016.0,717,277,38.63,0.039,Moderate
2022,9,Sant Andreu,60,Sant Andreu,18,884.68,20929.0,644,119,18.48,0.0423,Pressured
2022,9,Sant Andreu,60,Sant Andreu,19,872.5,22931.0,1047,17,1.62,0.038,Moderate
2022,9,Sant Andreu,60,Sant Andreu,20,853.28,22242.0,564,127,22.52,0.0384,Moderate
2022,9,Sant Andreu,60,Sant Andreu,21,878.67,23321.0,755,242,32.05,0.0377,Moderate
2022,9,Sant Andreu,60,Sant Andreu,22,817.57,24586.0,744,319,42.88,0.0333,Affordable
2022,9,Sant Andreu,60,Sant Andreu,23,820.37,23648.0,741,375,50.61,0.0347,Affordable
2022,9,Sant Andreu,60,Sant Andreu,24,866.18,23373.0,556,108,19.42,0.0371,Moderate
2022,9,Sant Andreu,60,Sant Andreu,25,844.12,23950.0,736,220,29.89,0.0352,Affordable
2022,9,Sant Andreu,60,Sant Andreu,26,853.65,24432.0,716,135,18.85,0.0349,Affordable
2022,9,Sant Andreu,60,Sant Andreu,27,846.5,23471.0,563,59,10.48,0.0361,Affordable
2022,9,Sant Andreu,60,Sant Andreu,28,986.17,26624.0,611,45,7.36,0.037,Moderate
2022,9,Sant Andreu,60,Sant Andreu,29,814.86,21277.0,525,123,23.43,0.0383,Moderate
2022,9,Sant Andreu,60,Sant Andreu,30,930.38,23353.0,643,212,32.97,0.0398,Moderate
2022,9,Sant Andreu,60,Sant Andreu,31,1003.59,23746.0,491,116,23.63,0.0423,Pressured
2022,9,Sant Andreu,60,Sant Andreu,32,793.12,18070.0,942,124,13.16,0.0439,Pressured
2022,9,Sant Andreu,60,Sant Andreu,33,788.53,21203.0,1576,597,37.88,0.0372,Moderate
2022,9,Sant Andreu,60,Sant Andreu,34,751.37,18569.0,666,169,25.38,0.0405,Pressured
2022,9,Sant Andreu,60,Sant Andreu,35,746.33,21231.0,796,363,45.6,0.0352,Affordable
2022,9,Sant Andreu,60,Sant Andreu,36,794.69,22005.0,631,116,18.38,0.0361,Affordable
2022,9,Sant Andreu,60,Sant Andreu,37,825.11,18399.0,804,503,62.56,0.0448,Critical
2022,9,Sant Andreu,60,Sant Andreu,38,863.74,22418.0,768,105,13.67,0.0385,Moderate
2022,9,Sant Andreu,60,Sant Andreu,39,824.18,21937.0,802,339,42.27,0.0376,Moderate
2022,9,Sant Andreu,60,Sant Andreu,40,872.87,23237.0,960,459,47.81,0.0376,Moderate
2022,9,Sant Andreu,60,Sant Andreu,41,835.54,20990.0,799,328,41.05,0.0398,Moderate
2022,9,Sant Andreu,60,Sant Andreu,42,806.55,23540.0,766,298,38.9,0.0343,Affordable
2022,9,Sant Andreu,60,Sant Andreu,43,843.56,21034.0,818,487,59.54,0.0401,Moderate
2022,9,Sant Andreu,60,Sant Andreu,44,814.9,22297.0,1000,562,56.2,0.0365,Affordable
2022,9,Sant Andreu,60,Sant Andreu,45,848.7,22165.0,762,343,45.01,0.0383,Moderate
2022,9,Sant Andreu,60,Sant Andreu,46,847.12,23688.0,723,246,34.02,0.0358,Affordable
2022,9,Sant Andreu,60,Sant Andreu,47,822.34,23996.0,1048,513,48.95,0.0343,Affordable
2022,9,Sant Andreu,60,Sant Andreu,48,850.62,21629.0,647,180,27.82,0.0393,Moderate
2022,9,Sant Andreu,60,Sant Andreu,49,860.36,20657.0,564,125,22.16,0.0416,Pressured
2022,9,Sant Andreu,60,Sant Andreu,50,857.9,22618.0,856,342,39.95,0.0379,Moderate
2022,9,Sant Andreu,60,Sant Andreu,51,834.7,23330.0,803,344,42.84,0.0358,Affordable
2022,9,Sant Andreu,60,Sant Andreu,52,843.67,22080.0,589,132,22.41,0.0382,Moderate
2022,9,Sant Andreu,60,Sant Andreu,53,864.1,23773.0,941,282,29.97,0.0363,Affordable
2022,9,Sant Andreu,60,Sant Andreu,54,859.72,23239.0,535,15,2.8,0.037,Moderate
2022,9,Sant Andreu,61,la Sagrera,55,743.78,17337.0,656,0,0.0,0.0429,Pressured
2022,9,Sant Andreu,61,la Sagrera,56,873.66,21923.0,522,21,4.02,0.0399,Moderate
2022,9,Sant Andreu,61,la Sagrera,57,816.17,19893.0,764,119,15.58,0.041,Pressured
2022,9,Sant Andreu,61,la Sagrera,58,912.6,22175.0,797,311,39.02,0.0412,Pressured
2022,9,Sant Andreu,61,la Sagrera,59,886.67,21973.0,680,282,41.47,0.0404,Moderate
2022,9,Sant Andreu,61,la Sagrera,60,871.53,20304.0,731,247,33.79,0.0429,Pressured
2022,9,Sant Andreu,61,la Sagrera,61,948.67,23549.0,749,173,23.1,0.0403,Moderate
2022,9,Sant Andreu,61,la Sagrera,62,968.52,22296.0,739,312,42.22,0.0434,Pressured
2022,9,Sant Andreu,61,la Sagrera,63,970.62,24254.0,583,198,33.96,0.04,Moderate
2022,9,Sant Andreu,61,la Sagrera,64,851.14,21811.0,490,2,0.41,0.039,Moderate
2022,9,Sant Andreu,61,la Sagrera,65,851.15,20264.0,883,81,9.17,0.042,Pressured
2022,9,Sant Andreu,61,la Sagrera,66,896.8,23978.0,643,70,10.89,0.0374,Moderate
2022,9,Sant Andreu,61,la Sagrera,67,848.79,19402.0,696,184,26.44,0.0437,Pressured
2022,9,Sant Andreu,61,la Sagrera,68,882.25,22022.0,722,126,17.45,0.0401,Moderate
2022,9,Sant Andreu,61,la Sagrera,69,823.48,20853.0,440,0,0.0,0.0395,Moderate
2022,9,Sant Andreu,61,la Sagrera,70,766.36,15935.0,837,704,84.11,0.0481,Critical
2022,9,Sant Andreu,61,la Sagrera,71,770.47,19497.0,845,240,28.4,0.0395,Moderate
2022,9,Sant Andreu,61,la Sagrera,72,719.03,17767.0,729,476,65.29,0.0405,Pressured
2022,9,Sant Andreu,61,la Sagrera,73,801.47,21485.0,651,45,6.91,0.0373,Moderate
2022,9,Sant Andreu,61,la Sagrera,156,734.82,19372.0,524,0,0.0,0.0379,Moderate
2022,9,Sant Andreu,62,el Congrés i els Indians,74,763.95,19705.0,818,153,18.7,0.0388,Moderate
2022,9,Sant Andreu,62,el Congrés i els Indians,75,720.21,19142.0,644,116,18.01,0.0376,Moderate
2022,9,Sant Andreu,62,el Congrés i els Indians,76,760.28,19956.0,722,52,7.2,0.0381,Moderate
2022,9,Sant Andreu,62,el Congrés i els Indians,77,781.16,21565.0,815,243,29.82,0.0362,Affordable
2022,9,Sant Andreu,62,el Congrés i els Indians,78,796.45,21894.0,697,230,33.0,0.0364,Affordable
2022,9,Sant Andreu,62,el Congrés i els Indians,79,813.47,21693.0,822,290,35.28,0.0375,Moderate
2022,9,Sant Andreu,62,el Congrés i els Indians,80,802.88,22030.0,663,157,23.68,0.0364,Affordable
2022,9,Sant Andreu,62,el Congrés i els Indians,81,821.07,21234.0,896,380,42.41,0.0387,Moderate
2022,9,Sant Andreu,62,el Congrés i els Indians,82,779.85,20410.0,1002,364,36.33,0.0382,Moderate
2022,9,Sant Andreu,63,Navas,83,792.65,21167.0,846,254,30.02,0.0374,Moderate
2022,9,Sant Andreu,63,Navas,84,815.6,22999.0,895,151,16.87,0.0355,Affordable
2022,9,Sant Andreu,63,Navas,85,789.29,21830.0,834,186,22.3,0.0362,Affordable
2022,9,Sant Andreu,63,Navas,86,763.02,20936.0,670,138,20.6,0.0364,Affordable
2022,9,Sant Andreu,63,Navas,87,801.85,23036.0,576,34,5.9,0.0348,Affordable
2022,9,Sant Andreu,63,Navas,88,833.39,19745.0,980,383,39.08,0.0422,Pressured
2022,9,Sant Andreu,63,Navas,89,737.26,20243.0,720,236,32.78,0.0364,Affordable
2022,9,Sant Andreu,63,Navas,90,832.67,19808.0,715,141,19.72,0.042,Pressured
2022,9,Sant Andreu,63,Navas,91,844.9,21198.0,815,64,7.85,0.0399,Moderate
2022,9,Sant Andreu,63,Navas,92,848.87,21636.0,838,82,9.79,0.0392,Moderate
2022,9,Sant Andreu,63,Navas,93,853.43,21622.0,586,68,11.6,0.0395,Moderate
2022,9,Sant Andreu,63,Navas,94,866.74,21764.0,929,111,11.95,0.0398,Moderate
2022,9,Sant Andreu,63,Navas,95,880.46,21868.0,984,174,17.68,0.0403,Moderate
2022,10,Sant Martí,64,Camp de l'Arpa del Clot,1,832.61,19961.0,796,288,36.18,0.0417,Pressured
2022,10,Sant Martí,64,Camp de l'Arpa del Clot,2,847.2,21259.0,917,347,37.84,0.0399,Moderate
2022,10,Sant Martí,64,Camp de l'Arpa del Clot,3,860.46,21904.0,832,363,43.63,0.0393,Moderate
2022,10,Sant Martí,64,Camp de l'Arpa del Clot,4,840.64,21144.0,752,208,27.66,0.0398,Moderate
2022,10,Sant Martí,64,Camp de l'Arpa del Clot,5,886.09,22222.0,774,222,28.68,0.0399,Moderate
2022,10,Sant Martí,64,Camp de l'Arpa del Clot,6,862.61,24482.0,954,243,25.47,0.0352,Affordable
2022,10,Sant Martí,64,Camp de l'Arpa del Clot,7,875.13,28803.0,676,87,12.87,0.0304,Affordable
2022,10,Sant Martí,64,Camp de l'Arpa del Clot,8,912.0,22879.0,985,402,40.81,0.0399,Moderate
2022,10,Sant Martí,64,Camp de l'Arpa del Clot,9,895.88,23043.0,937,417,44.5,0.0389,Moderate
2022,10,Sant Martí,64,Camp de l'Arpa del Clot,10,873.14,21641.0,994,440,44.27,0.0403,Moderate
2022,10,Sant Martí,64,Camp de l'Arpa del Clot,11,945.81,24347.0,673,218,32.39,0.0388,Moderate
2022,10,Sant Martí,64,Camp de l'Arpa del Clot,12,903.95,23365.0,912,216,23.68,0.0387,Moderate
2022,10,Sant Martí,64,Camp de l'Arpa del Clot,13,847.47,22895.0,762,257,33.73,0.037,Moderate
2022,10,Sant Martí,64,Camp de l'Arpa del Clot,14,853.34,22218.0,782,191,24.42,0.0384,Moderate
2022,10,Sant Martí,64,Camp de l'Arpa del Clot,15,930.99,22038.0,986,203,20.59,0.0422,Pressured
2022,10,Sant Martí,64,Camp de l'Arpa del Clot,16,914.42,23922.0,610,166,27.21,0.0382,Moderate
2022,10,Sant Martí,64,Camp de l'Arpa del Clot,17,878.42,22146.0,851,127,14.92,0.0397,Moderate
2022,10,Sant Martí,64,Camp de l'Arpa del Clot,18,857.58,20701.0,806,364,45.16,0.0414,Pressured
2022,10,Sant Martí,64,Camp de l'Arpa del Clot,19,875.39,22131.0,773,192,24.84,0.0396,Moderate
2022,10,Sant Martí,64,Camp de l'Arpa del Clot,20,827.71,20356.0,700,198,28.29,0.0407,Pressured
2022,10,Sant Martí,64,Camp de l'Arpa del Clot,21,827.0,19977.0,677,223,32.94,0.0414,Pressured
2022,10,Sant Martí,64,Camp de l'Arpa del Clot,22,837.52,21967.0,756,308,40.74,0.0381,Moderate
2022,10,Sant Martí,64,Camp de l'Arpa del Clot,23,830.95,21595.0,754,308,40.85,0.0385,Moderate
2022,10,Sant Martí,64,Camp de l'Arpa del Clot,24,858.09,22711.0,765,356,46.54,0.0378,Moderate
2022,10,Sant Martí,64,Camp de l'Arpa del Clot,25,868.69,21551.0,706,269,38.1,0.0403,Moderate
2022,10,Sant Martí,65,el Clot,26,904.04,23784.0,812,261,32.14,0.038,Moderate
2022,10,Sant Martí,65,el Clot,27,891.45,22318.0,768,254,33.07,0.0399,Moderate
2022,10,Sant Martí,65,el Clot,28,895.38,21169.0,808,265,32.8,0.0423,Pressured
2022,10,Sant Martí,65,el Clot,29,855.49,20908.0,637,139,21.82,0.0409,Pressured
2022,10,Sant Martí,65,el Clot,30,856.55,21166.0,758,44,5.8,0.0405,Pressured
2022,10,Sant Martí,65,el Clot,31,874.17,21701.0,825,475,57.58,0.0403,Moderate
2022,10,Sant Martí,65,el Clot,32,831.22,23539.0,629,124,19.71,0.0353,Affordable
2022,10,Sant Martí,65,el Clot,33,924.12,24547.0,423,96,22.7,0.0376,Moderate
2022,10,Sant Martí,65,el Clot,34,870.75,20932.0,786,135,17.18,0.0416,Pressured
2022,10,Sant Martí,65,el Clot,35,1005.08,23664.0,778,129,16.58,0.0425,Pressured
2022,10,Sant Martí,65,el Clot,36,962.49,24463.0,639,211,33.02,0.0393,Moderate
2022,10,Sant Martí,65,el Clot,37,854.16,17614.0,452,56,12.39,0.0485,Critical
2022,10,Sant Martí,65,el Clot,38,868.52,23076.0,822,188,22.87,0.0376,Moderate
2022,10,Sant Martí,65,el Clot,39,845.81,20676.0,906,222,24.5,0.0409,Pressured
2022,10,Sant Martí,65,el Clot,40,875.75,21704.0,908,364,40.09,0.0403,Moderate
2022,10,Sant Martí,65,el Clot,41,874.4,22296.0,786,174,22.14,0.0392,Moderate
2022,10,Sant Martí,65,el Clot,234,918.12,21047.0,805,22,2.73,0.0436,Pressured
2022,10,Sant Martí,66,el Parc i la Llacuna del Poblenou,42,904.03,20128.0,1584,453,28.6,0.0449,Critical
2022,10,Sant Martí,66,el Parc i la Llacuna del Poblenou,43,698.61,22526.0,1109,340,30.66,0.031,Affordable
2022,10,Sant Martí,66,el Parc i la Llacuna del Poblenou,44,802.11,22594.0,802,176,21.95,0.0355,Affordable
2022,10,Sant Martí,66,el Parc i la Llacuna del Poblenou,45,1062.88,25267.0,595,81,13.61,0.0421,Pressured
2022,10,Sant Martí,66,el Parc i la Llacuna del Poblenou,46,1068.29,24875.0,641,112,17.47,0.0429,Pressured
2022,10,Sant Martí,66,el Parc i la Llacuna del Poblenou,47,1132.47,24245.0,799,100,12.52,0.0467,Critical
2022,10,Sant Martí,66,el Parc i la Llacuna del Poblenou,48,977.24,25433.0,866,242,27.94,0.0384,Moderate
2022,10,Sant Martí,66,el Parc i la Llacuna del Poblenou,49,899.04,22686.0,601,62,10.32,0.0396,Moderate
2022,10,Sant Martí,66,el Parc i la Llacuna del Poblenou,50,955.58,24492.0,725,40,5.52,0.039,Moderate
2022,10,Sant Martí,67,la Vila Olímpica del Poblenou,51,1212.99,24673.0,740,94,12.7,0.0492,Critical
2022,10,Sant Martí,67,la Vila Olímpica del Poblenou,52,1277.38,32434.0,1328,604,45.48,0.0394,Moderate
2022,10,Sant Martí,67,la Vila Olímpica del Poblenou,53,1398.23,39389.0,978,326,33.33,0.0355,Affordable
2022,10,Sant Martí,67,la Vila Olímpica del Poblenou,54,1188.91,30270.0,488,42,8.61,0.0393,Moderate
2022,10,Sant Martí,67,la Vila Olímpica del Poblenou,55,1508.97,33672.0,1156,64,5.54,0.0448,Critical
2022,10,Sant Martí,68,el Poblenou,56,513.52,21064.0,1096,514,46.9,0.0244,Affordable
2022,10,Sant Martí,68,el Poblenou,57,585.2,21136.0,780,390,50.0,0.0277,Affordable
2022,10,Sant Martí,68,el Poblenou,58,556.38,21303.0,587,264,44.97,0.0261,Affordable
2022,10,Sant Martí,68,el Poblenou,59,1458.42,24881.0,1077,518,48.1,0.0586,Critical
2022,10,Sant Martí,68,el Poblenou,60,1025.09,21734.0,981,455,46.38,0.0472,Critical
2022,10,Sant Martí,68,el Poblenou,61,1021.72,24864.0,874,145,16.59,0.0411,Pressured
2022,10,Sant Martí,68,el Poblenou,62,1030.01,23579.0,750,109,14.53,0.0437,Pressured
2022,10,Sant Martí,68,el Poblenou,63,1058.42,24047.0,567,128,22.57,0.044,Pressured
2022,10,Sant Martí,68,el Poblenou,64,946.97,25068.0,912,227,24.89,0.0378,Moderate
2022,10,Sant Martí,68,el Poblenou,65,1025.0,24311.0,826,189,22.88,0.0422,Pressured
2022,10,Sant Martí,68,el Poblenou,66,1035.31,24252.0,970,242,24.95,0.0427,Pressured
2022,10,Sant Martí,68,el Poblenou,67,1284.38,31046.0,769,88,11.44,0.0414,Pressured
2022,10,Sant Martí,68,el Poblenou,68,1214.07,26477.0,659,76,11.53,0.0459,Critical
2022,10,Sant Martí,68,el Poblenou,69,1080.43,27283.0,1274,562,44.11,0.0396,Moderate
2022,10,Sant Martí,68,el Poblenou,70,1031.75,22648.0,861,431,50.06,0.0456,Critical
2022,10,Sant Martí,68,el Poblenou,71,1147.7,25325.0,767,124,16.17,0.0453,Critical
2022,10,Sant Martí,68,el Poblenou,72,1046.91,23180.0,1051,403,38.34,0.0452,Critical
2022,10,Sant Martí,68,el Poblenou,73,1003.42,20956.0,707,206,29.14,0.0479,Critical
2022,10,Sant Martí,68,el Poblenou,74,1009.78,21294.0,840,321,38.21,0.0474,Critical
2022,10,Sant Martí,68,el Poblenou,75,1024.44,20981.0,704,252,35.8,0.0488,Critical
2022,10,Sant Martí,69,Diagonal Mar i el Front Marítim del Poblenou,76,996.36,25619.0,861,227,26.36,0.0389,Moderate
2022,10,Sant Martí,69,Diagonal Mar i el Front Marítim del Poblenou,77,1128.57,28807.0,907,205,22.6,0.0392,Moderate
2022,10,Sant Martí,69,Diagonal Mar i el Front Marítim del Poblenou,78,1677.08,29100.0,1091,85,7.79,0.0576,Critical
2022,10,Sant Martí,69,Diagonal Mar i el Front Marítim del Poblenou,79,1301.94,24494.0,705,31,4.4,0.0532,Critical
2022,10,Sant Martí,69,Diagonal Mar i el Front Marítim del Poblenou,80,2056.74,31237.0,1302,14,1.08,0.0658,Critical
2022,10,Sant Martí,69,Diagonal Mar i el Front Marítim del Poblenou,235,846.51,18576.0,675,227,33.63,0.0456,Critical
2022,10,Sant Martí,69,Diagonal Mar i el Front Marítim del Poblenou,236,817.74,19369.0,789,71,9.0,0.0422,Pressured
2022,10,Sant Martí,70,el Besòs i el Maresme,81,678.41,16780.0,1006,487,48.41,0.0404,Moderate
2022,10,Sant Martí,70,el Besòs i el Maresme,82,436.4,10515.0,723,664,91.84,0.0415,Pressured
2022,10,Sant Martí,70,el Besòs i el Maresme,83,454.11,9572.0,791,635,80.28,0.0474,Critical
2022,10,Sant Martí,70,el Besòs i el Maresme,84,488.95,12536.0,653,424,64.93,0.039,Moderate
2022,10,Sant Martí,70,el Besòs i el Maresme,85,466.2,11679.0,871,461,52.93,0.0399,Moderate
2022,10,Sant Martí,70,el Besòs i el Maresme,86,507.85,13735.0,954,447,46.86,0.037,Moderate
2022,10,Sant Martí,70,el Besòs i el Maresme,87,485.09,13547.0,780,182,23.33,0.0358,Affordable
2022,10,Sant Martí,70,el Besòs i el Maresme,88,739.48,18730.0,697,20,2.87,0.0395,Moderate
2022,10,Sant Martí,70,el Besòs i el Maresme,89,449.6,13692.0,721,469,65.05,0.0328,Affordable
2022,10,Sant Martí,70,el Besòs i el Maresme,90,496.63,15516.0,599,16,2.67,0.032,Affordable
2022,10,Sant Martí,70,el Besòs i el Maresme,91,511.91,17489.0,892,52,5.83,0.0293,Affordable
2022,10,Sant Martí,70,el Besòs i el Maresme,92,824.28,20616.0,618,1,0.16,0.04,Moderate
2022,10,Sant Martí,70,el Besòs i el Maresme,93,535.77,21547.0,563,45,7.99,0.0249,Affordable
2022,10,Sant Martí,71,Provençals del Poblenou,94,878.37,23220.0,1551,445,28.69,0.0378,Moderate
2022,10,Sant Martí,71,Provençals del Poblenou,95,959.5,19213.0,603,231,38.31,0.0499,Critical
2022,10,Sant Martí,71,Provençals del Poblenou,96,1039.5,24078.0,703,44,6.26,0.0432,Pressured
2022,10,Sant Martí,71,Provençals del Poblenou,97,999.87,24989.0,707,127,17.96,0.04,Moderate
2022,10,Sant Martí,71,Provençals del Poblenou,98,989.14,23393.0,685,12,1.75,0.0423,Pressured
2022,10,Sant Martí,71,Provençals del Poblenou,99,1029.28,16386.0,430,8,1.86,0.0628,Critical
2022,10,Sant Martí,71,Provençals del Poblenou,100,545.64,18450.0,780,85,10.9,0.0296,Affordable
2022,10,Sant Martí,71,Provençals del Poblenou,101,691.04,18647.0,728,164,22.53,0.0371,Moderate
2022,10,Sant Martí,71,Provençals del Poblenou,102,696.79,18409.0,1186,106,8.94,0.0379,Moderate
2022,10,Sant Martí,71,Provençals del Poblenou,103,734.66,20021.0,956,50,5.23,0.0367,Affordable
2022,10,Sant Martí,71,Provençals del Poblenou,104,733.48,22703.0,635,0,0.0,0.0323,Affordable
2022,10,Sant Martí,71,Provençals del Poblenou,237,698.07,17676.0,427,224,52.46,0.0395,Moderate
2022,10,Sant Martí,72,Sant Martí de Provençals,105,770.3,20822.0,950,285,30.0,0.037,Moderate
2022,10,Sant Martí,72,Sant Martí de Provençals,106,706.62,20250.0,464,74,15.95,0.0349,Affordable
2022,10,Sant Martí,72,Sant Martí de Provençals,107,779.21,24358.0,699,102,14.59,0.032,Affordable
2022,10,Sant Martí,72,Sant Martí de Provençals,108,738.84,19937.0,623,90,14.45,0.0371,Moderate
2022,10,Sant Martí,72,Sant Martí de Provençals,109,694.56,18685.0,706,146,20.68,0.0372,Moderate
2022,10,Sant Martí,72,Sant Martí de Provençals,110,697.03,18420.0,759,153,20.16,0.0378,Moderate
2022,10,Sant Martí,72,Sant Martí de Provençals,111,697.84,19560.0,586,21,3.58,0.0357,Affordable
2022,10,Sant Martí,72,Sant Martí de Provençals,112,642.06,23056.0,632,1,0.16,0.0278,Affordable
2022,10,Sant Martí,72,Sant Martí de Provençals,113,658.61,19093.0,518,17,3.28,0.0345,Affordable
2022,10,Sant Martí,72,Sant Martí de Provençals,114,628.79,16398.0,640,2,0.31,0.0383,Moderate
2022,10,Sant Martí,72,Sant Martí de Provençals,115,649.84,18000.0,622,19,3.05,0.0361,Affordable
2022,10,Sant Martí,72,Sant Martí de Provençals,116,622.35,17523.0,868,264,30.41,0.0355,Affordable
2022,10,Sant Martí,72,Sant Martí de Provençals,117,649.71,19259.0,568,1,0.18,0.0337,Affordable
2022,10,Sant Martí,72,Sant Martí de Provençals,118,695.13,23501.0,409,1,0.24,0.0296,Affordable
2022,10,Sant Martí,72,Sant Martí de Provençals,119,690.53,17443.0,577,448,77.64,0.0396,Moderate
2022,10,Sant Martí,72,Sant Martí de Provençals,120,668.69,18414.0,752,74,9.84,0.0363,Affordable
2022,10,Sant Martí,72,Sant Martí de Provençals,121,662.76,17734.0,733,157,21.42,0.0374,Moderate
2022,10,Sant Martí,72,Sant Martí de Provençals,122,710.08,22071.0,611,0,0.0,0.0322,Affordable
2022,10,Sant Martí,73,la Verneda i la Pau,123,701.94,20091.0,593,175,29.51,0.0349,Affordable
2022,10,Sant Martí,73,la Verneda i la Pau,124,755.81,20263.0,462,1,0.22,0.0373,Moderate
2022,10,Sant Martí,73,la Verneda i la Pau,125,729.49,18186.0,490,40,8.16,0.0401,Moderate
2022,10,Sant Martí,73,la Verneda i la Pau,126,569.22,19505.0,440,7,1.59,0.0292,Affordable
2022,10,Sant Martí,73,la Verneda i la Pau,127,824.8,20864.0,435,145,33.33,0.0395,Moderate
2022,10,Sant Martí,73,la Verneda i la Pau,128,744.28,21346.0,742,28,3.77,0.0349,Affordable
2022,10,Sant Martí,73,la Verneda i la Pau,129,684.5,21053.0,479,0,0.0,0.0325,Affordable
2022,10,Sant Martí,73,la Verneda i la Pau,130,618.92,19804.0,581,1,0.17,0.0313,Affordable
2022,10,Sant Martí,73,la Verneda i la Pau,131,685.65,23106.0,438,4,0.91,0.0297,Affordable
2022,10,Sant Martí,73,la Verneda i la Pau,132,627.34,17613.0,524,1,0.19,0.0356,Affordable
2022,10,Sant Martí,73,la Verneda i la Pau,133,628.87,17163.0,866,124,14.32,0.0366,Affordable
2022,10,Sant Martí,73,la Verneda i la Pau,134,621.0,17326.0,796,546,68.59,0.0358,Affordable
2022,10,Sant Martí,73,la Verneda i la Pau,135,612.18,17668.0,562,56,9.96,0.0346,Affordable
2022,10,Sant Martí,73,la Verneda i la Pau,136,498.18,17681.0,600,9,1.5,0.0282,Affordable
2022,10,Sant Martí,73,la Verneda i la Pau,137,479.08,16165.0,645,37,5.74,0.0296,Affordable
2022,10,Sant Martí,73,la Verneda i la Pau,138,490.07,14054.0,776,442,56.96,0.0349,Affordable
2022,10,Sant Martí,73,la Verneda i la Pau,139,495.52,15838.0,766,546,71.28,0.0313,Affordable
2022,10,Sant Martí,73,la Verneda i la Pau,140,464.78,15926.0,691,161,23.3,0.0292,Affordable
2022,10,Sant Martí,73,la Verneda i la Pau,141,525.66,16256.0,473,90,19.03,0.0323,Affordable
2022,10,Sant Martí,73,la Verneda i la Pau,142,501.48,15399.0,672,327,48.66,0.0326,Affordable
2022,10,Sant Martí,73,la Verneda i la Pau,143,454.29,16402.0,1046,476,45.51,0.0277,Affordable
